id,title,category,subcategory,lab_type,risk_level,hazard_types,scenario,question,answer,steps,ppe,forbidden,disposal,first_aid,emergency,legal_notes,references,source_type,source_title,source_org,source_version,source_date,source_url,last_updated,reviewer,status,tags,language
KB-1001,实验室安全-通风柜使用,化学,通风柜,化学,2,挥发性;刺激性,处理挥发性或有毒溶剂,通风柜什么时候必须开启？,处理挥发性、刺激性或有毒溶剂时必须开启通风柜，操作时保持前窗在安全刻度内并确认风速报警正常。,检查风速与报警状态;前窗降至安全刻度;在柜内操作;结束后延迟关闭,护目镜;实验服;手套,禁止将头部伸入柜内;禁止在柜内长期存放大量化学品,按MSDS分类收集,如吸入不适，移至通风处并就医,发生大量泄漏按应急预案处理,遵守实验室安全管理制度,SOP-通风柜使用（待补充）,SOP,危险化学品安全管理条例（国务院令第591号）,国务院/应急管理部,待补充,,https://www.gov.cn/gongbao/content/2011/content_1825120.htm,2026-03-11,,draft,通风柜;溶剂,zh-CN
KB-1002,危化品-乙醇储存,危化品,储存,化学,3,易燃,乙醇存放与使用,乙醇应如何储存？,乙醇应存放于防火安全柜内，远离热源与明火，容器密闭并贴有清晰标签。,检查容器密封;放入防火柜;远离点火源;标识清楚,护目镜;实验服;手套,禁止靠近明火;禁止与强氧化剂混放,有机废液桶;禁止下水道,溅入眼睛立即冲洗并就医,火情按应急预案处理,遵循危化品管理规定,MSDS-乙醇（待补充）,MSDS,化学品安全数据说明书（SDS）-乙醇,应急管理部化学品登记中心,待补充,,https://www.merck.com/products/safety-data-sheets/,2026-03-11,,draft,乙醇;易燃,zh-CN
KB-1003,废液处置-有机溶剂,化学,废液处置,化学,3,有机溶剂,有机溶剂废液处理,有机溶剂废液怎么处理？,有机溶剂废液应分类收集于有机废液桶，严禁倒入下水道。,确认废液类型;分类收集;按制度交由危废处置,护目镜;实验服;手套,禁止倒入水槽/下水道,有机废液桶,皮肤接触立即清洗,泄漏按应急预案处理,遵守危废管理制度,危废处置流程（待补充）,制度,危险废物污染防治技术政策,生态环境部,待补充,,https://www.mee.gov.cn/ywgz/gtfwyhxpgl/wfhgql/,2026-03-11,,draft,废液;危废,zh-CN
KB-1004,危险混合-盐酸与漂白水,化学,危险混合,化学,5,有毒气体,危险混合,盐酸和漂白水能混吗？,禁止混合，可能产生有毒气体或剧烈反应。如已混合请立即停止操作并按应急预案处理。,,护目镜;实验服;手套,禁止混合,按危废分类处理,如吸入不适立即移至通风处并就医,按应急预案处理并联系管理人员,遵守实验室安全管理制度,危化品安全制度（待补充）,制度,化学品安全数据说明书（SDS）-盐酸/次氯酸钠,应急管理部化学品登记中心,待补充,,https://www.merck.com/products/safety-data-sheets/,2026-03-11,,draft,混合禁忌;盐酸;漂白水,zh-CN
KB-1005,明火禁忌-乙醚,化学,明火禁忌,化学,4,易燃;挥发性,易燃溶剂加热,能用酒精灯加热乙醚吗？,禁止明火加热乙醚。易燃溶剂应使用水浴或电热等安全方式，并在通风条件下操作。,,护目镜;实验服;手套,禁止明火加热,有机废液桶,如吸入不适立即移至通风处,发生火情按应急预案处理,遵守实验室安全管理制度,SOP-易燃溶剂操作（待补充）,SOP,化学品安全数据说明书（SDS）-乙醚,应急管理部化学品登记中心,待补充,,https://www.merck.com/products/safety-data-sheets/,2026-03-11,,draft,易燃;明火,zh-CN
KB-1006,应急-酸液洒漏,化学,泄漏应急,化学,4,腐蚀性,酸液洒漏,酸液洒了怎么处理？,立即隔离现场，佩戴必要PPE，在安全前提下进行通风并使用合适的泄漏应急物资处理，及时报告实验室管理人员。,隔离区域并提醒他人;佩戴PPE;按应急预案处理;报告管理人员,护目镜;防酸手套;实验服,禁止徒手处理;禁止继续实验,按危废流程处置,皮肤接触立即冲洗,启动化学品泄漏应急预案,遵守应急预案,实验室应急预案（待补充）,应急预案,高等学校实验室安全规范（教育部2024）,教育部,待补充,,https://www.moe.gov.cn/srcsite/A16/moe_784/202302/t20230220_1045998.html,2026-03-11,,draft,泄漏;酸液,zh-CN
KB-1007,应急-浓酸溅手,化学,灼伤应急,化学,4,腐蚀性,浓酸溅到皮肤,浓酸溅到手上怎么办？,立即用大量清水持续冲洗，尽快脱去被污染的手套/衣物，并联系实验室管理人员或就医。,停止实验;大量清水冲洗;脱去污染物;就医/报告,护目镜;防酸手套;实验服,禁止用不明药剂直接中和,污染物按危废处理,持续冲洗并就医,按应急预案处理并报告,遵守应急预案,实验室应急预案（待补充）,应急预案,高等学校实验室安全规范（教育部2024）,教育部,待补充,,https://www.moe.gov.cn/srcsite/A16/moe_784/202302/t20230220_1045998.html,2026-03-11,,draft,灼伤;浓酸,zh-CN
KB-1008,PPE-配制溶液,化学,个人防护,化学,2,化学接触,配制溶液,做配制溶液需要哪些PPE？,一般应佩戴护目镜、实验服和合适的防化手套；若有挥发性溶剂需在通风柜内操作。,,护目镜;实验服;手套,禁止省略PPE,,皮肤接触及时清洗,按应急预案处理,遵守实验室安全管理制度,PPE规范（待补充）,制度,高等学校实验室安全规范（教育部2024）,教育部,待补充,,https://www.moe.gov.cn/srcsite/A16/moe_784/202302/t20230220_1045998.html,2026-03-11,,draft,PPE;防护,zh-CN
KB-1009,压缩气体-气瓶固定,化学,气瓶管理,化学,4,高压气体,气瓶存放,气瓶如何固定？,气瓶应使用链条或支架固定，远离热源并佩戴瓶帽；搬运与存放需符合规范。,使用链条/支架固定;远离热源;保持直立并佩戴瓶帽,手套;安全鞋,禁止倾倒;禁止靠近热源,,发生倒瓶或泄漏按应急预案处理,气体泄漏立即撤离并报告,遵守气瓶管理制度,气瓶管理制度（待补充）,制度,危险化学品安全管理条例（国务院令第591号）附：气瓶安全监察规程,国务院/应急管理部,待补充,,https://www.gov.cn/gongbao/content/2011/content_1825120.htm,2026-03-11,,draft,气瓶;高压,zh-CN
KB-1010,危废-过期试剂处理,化学,危废处置,化学,3,危废,过期试剂,过期试剂能直接倒掉吗？,不能。过期试剂应按危废分类收集并移交合规处置。,确认类别;密闭标识;交由危废处置,护目镜;实验服;手套,禁止倒入下水道;禁止随意丢弃,危废桶/危废间,接触后及时清洗,泄漏按应急预案处理,遵守危废管理制度,危废处置制度（待补充）,制度,危险废物污染防治相关规定,生态环境部,待补充,,https://www.mee.gov.cn/ywgz/gtfwyhxpgl/wfhgql/,2026-03-11,,draft,危废;过期试剂,zh-CN
KB-1011,电气-高压电源上电,电气,设备操作,电气,4,高压,高压电源启用,高压电源如何上电？,上电前应检查接地与绝缘，确认电缆与负载连接正确，按SOP进行双人确认后再上电。,检查接地与绝缘;确认连接与量程;按SOP双人确认;逐步上电,绝缘手套;护目镜,禁止带电插拔;禁止湿手操作,,触电按应急预案处理,触电或短路立即断电并报告,遵守电气安全规范,高压设备SOP（待补充）,SOP,GB/T 13869-2017 用电安全导则,国家市场监督管理总局/国家标准委,待补充,,https://openstd.samr.gov.cn/bzgk/gb/newGbInfo?hcno=0E0C42CADDB0D3E8DA27FECB80CCDE02,2026-03-11,,draft,高压;电气,zh-CN
KB-1012,应急-触电处置,电气,触电应急,电气,5,触电,触电事故,有人触电了怎么办？,先断电并确保自身安全，再进行隔离与呼救，必要时实施急救并联系医疗或报警。,先断电;用绝缘物隔离;呼叫急救;按应急预案处理,绝缘手套,禁止直接接触触电者,,必要时心肺复苏并就医,立即报告并启动应急预案,遵守应急预案,电气应急预案（待补充）,应急预案,高等学校实验室安全规范（教育部2024）,教育部,待补充,,https://www.moe.gov.cn/srcsite/A16/moe_784/202302/t20230220_1045998.html,2026-03-11,,draft,触电;应急,zh-CN
KB-1013,电气-示波器检查,电气,设备检查,电气,3,电气,示波器使用前检查,示波器使用前需要检查什么？,检查电源与接地、探头完好和量程设置，确认被测对象安全后再连接。,检查接地;检查探头;确认量程;再连接被测对象,护目镜,禁止带电插拔,,触电按应急预案处理,短路立即断电并报告,遵守设备使用SOP,示波器使用SOP（待补充）,SOP,GB/T 13869-2017 用电安全导则,国家市场监督管理总局/国家标准委,待补充,,https://openstd.samr.gov.cn/bzgk/gb/newGbInfo?hcno=0E0C42CADDB0D3E8DA27FECB80CCDE02,2026-03-11,,draft,示波器;设备,zh-CN
KB-1014,电气-湿手插电禁忌,电气,违规操作,电气,4,触电,湿手操作电源,可以用湿手插电吗？,不可以。湿手操作电源有触电风险，应确保手部干燥并按规范操作。,,,禁止湿手插拔电源,,触电按应急预案处理,触电立即断电并报警,遵守电气安全规范,电气安全制度（待补充）,制度,GB/T 13869-2017 用电安全导则,国家市场监督管理总局/国家标准委,待补充,,https://openstd.samr.gov.cn/bzgk/gb/newGbInfo?hcno=0E0C42CADDB0D3E8DA27FECB80CCDE02,2026-03-11,,draft,触电;违规,zh-CN
KB-1015,应急-锂电池起火,电气,电池安全,电气,4,火灾,锂电池起火,锂电池起火怎么办？,立即停止实验并断电，隔离现场，在确保安全且受过培训的前提下使用合适灭火器或干砂处理，无法控制立即撤离并报警。,停止实验并断电;隔离现场;按应急预案处置;报警/撤离,护目镜;手套,禁止用水直接喷淋不明电气火源,按危废处理烧毁电池,吸入烟雾不适及时就医,启动火灾应急预案,遵守应急预案,火灾应急预案（待补充）,应急预案,锂离子电池安全规范/危化品安全管理条例相关规定,应急管理部,待补充,,https://physics.zju.edu.cn/2024/0326/c77289a2894887/page.psp,2026-03-11,,draft,电池;火灾,zh-CN
KB-1016,生物-培养废液处理,生物,废液处置,生物,4,生物污染,细菌培养废液,细菌培养废液怎么处理？,需按生物安全SOP进行灭活处理后再按生物危废流程处置。,按SOP灭活;分类收集;交由危废处置,手套;口罩;护目镜,禁止直接倒入下水道,生物危废桶,污染接触及时清洗并报告,泄漏按生物安全应急预案处理,遵守生物安全管理制度,生物安全SOP（待补充）,SOP,GB 19489-2008 实验室生物安全通用要求,国家市场监督管理总局/国家标准委,待补充,,https://openstd.samr.gov.cn/bzgk/gb/newGbInfo?hcno=AEC2B0CFFC2BF1B8C7CF1888B77E2FE4,2026-03-11,,draft,生物;废液,zh-CN
KB-1017,生物-操作防护,生物,个人防护,生物,4,感染,生物样品操作,操作前需要做哪些防护？,按生物安全等级要求佩戴手套、口罩、护目镜，并在生物安全柜内操作。,确认生物安全等级;佩戴PPE;在生物安全柜内操作,手套;口罩;护目镜;实验服,禁止在柜外进行高风险操作,按生物危废流程,暴露后立即报告并就医,按生物安全应急预案处理,遵守生物安全管理制度,生物安全规范（待补充）,制度,GB 19489-2008 实验室生物安全通用要求,国家市场监督管理总局/国家标准委,待补充,,https://openstd.samr.gov.cn/bzgk/gb/newGbInfo?hcno=AEC2B0CFFC2BF1B8C7CF1888B77E2FE4,2026-03-11,,draft,生物安全;PPE,zh-CN
KB-1018,应急-实验室着火,通用,消防应急,通用,4,火灾,实验室起火,实验室着火怎么办？,立即停止实验并切断电源/气源；小火在确保安全的前提下使用灭火器，无法控制时立即撤离并报警。,停止实验;切断电源/气源;使用灭火器或撤离报警,,禁止冒险扑救,,吸入烟雾不适及时就医,启动消防应急预案,遵守应急预案,消防应急预案（待补充）,应急预案,高等学校消防安全管理规定（教育部令第28号）,教育部/公安部,待补充,,https://flk.npc.gov.cn/detail2.html?ZmY4MDgwODE2ZjNjYmIzYzAxNmY0MTZhMjI1MDIxMzg,2026-03-11,,draft,火灾;消防,zh-CN
KB-1019,通用-化学品标签,通用,标识管理,通用,2,管理,化学品标签,化学品标签需要包含什么？,标签应包含名称、浓度、危险性、配制日期和责任人等关键信息。,,,禁止无标签存放,,,,遵守标识管理制度,标识管理制度（待补充）,制度,GB 15258-2009 化学品安全标签编写规定,国家市场监督管理总局/国家标准委,待补充,,https://openstd.samr.gov.cn/bzgk/gb/newGbInfo?hcno=9C6A99E26AE0CA7E47B4BC9E8DF01F84,2026-03-11,,draft,标签;标识,zh-CN
KB-1020,通用-实验室培训,通用,培训,通用,1,管理,新入实验室,新入实验室要完成哪些培训？,应完成安全培训与考核，关键设备需通过上岗培训后方可操作。,参加培训;通过考核;设备上岗,,禁止未培训上岗,,,,遵守培训制度,培训管理制度（待补充）,制度,高等学校实验室安全规范（教育部2024）,教育部,待补充,,https://www.moe.gov.cn/srcsite/A16/moe_784/202302/t20230220_1045998.html,2026-03-11,,draft,培训;管理,zh-CN
KB-1021,通用-危险意图拒答,通用,安全合规,通用,5,违法,危险意图,怎么制造易燃爆炸物？,该问题涉及高风险或违法行为，无法提供帮助。请遵循法律法规与安全规范。,,,禁止寻求或提供违法危险操作,,,,遵守法律法规与安全规范,安全合规政策（待补充）,制度,高等学校实验室安全规范（教育部2024）,教育部,待补充,,https://www.moe.gov.cn/srcsite/A16/moe_784/202302/t20230220_1045998.html,2026-03-11,,draft,合规;拒答,zh-CN
KB-1022,废弃物-有机溶剂下水道,化学,废液处置,化学,3,危废,有机溶剂废液,有机溶剂能直接倒入水槽吗？,不能，应按危废分类收集；如不确定请提供具体试剂以便判断。,确认试剂;分类收集;交由危废处置,护目镜;实验服;手套,禁止倒入水槽/下水道,有机废液桶,接触后及时清洗,泄漏按应急预案处理,遵守危废管理制度,危废处置制度（待补充）,制度,危险废物污染防治技术政策,生态环境部,待补充,,https://www.mee.gov.cn/ywgz/gtfwyhxpgl/wfhgql/,2026-03-11,,draft,废液;下水道,zh-CN
KB-1023,化学-配酸顺序,化学,操作规范,化学,3,飞溅,配制酸溶液,配酸时先加水还是先加酸？,一般应先加水后加酸，避免飞溅和放热风险；操作时佩戴PPE并遵循SOP。,先加水;缓慢加入酸;搅拌并控温,护目镜;实验服;手套,禁止将水倒入浓酸,按危废分类,溅到皮肤立即冲洗,按应急预案处理,遵守SOP,配酸SOP（待补充）,SOP,化学品安全数据说明书（SDS）-硫酸/盐酸,应急管理部化学品登记中心,待补充,,https://www.merck.com/products/safety-data-sheets/,2026-03-11,,draft,配酸;操作,zh-CN
KB-1024,危险混合-过氧化氢与有机溶剂,化学,危险混合,化学,4,爆炸;强氧化,过氧化氢混合,过氧化氢能和有机溶剂混合吗？,禁止混合，可能产生剧烈反应或爆炸风险。,,护目镜;实验服;手套,禁止混合,按危废分类,暴露后及时就医,按应急预案处理,遵守危化品管理规定,MSDS-过氧化氢（待补充）,MSDS,化学品安全数据说明书（SDS）-过氧化氢,应急管理部化学品登记中心,待补充,,https://www.merck.com/products/safety-data-sheets/,2026-03-11,,draft,过氧化氢;混合禁忌,zh-CN
KB-1025,通用-访问控制,通用,访问管理,通用,1,管理,非本实验室人员进入,非本实验室人员能随便进入吗？,不能。外来人员进入需审批并登记，遵守实验室访问管理要求。,审批;登记;在管理人员陪同下进入,,禁止无审批进入,,,,遵守访问管理制度,访问管理制度（待补充）,制度,高等学校实验室安全规范（教育部2024）,教育部,待补充,,https://www.moe.gov.cn/srcsite/A16/moe_784/202302/t20230220_1045998.html,2026-03-11,,draft,访问控制;管理,zh-CN
WEB-001-001,实验室安全的基本要求,通用,基本要求,通用,3,综合安全,实验室的基本安全要求有哪些,实验室的基本安全要求有哪些,"2021年09月29日 09:13
）凡是进入实验室工作的人员均要参加实验室的安全培训，新进实验室人
员必须安全考试合格后方可从事实验室工作。
）要指定人员负责实验室的日常安全工作。严格遵守国家和学校的有关规
定，并根据实验室特点制订具体的安全管理制度，张贴或悬挂在醒目处，严格执
行。有危险性的场所、设备、设施、物品及技术操作要有警示标识。
）不得乱拉电线及私自使用电热器，禁止超负荷用电，确保安全用电。严
禁在实验室内用煤气、电炉烹调食物、热饭菜、取暖。下班离室前，应切断或关
闭水、电、煤气及其它可燃气体阀门，并关好门窗。
）要有仪器设备使用的管理制度、操作规程及注意事项等，仪器设备操作
人员要先经过培训，并按要求进行操作和使用仪器设备。对于特殊岗位和特种设
备操作者，须经过相应的培训，持证上岗。
）剧毒、易制毒、易制爆等危险化学品和放射性同位素及射线装置必须严
格按国家和学校的有关规定管理，在领取、保管使用以及废弃物处理等环节要有
完整的记录，并定期核对，做到帐物相符。
）放置危险品的场所要加强安保工作，要根据危险品的性质采取适当的安
全防护措施，实验室工作人员要按规范操作并做好个人防护。
）产生的废弃物要按有关要求进行分类，并按规定分别进行处理。
）消防器材要放在明显和便于取用的位置，周围不得堆放杂物，注意经常
检查并及时更换，不准随意移动或损坏室内消防器材。实验室周围的走廊过道等，
不准堆放物品，必须保持畅通。
10
）发现安全隐患或发生安全事故及时采取适当措施，并报告实验室负责人。
11
）各实验室一旦发生安全事故，要保持镇定，确定发生事故类型，及时拨
打相应的报警电话，并立即向学院、学校保卫处和实验室与基地建设管理处报告。致电求助
时应说明：①事故地点；②事故性质和严重程度；③你的姓名、位置及联系电话。
重要电话号码：①火警电话：
119
；②报警电话：
110
；③医疗急救：
120
最新更新
2023-2024 学年第一学期林草学院、水土保持学 院实验室安全检查报告（第 18 周）
2023-2024 学年第一学期林草学院、水土保持学院实 验室安全检查报告（第 14 周）
2023-2024 学年上学期林草学院危化品专项安全检查报告 （2023 年 11 月 2 日）
2023-2024 学年第一学期林草学院、水土保持学院实验室安全检查报告（第 9 周）
2023-2024 学年第一学期林草学院、水土保持学院实验室安全检查报告（第 4 周）
林学院实验室重要危险源的风险评估及应急预案
危化品手册
林学院实验室安全管理制度
风险排查，杜绝安全隐患--林学院召开新学期实验室安全管理工作会议
森林保护系举行2021年秋季实验室安全培训",,,,,,,基于公开网页资料自动抽取，导入知识库前请人工复核。,实验室安全的基本要求 | https://linxue.njfu.edu.cn/aqgz/sysaq/20210929/i230277.html,网页,实验室安全的基本要求,南京林业大学林草水保学院,,2021年09月29日,https://linxue.njfu.edu.cn/aqgz/sysaq/20210929/i230277.html,2026-03-15,,reviewed,实验室安全;基本要求;高校,zh-CN
WEB-002-001,实验室一般安全规范,通用,安全规范,通用,3,综合安全,实验室一般安全规范包括哪些内容,实验室一般安全规范包括哪些内容,"1.
得先熟悉实验的环境，察看紧急冲洗站、洗眼站、灭火器、急救箱及安全梯等的位置，牢记『安全』是进行任何实验最重要的考虑。
2.
在实验室内请穿着实验衣（最好长及膝盖下），避免穿着凉鞋、拖鞋（脚趾不要裸露），配戴眼镜或安全护目镜。留有长发者，戴帽套将头发卷入套内，或以橡皮圈束于后，以防止引火危险或污染实验。
3.
在实验室内禁止吸烟、吃东西、饮食、化妆、嚼口香糖、嬉戏奔跑，食物饮料勿存放于实验室的冰箱中，实验桌上勿堆放书包、书籍、衣服外套及杂物等。
4.
所有实验仪器、耗材、药品等均属实验室所有，不得携出实验室外。每组分配之仪器、耗材请确定清点与保管，实验结束后需清点无误再缴回。工作区域的清理擦拭，并随时保持环境清洁。
5.
实验前详阅实验内容，了解实验细节的原理及操作，并注意实验室内之规范。实验进行中若有任何状况或疑问，可随时向助教请教，切勿私自变更实验程序。打翻任何药品试剂及器皿时，请随即清理。实验结束后，确实关闭不用之电源、水、酒精灯及瓦斯等。
6.
睡眠不足、精神不济或注意力无法集中，
请立即停止实验。实验时间若延长，请注意时间的管制及自身的安全，不可自行逗留实验室过夜。
7.
实验完毕，请清理实验室、倒垃圾、灭菌、关闭灯光及冷气，离开实验室前记得洗手。
8.
任何意外事件应立即报告实验室管理人员，并应熟知相关之应变措施。",,,,,,,基于公开网页资料自动抽取，导入知识库前请人工复核。,实验室一般安全规范 | https://eetc.qlu.edu.cn/2012/1207/c1403a25377/page.htm,网页,实验室一般安全规范,齐鲁工业大学电子电气与控制学部,,,https://eetc.qlu.edu.cn/2012/1207/c1403a25377/page.htm,2026-03-15,,reviewed,实验室安全;安全规范;高校,zh-CN
WEB-003-001,实验室安全守则,通用,安全守则,通用,3,综合安全,实验室安全守则有哪些关键要求,实验室安全守则有哪些关键要求,"实验室安全守则
1、安全测试合格的师生方可进入实验室。
2、严格按照规定使用各类实验室仪器设备。
3、凡做有毒、有恶臭气体的实验，应在通风橱内进行操作，要采取措施不让气体大量外泄。
4、严禁将食品带入实验室、严禁用实验烧杯饮水。
5、使用易燃试剂，一定要远离火源。
6、任何化学试剂不能入口，要注意防止有毒和腐蚀性的药品触及皮肤和衣服。
7、谨防触电，不用湿手接触电器。
8、实验结束后立即断水、断电，关闭门窗。
9、涉及液体时，切勿俯视容器，以防液滴造成事故。
10、加入气体时应采用“招气入鼻”法。
11、不能直接用手取化学药品。
12、实验室的上下水管道、电源、消防器材必须经常保持完好，以便随时启用。
13、注意防火，正确使用消防器材。",,,,,,,基于公开网页资料自动抽取，导入知识库前请人工复核。,实验室安全守则 | https://huihua.hebtu.edu.cn/s/zhuanti/page/8.html,网页,实验室安全守则,河北师范大学汇华学院,,,https://huihua.hebtu.edu.cn/s/zhuanti/page/8.html,2026-03-15,,reviewed,实验室安全;安全守则;高校,zh-CN
WEB-004-001,实验室化学品安全管理实施细则,化学,化学品管理,化学,4,危化品;储存,实验室化学品安全管理有哪些要求,实验室化学品安全管理有哪些要求,"扫描此二维码分享
中山大学实验室化学品安全管理实施细则
发布人：管理员
发布日期：2021-03-31
中山大学关于印发《中山大学实验室化学品
安全管理实施细则》的通知
校机关各部、处、室，各学院、直属系，各直属单位，各附属医院（单位），产业集团，各有关科研机构：
经研究决定，现印发《中山大学实验室化学品安全管理实施细则》，请遵照执行。
中山大学
2021
18
第一章
总则
第一条
为加强和规范我校实验室化学品的安全管理，预防和杜绝实验室在化学品的采购、运输、储存、使用和废弃物处置过程中可能存在的安全隐患或可能产生的安全事故，保证实验过程及实验室的安全，保障师生员工的生命和财产安全，保护校园环境和公共环境安全，根据《危险化学品安全管理条例》《易制毒化学品管理条例》《易制爆危险化学品治安管理办法》
《麻醉药品和精神药品管理条例》《医疗用毒性药品管理办法》《化学化工实验室安全管理规范》《中华人民共和国固体废弃物污染环境防治法》
和《广东省教育厅关于高等学校实验室安全建设与管理规定（修订）》
等国家、地方的相关法律、法规和标准
以及《中山大学实验室安全管理办法》等学校管理制度，结合学校实际，制定本细则。
第二条
本细则所指实验室化学品，包括实验室通过采购、自制或因科研合作、接受赠送等其他途径获得的各类化学品，以及实验活动产生的化学废弃物等。其中：
危险化学品（以下简称
危化品
），是指具有毒害、腐蚀、爆炸、燃烧、助燃等性质，对人体、设施、环境具有危害的剧毒化学品和其他化学品（包括钢瓶气体、国家管制的药品），其目录由政府部门制定和公布。
自制化学品，是指实验室合成或研制的各类中间体或中间产物、分离或纯化制得的各类对照品及化学品，以及未经国家相关部门认证的其他化学品。自制化学品包括本实验室自制以及本实验室接收的本校或校外其它实验室自制的化学品。
危险化学废弃物，是指被列入《国家危险废物名录》的，具有腐蚀性、毒性、易燃性、反应性或者感染性等一种或者几种危险特性，以及不排除具有危险特性，可能对环境或者人体健康造成有害影响，需要按照危险废物进行管理的化学废弃物，包括淘汰、伪劣、过期、失效的化学品和实验过程中产生的含有对人体健康和环境安全有害化学成分的废液体和废固体，以及化学废弃物的盛装容器和受其污染的包装物等。
第三条
本细则适用于学校范围内相关二级单位涉及化学品采购、运输、储存、使用和废弃物处置的实验室化学品安全管理工作，其中实验室和二级单位的界定参见《中山大学实验室安全管理办法》。
第二章
管理机构与职责
第四条
实验室化学品安全管理遵循学校、二级单位、实验室三级联动的实验室安全管理体系。",,,,,,,基于公开网页资料自动抽取，导入知识库前请人工复核。,实验室化学品安全管理实施细则 | https://sbc.sysu.edu.cn/article/670,网页,实验室化学品安全管理实施细则,中山大学设备与实验室管理处,,2021-03-31,https://sbc.sysu.edu.cn/article/670,2026-03-15,,reviewed,危化品;化学品管理;储存,zh-CN
WEB-004-002,实验室化学品安全管理实施细则（片段2）,化学,化学品管理,化学,4,危化品;储存,实验室化学品安全管理有哪些要求,实验室化学品安全管理有哪些要求,"化学品采购、运输、储存、使用和废弃物处置的实验室化学品安全管理工作，其中实验室和二级单位的界定参见《中山大学实验室安全管理办法》。
第二章
管理机构与职责
第四条
实验室化学品安全管理遵循学校、二级单位、实验室三级联动的实验室安全管理体系。
设备与实验室管理处是学校实验室化学品安全的归口管理部门，主要负责学校实验室化学品安全管理制度的制定和监督落实；负责国家规定须管制的危化品采购的校内审核和报批以及全校实验室化学品全生命周期的安全监管；统筹化学品安全相关实验室建设方案风险评估以及教育培训、准入考核、应急演练、安全检查和事故处置等的管理工作。
保卫处统筹对学校各二级单位一级和二级危化品的储存场所的资质进行校内审核，并协助二级单位接受公安部门对化学品储存场所的检查；负责对化学品的校内运输进行安全监管；负责指导、监督实验室的消防和治安防范。
其他相关职能部门按照《中山大学实验室安全管理办法》要求，在
相应职责范围内落实与化学品安全管理相关工作。
第五条
涉及实验室化学品实验活动的各二级单位是实验室化学品安全管理的主体责任单位。单位党政负责人是本单位实验室化学品安全
管理
的第一责任人。各二级单位负责组织本单位实验室落实国家、地方相关法律、法规和标准以及学校对化学品采购、运输、储存、废弃物处置等相关管理规定；组织制定本单位相关管理制度、操作规程和应急预案；组织本单位相关建设项目和实验项目的风险评估及申报，并落实相应风险防控措施；组织落实本单位化学品安全相关教育培训、准入考核、应急演练、安全检查、安全运输、消防治安和事故处置等工作。
第六条
各涉及化学品实验活动的实验室是本实验室化学品安全的直接责任单位，实验室负责人是本实验室化学品安全的直接责任人，应
严格按照学校实验室化学品分级管理要求做好本实验室化学品采购、接收、自制、运输、储存、使用及废弃处置全过程管理。实验室负责人的职责主要包括：
（一）严格按照规范途径采购化学品，并配备相应化学品安全技术说明书（
Safety Data Sheet
，英文简称
SDS
）和安全标签；
（二）严格按照实验室化学品存储要求保管本实验室所使用的危化品，落实实验室危险化学品管理台账和使用台账的建设，定期盘查实验室存放的化学品，及时清理并妥善处理过期或长期不用的化学品；
（三）针对本实验室涉及的危险源制订相应的安全管理规范和安全操作规程，保证危险化学品的安全管理和使用；
（四）落实本实验室涉及化学安全风险的实验室建设项目、改造项目以及实验活动项目的风险评估；
（五）根据本实验室实验活动的特点和安全要求，配置必备的安全设施和安全防护用具；
（六）对本实验室人员进行安全教育、培训和准入，确保相关人员熟悉所储存和使用的化学品的性质，并遵守相关安全规定；
（七）落实本实验室日常安全卫生值日与检查工作；",,,,,,,基于公开网页资料自动抽取，导入知识库前请人工复核。,实验室化学品安全管理实施细则 | https://sbc.sysu.edu.cn/article/670,网页,实验室化学品安全管理实施细则,中山大学设备与实验室管理处,,2021-03-31,https://sbc.sysu.edu.cn/article/670,2026-03-15,,reviewed,危化品;化学品管理;储存,zh-CN
WEB-004-003,实验室化学品安全管理实施细则（片段3）,化学,化学品管理,化学,4,危化品;储存,实验室化学品安全管理有哪些要求,实验室化学品安全管理有哪些要求,"（五）根据本实验室实验活动的特点和安全要求，配置必备的安全设施和安全防护用具；
（六）对本实验室人员进行安全教育、培训和准入，确保相关人员熟悉所储存和使用的化学品的性质，并遵守相关安全规定；
（七）落实本实验室日常安全卫生值日与检查工作；
（八）负责化学品安全相关安全隐患和安全突发事件的报告、警示和安全处置，配合学校或上级有关部门做好调查和处置工作；
（九）接受上级部门、学校或学院对实验室化学品安全管理工作的监督和指导。
第三章
危险化学品的采购
第七条
学校提倡开展微型化、无害化绿色实验。危险化学品的采购必须符合教学、科研工作实际需要，实验室应严格控制危险化学品的品种和用量，严禁超量购买和储备，并尽可能减少实验中的使用量。鼓励实验室之间进行危险化学品调拨，尽量避免重复购置和闲置浪费现象。
第八条
所有危险化学品应通过学校实验材料采购平台（以下简称
采购平台
）实施线上采购，确实必须采用线下方式采购的，需向设备与实验室管理处提出申请并在采购平台登记备案。其中：
（一）国家相关法律法规规定需要进行管制的危险化学品（含安全管制药品）（以下简称
管制类危险化学品
）必须经项目负责人、二级单位、设备与实验室管理处逐级审核并报政府相关部门审批，获得购买许可方可购买。
（二）各实验室应对存放的危险化学品总量进行控制。对于实验室存放危险化学品总量超过本细则第二十二条规定的，学校将予以限制采购。
（三）实验室采购危险化学品时，应索取技术说明书和安全标签（以下简称
一书一签
），严禁采购无一书一签的危险化学品。
第九条
严禁校内任何二级单位、实验室和个人向未取得危险化学品经营许可的供应商采购危险化学品；严禁未获购买许可私自购买管制类危险化学品；严禁向未取得管制类化学品经营许可的单位采购管制类危险化学品。
第十条
严禁未经报批报备私自从非采购途径获得化学品。实验室接受科研合作或其他单位赠送化学品（含自制化学品），应履行相应审批程序方可接受：如属管制类危险化学品，应经项目负责人、所在二级单位和设备与实验室管理处逐级审核并根据国家相关法规履行相关报批手续后方可接收；如属管制类危险化学品以外的其他危险化学品（含自制化学品），应经项目负责人审核，经所在二级单位备案或审批方可接收。
第十一条
化学品的运输和装卸必须按照国家有关规定执行，严禁违章作业，运输过程中须确保安全，对需单独运输的危化品，禁止混载；对不允许暴露运输的，运输过程中必须装入安全器具。
化学品在校园内的运输应严格执行《危险化学品管理条例》《
中山大学校园道路交通安全管理规定》，涉及使用机动车辆运输的，必须通过所在二级单位向保卫处预约报备。
第十二条
化学品到货后，实验室相关人员必须逐件检查化学品的名称、数量、包装和
，防止漏、丢、错等事件发生，确认完好后登记入库。
第十三条",,,,,,,基于公开网页资料自动抽取，导入知识库前请人工复核。,实验室化学品安全管理实施细则 | https://sbc.sysu.edu.cn/article/670,网页,实验室化学品安全管理实施细则,中山大学设备与实验室管理处,,2021-03-31,https://sbc.sysu.edu.cn/article/670,2026-03-15,,reviewed,危化品;化学品管理;储存,zh-CN
WEB-004-004,实验室化学品安全管理实施细则（片段4）,化学,化学品管理,化学,4,危化品;储存,实验室化学品安全管理有哪些要求,实验室化学品安全管理有哪些要求,"《
中山大学校园道路交通安全管理规定》，涉及使用机动车辆运输的，必须通过所在二级单位向保卫处预约报备。
第十二条
化学品到货后，实验室相关人员必须逐件检查化学品的名称、数量、包装和
，防止漏、丢、错等事件发生，确认完好后登记入库。
第十三条
对于保存良好且不影响使用的闲置化学品，实验室可进行校内调剂。其中，剧毒化学品等管制类化学品的调拨需填写《中山大学危险品（放射源除外）校内调拨登记表》，经所在二级单位和设备与实验室管理处批准方可实施调拨。非管制类化学品由转出及接收实验室所属二级单位负责人根据所涉及实验室的实验要求，对调配必要性和可行性进行审核。转出及接收实验室所在二级单位应监督实验室及时更新调拨后的化学品台帐，调剂完成后，调入实验室须严格按照有关规定保管、使用和处置调入的化学品。
第四章
化学品的分级管理
第十四条
学校
根据化学品的危险性和国家法规监管要求，结合我校实际，对我校实验室化学品的储存和使用实施五级安全管理
（一）一级安全管理的危险化学品（以下简称
一级危化品
），指
《剧毒化学品目录》中所列
剧毒
化学品和《易制毒化学品的分类和品种目录》中所列第一类易制毒化学品，以及接近或符合剧毒化学品、第一类易制毒化学品安全特性的实验室自制化学品；
（二）二级安全管理的危险化学品（以下简称
二级危化品
《易制爆危险化学品名录》中所列易制爆化学品，以及易燃易爆的实验室自制化学品；
（三）三级安全管理的危险化学品（以下简称
三级危化品
《麻醉药品品种目录》和《精神药品品种目录》中所列麻醉药品和精神药品，以及《医疗用毒性药品管理办法》所附《毒性药品管理品种》中所列毒性药品，以及接近或符合麻醉药品、精神药品安全特性的实验室自制化学品；
（四）四级安全管理的危险化学品（以下简称
四级危化品
《易制毒化学品的分类和品种目录》中所列第二类、第三类易制毒化学品，以及接近或符合第二类、第三类易制毒化学品安全特性的实验室自制化学品；
（五）五级安全管理的化学品（以下简称
五级危化品
），指其他
非管制类危险化学品、普通非危险化学品和普通非危险的实验室自制化学品。
上述分级根据国家管理要求的调整相应调整。
第十五条
自制化学品由实验室负责人根据其实际的安全特性情况，对应上述分级分类标准确定安全管理等级、实施安全管理并承担相应责任。
第十六条
各二级单位在进行实验室建设或维修改造工程时，必须充分考虑该实验室可能涉及的化学品类别，按照相关建设标准依规建设。
第五章
化学品的存储管理
第十七条
化学品的存储应当符合国家有关法规、标准，并符合学校实验室化学品分级管理的要求：",,,,,,,基于公开网页资料自动抽取，导入知识库前请人工复核。,实验室化学品安全管理实施细则 | https://sbc.sysu.edu.cn/article/670,网页,实验室化学品安全管理实施细则,中山大学设备与实验室管理处,,2021-03-31,https://sbc.sysu.edu.cn/article/670,2026-03-15,,reviewed,危化品;化学品管理;储存,zh-CN
WEB-004-005,实验室化学品安全管理实施细则（片段5）,化学,化学品管理,化学,4,危化品;储存,实验室化学品安全管理有哪些要求,实验室化学品安全管理有哪些要求,"第十六条
各二级单位在进行实验室建设或维修改造工程时，必须充分考虑该实验室可能涉及的化学品类别，按照相关建设标准依规建设。
第五章
化学品的存储管理
第十七条
化学品的存储应当符合国家有关法规、标准，并符合学校实验室化学品分级管理的要求：
（一）一级危化品由各二级单位集中储存，并按安全特性分类存放。其中，剧毒品储存场所应符合国家对剧毒化学品存放场所的治安防范要求，并通过保卫处组织的校内安全审核和公安部门的认可。剧毒化学品不可与第一类易制毒化学品或其他物品存放于同一库房。所在二级单位负责日常监管。
（二）二级危化品
由实验室单独专柜储存，并按安全特性分类存放；储存场所应符合国家对易制爆危险化学品储存场所的治安防范要求并通过保卫处组织的校内安全审核和公安部门的认可。所在二级单位负责日常监管。
（三）三级危化品由实验室单独专柜储存，并按安全特性分类存放；实行双人双锁管理。所在二级单位负责对实验室的储存条件进行审核认定并做好日常安全监管。
（四）四级危化品由实验室存放在上锁的符合安全要求的试剂柜中，并按安全特性分类存放。所在二级单位负责日常监管。
（五）五级危化品由实验室按安全特性分类存放，由实验室负责日常管理。
（六）自制化学品由实验室按安全特性分级、分类存放，由实验室负责日常管理，所在二级单位负责日常监管。
第十八条
实验室人员应合理购置及存储危险化学品，严禁超量存储。实验室应存放尽量少的化学品，每间
实验室内存放的除压缩气体、液化气体、剧毒化学品和爆炸品以外的危险化学品总量不应超过
L/m
kg/m
其中易燃易爆性化学品的存放总量不应超过
0.5
，且单一包装容器不应大于
25
kg,
暂时存放在安全柜或试剂柜以外的危化品总量液体不得超过
0.2
、固体不得超过
。原则上实验台化学试剂架上应只放置临时需要使用的试剂，用完后应放回安全柜或试剂柜。
第十九条
各实验室应
严格按照化学品的化学特性和安全特性分类存放，不同类别相互之间保持一定的安全距离，防止相互作用而发生安全事故。
第二十条
危险化学品储存区域的温度、湿度应严格控制，发现变化应及时调整。需要低温存贮的易挥发有机化学品必须存放于防爆冰箱。
第二十一条
实验室化学品柜上应有信息牌说明存放的类别、名称和数量；不稳定化学品或可能产生不稳定化学品应特别标注；信息牌内容应及时更新。
第二十二条
实验室及走廊等的公共区域不得堆放或囤积危险化学品、气体钢瓶及化学废弃物；实验室内可存放少量化学品、化学废液，但必须分类分项存放，保持通风，远离热源、火源等可能引发安全事故的危险源；实验大楼周围禁止堆放危险化学品和化学废弃物。
第二十三条
储存危险化学品和化学废弃物的场所，应当设置明显的安全警示标志。
第六章
化学品的使用管理
第二十四条
各二级单位和实验室应按化学品的分级管理要求管理和使用化学品并定期进行盘点。
（一）",,,,,,,基于公开网页资料自动抽取，导入知识库前请人工复核。,实验室化学品安全管理实施细则 | https://sbc.sysu.edu.cn/article/670,网页,实验室化学品安全管理实施细则,中山大学设备与实验室管理处,,2021-03-31,https://sbc.sysu.edu.cn/article/670,2026-03-15,,reviewed,危化品;化学品管理;储存,zh-CN
WEB-004-006,实验室化学品安全管理实施细则（片段6）,化学,化学品管理,化学,4,危化品;储存,实验室化学品安全管理有哪些要求,实验室化学品安全管理有哪些要求,"验大楼周围禁止堆放危险化学品和化学废弃物。
第二十三条
储存危险化学品和化学废弃物的场所，应当设置明显的安全警示标志。
第六章
化学品的使用管理
第二十四条
各二级单位和实验室应按化学品的分级管理要求管理和使用化学品并定期进行盘点。
（一）
．各二级单位须安排专人统一保管并严格执行
双人领取、双人运输、双人使用、双人记账、双人双锁保管
五双
管理制度，其中
双人双锁
中保管
双人
必须是本校在岗教职工。
．实验室人员必须经项目负责人、实验室负责人和学院负责人审批后方可领用一级危化品。实行按需领用，严格控制领用剂量。实验室应设双人双锁的临时储存保险柜，用于存放当天领用的一级危化品；当天未使用完的一级危化品，应交回所在二级单位保管人。
．二级单位须严格执行
一物一账
的管理台账登记制度，并每季度末向学校报备；实验室须严格执行
的使用台账登记制度。台账应保存至该危险化学品全部使用完毕（或完成报废处置）后
年。
．各二级单位应根据本单位一级危化品采购及使用情况，定期或不定期检查实验室使用台账建设、安全规范储存、使用和处置情况，并定期向学校报送本单位各实验室一级危化品存量的情况。
（二）
．实验室应安排专人保管并严格执行
双人收发、双人保管、双人双锁
的管理制度。
必须是在岗教职工或经实验室负责人书面授权的本校在读研究生。
．领用二级危化品者应为在岗教职工；如为研究生，须项目负责人授权。当天未使用完的二级化学品，需交回实验室保管人。
．实验室须严格执行
的使用台账登记制度。每项台账应保留至该危险化学品全部使用完毕（或完成报废处置）后
．各二级单位应根据本单位二级危化品采购及使用情况，定期或不定期检查实验室使用台账建设、安全规范储存、使用和处置情况，并定期向学校报送本单位各实验室二级危化品存量的情况。
（三）
双人验收入库、双人领取使用、双人归还、双人保管记账、双人双锁保管
的五双制度。
．使用人领用三级危化品，须于当天使用完毕；如未使用完，须将剩余三级化学品交回实验室保管人。
．各二级单位应根据本单位三级危化品采购及使用，定期或不定期检查实验室使用台账建设、安全规范储存、使用和处置情况，并定期向学校报送本单位各实验室三级危化品存量的情况。
（四）
．实验室安排专人保管并严格执行
的使用台账登记制度，台账至少保存至该危险化学品全部使用完毕（或完成报废处置）后
年。保管人必须是是在岗教职工或经实验室负责人书面授权的本校在读研究生。
．各二级单位应根据本单位四级危化品采购及使用，定期或不定期检查实验室使用台账建设、安全规范储存、使用和处置情况，并定期向学校报送本单位各实验室四级危化品存量的情况。
（五）
五级化学品
实验室应在存放化学品的试剂柜门外显著位置张贴相应试剂柜所存储化学品的清单。试剂柜内化学品发生变化时应同步更新清单，以保证清单与试剂柜内物品一致。
（六）",,,,,,,基于公开网页资料自动抽取，导入知识库前请人工复核。,实验室化学品安全管理实施细则 | https://sbc.sysu.edu.cn/article/670,网页,实验室化学品安全管理实施细则,中山大学设备与实验室管理处,,2021-03-31,https://sbc.sysu.edu.cn/article/670,2026-03-15,,reviewed,危化品;化学品管理;储存,zh-CN
WEB-004-007,实验室化学品安全管理实施细则（片段7）,化学,化学品管理,化学,4,危化品;储存,实验室化学品安全管理有哪些要求,实验室化学品安全管理有哪些要求,"用和处置情况，并定期向学校报送本单位各实验室四级危化品存量的情况。
（五）
五级化学品
实验室应在存放化学品的试剂柜门外显著位置张贴相应试剂柜所存储化学品的清单。试剂柜内化学品发生变化时应同步更新清单，以保证清单与试剂柜内物品一致。
（六）
自制化学品
实验室在实验过程中制备的化学品（或中间产物）根据实验室负责人核定的安全等级，按上述相应分级分类管理要求进行管理。
第二十五条
任何个人、实验室和二级单位不得生产、使用国家禁止生产、经营和使用的危险化学品。国家对危险化学品的使用有限制性规定的，任何单位、实验室和个人不得违反限制性规定使用危险化学品。
第二十六条
实验室在设计实验时，应在能够达到实验目的前提下，尽量减少使用危险化学品、降低实验中间产物的危险性、并减少化学废弃物产生量。
第二十七条
实验室开展实验活动前，应进行充分的风险评估，对可能存在的安全风险制订相应的防控措施，并根据项目管理部门要求办理报批或报备手续。所在二级单位或项目主管部门认为有必要的，可组织安全专家进行安全风险评估。
第二十八条
实验室应加强对涉及危险化学品的实验设施、设备和场地、装置等配套条件的管理。启用前应进行风险评估，不得启用存在设计缺陷或安全隐患的实验设备和装置；实验设备或装置如出现故障导致存在安全隐患，或者经维修仍然存在隐患的，应当停止使用。
第二十九条
实验室应根据实验所涉及化学品的种类和危险特性，在实验场所设置相应的
监测、监控、通风、防晒、调温、防火、灭火、防爆、泄压、防毒、中和、防潮、防雷、防静电、防腐、防泄漏以及防护围堤或者隔离操作等安全设施、设备，并按照国家标准、行业标准或者国家有关规定对安全设施、设备进行经常性维护、保养，保证安全设施、设备的正常使用。
相关场所和安全设施、设备上应设置明显的安全警示标志。
第三十条
各二级单位应严格落实学校关于实验室安全培训和准入考核的要求。对进入实验室的人员要经过安全教育和培训，掌握相应的实验技能和安全知识后方可参与相关实验操作。涉及使用剧毒化学品的人员，还应按国家要求接受岗前培训，持证上岗。
第三十一条
实验室须制定危险性实验的安全操作规程，并张贴上墙或置于显眼位置。实验室应建立本实验室所涉及危险化学品的化学品安全技术说明书档案，便于查阅；根据危险程度，配备相应的应急物品（如呼吸器、解毒药品、特殊灭火器材等），并做好应急防范措施。
实验操作人员应熟悉和充分了解所使用危险化学品的性质和安全防护措施，严格按照操作规程作业，做好个人安全防护。
第三十二条",,,,,,,基于公开网页资料自动抽取，导入知识库前请人工复核。,实验室化学品安全管理实施细则 | https://sbc.sysu.edu.cn/article/670,网页,实验室化学品安全管理实施细则,中山大学设备与实验室管理处,,2021-03-31,https://sbc.sysu.edu.cn/article/670,2026-03-15,,reviewed,危化品;化学品管理;储存,zh-CN
WEB-004-008,实验室化学品安全管理实施细则（片段8）,化学,化学品管理,化学,4,危化品;储存,实验室化学品安全管理有哪些要求,实验室化学品安全管理有哪些要求,"全技术说明书档案，便于查阅；根据危险程度，配备相应的应急物品（如呼吸器、解毒药品、特殊灭火器材等），并做好应急防范措施。
实验操作人员应熟悉和充分了解所使用危险化学品的性质和安全防护措施，严格按照操作规程作业，做好个人安全防护。
第三十二条
凡涉及化学品的实验应有人值守。实验室负责人应对实验项目的风险程度进行研判并作出值守安排。对判断为危险性较大的实验项目，其危险操作环节必须安排两人或两人以上同时在场；对判断为风险较低但需较长时间的过夜实验，实验室负责人可委托具有该实验室准入资格且熟悉该实验项目的同组人员定时监控实验过程，并向所在二级单位报备。
第三十三条
实验室如需在同校园内不同楼宇间或同一楼宇的不同房间转移危险化学品，应严格按照相关专业要求或在专家指导下密封包装，并采用专门的转移工具进行转移。实验室负责人对转移过程的安全负责。
实验室如需在不同校园或校区间转移危险化学品，为确保转移过程的安全，必须请专业资质公司进行包装和运输，并经所在二级单位报保卫处备案。
一级危险化学品必须严格执行双人运输管理。
危险化学品转移后应及时做好实物放置地点和保管人等台账信息的更新和报备。
第三十四条
工艺过程使用或产生刺激性气味甚至有毒有害气体的实验，须在工作正常的通风柜（橱）中进行，并采取安装吸附或净化装置等有效措施，使排放气体符合政府部门制订的大气污染排放标准，防止造成大气污染。
第七章
化学废弃物的处置
第三十五条
实验室在做好绿色排放的前提下，应严格按安全特性分类收集化学废弃物，存放在通风良好的暂存场所，并根据学校要求做好相关安全标识。安全标识应清晰、明确，包括化学废弃物暂存点标识、安全警示标识、危险废弃物标识等。
第三十六条
学校按照
谁污染，谁治理；谁使用、谁负责；谁主管、谁负责
的原则推进化学废弃物的处置。
化学废弃物由学校联系有资质的回收公司统一处置，学校可以委托化学废弃物产量较大的
二级单位
协助承担部分处置任务。化学废弃物的处置费用由学校和产废二级单位分担，具体操作细则另行规定。
第三十七条
产生化学废弃物的实验室负责做好废弃物收集和暂存的具体工作，实验室所在二级单位应做好监督管理工作，相关要求如下：
（一）化学废弃物应按安全特性分类收集，隔离存放，并在容器外注明危险性。同一类化学废弃物混存前需进行兼容性测试，通过后方可混存。废液桶中盛装废液不超容积的
75%
。剧毒化学废弃物、易燃易爆化学废弃物必须单独收集，并在确保安全的条件下妥善存放，不得混入其他化学废弃物中。",,,,,,,基于公开网页资料自动抽取，导入知识库前请人工复核。,实验室化学品安全管理实施细则 | https://sbc.sysu.edu.cn/article/670,网页,实验室化学品安全管理实施细则,中山大学设备与实验室管理处,,2021-03-31,https://sbc.sysu.edu.cn/article/670,2026-03-15,,reviewed,危化品;化学品管理;储存,zh-CN
WEB-004-009,实验室化学品安全管理实施细则（片段9）,化学,化学品管理,化学,4,危化品;储存,实验室化学品安全管理有哪些要求,实验室化学品安全管理有哪些要求,"分类收集，隔离存放，并在容器外注明危险性。同一类化学废弃物混存前需进行兼容性测试，通过后方可混存。废液桶中盛装废液不超容积的
75%
。剧毒化学废弃物、易燃易爆化学废弃物必须单独收集，并在确保安全的条件下妥善存放，不得混入其他化学废弃物中。
（二）化学废弃物的盛装容器应完好牢固，封口紧密，无破损、倾斜、倒置和渗漏等现象；应根据化学废弃物的特性选择容器类别，确保不会发生废弃物将容器溶解、腐蚀等异常现象。容器外应有明显清晰的标识，准确标明废弃物的名称、成分、规格、形态、数量、危险性等，外文标识的应加注中文注释。回收危险化学废弃物时，如发现盛装容器或标识不符合规定要求，工作人员可拒收，并要求二级单位或实验室按规定要求整改。
（三）严禁将未经无害化处理、可能污染环境的化学废弃物直接排入下水道。
（四）对于实验过程中会产生有毒、有害、有味气体的实验室，应在废气排放前采取措施对废气进行有效的吸附、吸收、中和等处理，并安装吸附型或分解型的通风柜，确保废气排放达到国家相关排放标准。
（五）严禁将化学废弃物与一般生活垃圾、生物性废弃物、医疗废弃物或放射性废弃物等混装贮存和回收。
（六）学校鼓励实验室剩余试剂调拨使用；确需报废处理的废旧化学试剂，在回收处置前需做好登记，并在相应试剂柜暂存。
第三十八条
设备与实验室管理处定期组织化学废弃物的回收工作。各二级单位应按照学校关于化学废弃物回收流程组织实验室进行申报、按设备与实验室管理处通知的时间和地点进行集中暂存，并配合处置公司进行现场回收。未经申请和审核或未按要求粘贴清单的化学废弃物，工作人员可拒收，相关二级单位或实验室应按规定要求整改。
第八章
安全事故应急处理
第三十九条
涉及化学实验的各二级单位及实验室应制定本单位化学安全事故应急处置预案，落实应急救援人员和应急救援器材、设备，并定期组织应急救援演练。各二级单位化学事故应急处置预案应报设备与实验室管理处和保卫处备案。
第四十条
一旦实验室发生起火、爆炸，人员受伤、中毒，化学品被盗、丢失、泄漏，或者化学废弃物严重污染等安全事故，事故实验室应立即根据事故的性质、严重程度、可控性和影响范围等因素启动本实验室相应等级的事故应急处置预案，采取有效措施控制事故的危害和影响，
并逐级上报所在二级单位、保卫处、设备与实验室管理处和当地公安部门。
学校实验室安全事故应急按照
《中山大学实验室安全突发事件应急预案》执行。
第九章
责任追究
第四十一条
实验室化学
安全是学校实验室安全重要部分，纳入各相关二级单位和人员年度考核内容。
第四十二条",,,,,,,基于公开网页资料自动抽取，导入知识库前请人工复核。,实验室化学品安全管理实施细则 | https://sbc.sysu.edu.cn/article/670,网页,实验室化学品安全管理实施细则,中山大学设备与实验室管理处,,2021-03-31,https://sbc.sysu.edu.cn/article/670,2026-03-15,,reviewed,危化品;化学品管理;储存,zh-CN
WEB-004-010,实验室化学品安全管理实施细则（片段10）,化学,化学品管理,化学,4,危化品;储存,实验室化学品安全管理有哪些要求,实验室化学品安全管理有哪些要求,"保卫处、设备与实验室管理处和当地公安部门。
学校实验室安全事故应急按照
《中山大学实验室安全突发事件应急预案》执行。
第九章
责任追究
第四十一条
实验室化学
安全是学校实验室安全重要部分，纳入各相关二级单位和人员年度考核内容。
第四十二条
违反国家、地方化学品相关法律法规及本细则规定，存在实验室化学品管理安全隐患且多次未按照要求在规定期限内完成整改或整改不到位的，或造成实验室安全事故的，依照国家、地方和学校有关实验室安全管理规定对相关人员、所在实验室和二级单位进行处罚和追责。构成违法或犯罪的，交由国家有关机关进行处理。
第十章
附则
第四十三条
实验室气体和气瓶管理实施细则另行制定。
第四十四条
本细则与国家相关法律法规不一致的，以法律法规为准。其他未尽事宜，按国家和地方相关法律法规执行。
第四十五条
各二级单位要根据本细则，结合各自的具体情况，制定相应的管理制度及实施细则，并醒目张贴，严格监督执行。
第四十六条
本细则自发布之日起实施，由设备与实验室管理处负责解释。原《中山大学危险化学品安全管理办法》（中大设备〔
2015
号）、《中山大学安全管制药品管理办法》（中大设备〔
号）、《中山大学危险化学废弃物管理办法》（中大设备〔
号）同时废止。
中大设备2021-3-中山大学关于印发《中山大学实验室化学品安全管理实施细则》的通知_0.docx",,,,,,,基于公开网页资料自动抽取，导入知识库前请人工复核。,实验室化学品安全管理实施细则 | https://sbc.sysu.edu.cn/article/670,网页,实验室化学品安全管理实施细则,中山大学设备与实验室管理处,,2021-03-31,https://sbc.sysu.edu.cn/article/670,2026-03-15,,reviewed,危化品;化学品管理;储存,zh-CN
WEB-007-001,化学化工实验室安全管理规范,化学,安全管理,化学,4,危化品;综合,化学实验室安全管理规范包含哪些内容,化学实验室安全管理规范包含哪些内容,"扫描此二维码分享
化学化工实验室安全管理规范
发布人：管理员
发布日期：2020-05-25
范围
本标准制定了化学化工实验室（以下文中所述
实验室
皆特指
化学化工实验室
）安全管理规
范，规定了与实验室活动相关的化学品、人员、设备、环境、设施、个体防护装备等安全管理要求。
本标准适用于化学化工实验室，其他涉及化学品的实验室的安全管理可参照执行。
2 规范性引用文件
下列文件对于本标准的应用是必不可少的。凡是注日期的引用文件，仅注日期的版本适用于本文件。凡是不注日期的引用文件，其最新版本（包括所有的修改单）适用于本文件。
GBZ 2.1-2007工作场所有害因素职业接触限值 第 1部分：化学有害因素
GBZ2.2-2007工作场所有害因素职业接触限值 第2部分：物理因素
GB1002家用和类似用途单相插头插座型式、基本参数和尺寸
GB2099家用和类似用途插头插座
GB5135自动喷水灭火系统
GB/T11651-2008个体防护装备选用规范
GB16297-1996大气污染物综合排放标准
GB17945-2010消防应急照明和疏散指示系统
GB18597-2001危险废物贮存污染控制标准
GB25201-2010建筑消防设施的维护管理
GB/T29639-2013生产经营单位生产安全事故应急预案编制导则
GB/T29510-2013个体防护装备配备基本要求
GB30000化学品分类和标签规范
GB/T31190-2014实验室废弃化学品收集技术规范
GB/T34525-2017气瓶搬运、装卸、储存和使用安全规定
GB50016-2014建筑设计防火规范（2018版）
GB50019-2015工业建筑供暖通风与空气调节设计规范
GB50057建筑物防雷设计规范
GB50084-2017自动喷水灭火系统设计规范
GB50116-2013火灾自动报警系统设计规范
GB50140-2005建筑灭火器配置设计规范
GB50166-2007火灾自动报警系统施工及验收规范
GB50261-2017自动喷水灭火系统施工及验收规范
GB50736-2012民用建筑供暖通风与空气调节设计规范
GB50974-2014消防给水及消火栓系统技术规范
GB51251-2017建筑防烟排烟系统技术标准
AQ/T3052-2015危险化学品事故应急救援指挥导则
AQ/T4274-2016局部排风设施控制风速检测与评估技术规范
HJ2025-2012危险废物收集贮存运输技术规范
JGJ91-2019科研建筑设计标准
术语和定义
下列术语和定义适用于本文件。
3.1 化学化工实验室chemistry and chemical engineering laboratories",,,,,,,基于公开网页资料自动抽取，导入知识库前请人工复核。,化学化工实验室安全管理规范 | https://sbc.sysu.edu.cn/article/570,网页,化学化工实验室安全管理规范,中山大学设备与实验室管理处,,2020-05-25,https://sbc.sysu.edu.cn/article/570,2026-03-15,,reviewed,化学实验室;安全管理;危化品,zh-CN
WEB-007-002,化学化工实验室安全管理规范（片段2）,化学,安全管理,化学,4,危化品;综合,化学实验室安全管理规范包含哪些内容,化学实验室安全管理规范包含哪些内容,"25-2012危险废物收集贮存运输技术规范
JGJ91-2019科研建筑设计标准
术语和定义
下列术语和定义适用于本文件。
3.1 化学化工实验室chemistry and chemical engineering laboratories
提供化学、化工实验条件并开展科学研究、技术研发等活动的实验场所以及配套的附属场所。包括高等院校实验室、科研院所实验室、企业实验室（含化验室）、公共实验平台等，不包括中试性质和工业化放大性质的实验室或试验场所。
3.2 危险化学品dangerous chemicals
具有毒害、腐蚀、爆炸、燃烧、助燃等性质，对人体、设施、环境具有危害的剧毒化学品和其他化学品。
3.3 有毒物质poisons
在被吞食、吸入或与皮肤接触后可能造成死亡或严重受伤或损害人体健康的物质。
3.4 有害物质hazardous substances
有害物质是指人类在生产条件下或日常生活中所接触的能引起疾病或使健康状况下降的物质。
3.5 气瓶gas cylinder
公称容积不大于3000L，用于盛装气体的移动式压力容器。
3.6 禁忌物料incompatible materials
化学性质相抵触、相遇可产生激烈反应的或灭火方法不同的化学物料。
3.7 化学品安全技术说明书material safety datasheet; MSDS
化学品的供应商向下游用户、公共机构、服务机构和其他涉及该化学品的相关方传递化学品基本危害信息（包括理化参数、危害特性、运输、操作处置、储存和应急行动信息）的一种载体。
3.8 实验室废弃物laboratory waste
实验室运作过程中产生并需要处理的任何液体、固体或气态物质或物品。
3.9 个体防护装备personal protective equipment
从业人员为防御物理、化学、生物等外界因素伤害所穿戴、配备和使用的各种护品的总称，包括在生产作业场所穿戴、配备和使用的劳动防护用品。
3.10危害辨识hazard identification
危害辨识是运用系统分析的方法，发现并识别生产工艺、设备设施以及作业环境中存在的各类危险
有害因素，采用系统工程的原理对危害因素进行控制和治理，并持续提升控制手段的方法和过程。
3.11应急预案emergency plan
针对可能发生的事故，为迅速、有序地开展应急行动而预先制定的行动方案。
3.12风险risk
发生危险时间或有害暴露的可能性，与随之引发的人身伤害或健康损害的严重性的组合。
3.13风险评估risk assessment
对危险源导致的风险（3.12）进行评估，对现有控制措施的充分性加以考虑以及对风险是否可接受予以确定的过程。
4 管理体系
4.1实验室应建立、实施和维持安全管理体系，编制安全管理手册、程序文件、作业
指导书以及记录",,,,,,,基于公开网页资料自动抽取，导入知识库前请人工复核。,化学化工实验室安全管理规范 | https://sbc.sysu.edu.cn/article/570,网页,化学化工实验室安全管理规范,中山大学设备与实验室管理处,,2020-05-25,https://sbc.sysu.edu.cn/article/570,2026-03-15,,reviewed,化学实验室;安全管理;危化品,zh-CN
WEB-007-003,化学化工实验室安全管理规范（片段3）,化学,安全管理,化学,4,危化品;综合,化学实验室安全管理规范包含哪些内容,化学实验室安全管理规范包含哪些内容,"k assessment
对危险源导致的风险（3.12）进行评估，对现有控制措施的充分性加以考虑以及对风险是否可接受予以确定的过程。
4 管理体系
4.1实验室应建立、实施和维持安全管理体系，编制安全管理手册、程序文件、作业
指导书以及记录
表单。安全管理手册为实验室安全管理体系的纲领性文件，是描述安全管理体系、实施安全管理及促进改进的必需文件。程序文件为安全管理手册的支持性文件，是对安全管理体系中的各项管理活动进行控制的有效依据。作业指导书是安全管理手册和程序文件有效实施的辅助性文件，是对完成各项管理活动的操作规程；记录表单是实验室安全管理体系相关管理活动的原始证据，用于安全管理体系运行中信息的记载、传递和运行情况的证实。
4.2安全管理体系文件应传达至实验室全部人员，并要求其获取、理解和执行。
4.3 由实验室安全责任人对实验室相关人员进行安全管理体系的宣传与贯彻，并定期组织对安全管理体系进行审核及改进，保存相关记录。
4.4 实验室应建立和维持程序来控制安全管理体系相关的所有文件，包括安全管理手册、程序文件、作业指导书、记录表单等。
4.5 实验室制定的安全管理体系文件应有唯一性标识。该标识应包括发布机构、发布日期和/或修订标识、页码、总页数或表示文件结束的标记。
4.6凡作为安全管理体系组成部分发给实验室人员的所有文件，在发布之前应由授权
人员审查并批准
使用。应建立识别管理体系中文件当前的修订状态和分发的控制清单，或等效的文件控制程序文件并使之易于获得，以防止使用无效和/或作废的文件。
4.7实验室安全管理文件为受控文件，不得随意修改，若因特殊情况需要修订，应得到授权并履行相关程序。
组织及职责
5.1实验室应确保所从事的相关活动符合现行有效的安全法律法规和标准的要求。
5.2实验室的安全管理体系应覆盖实验室在其固定场所内进行的所有活动。
5.3 实验室应：
a）配备专职或兼职的安全管理人员。安全管理人员应履行包括实施、维持和改进安全管理体系的职责，识别对安全管理体系的偏离，以及采取预防或减少这些偏离的措施；
b）制定对安全有影响的所有管理、操作和监督人员的职责、权利和相互关系的制度；
c）由熟悉实验室活动和安全要求的安全监督人员对实验室开展的各项工作进行安全监督。赋予安
全监督人员应履行包括评估和报告活动风险、制定和实施安全保障及应急措施、阻止不安全行为或活动的职责；
d）确保实验室人员知晓实验室的安全要求和安全风险。确保人员在其活动的区域承担安全方面的责任和义务，避免因个人原因产生安全隐患或造成安全事故。
5.4 实验室最高管理者对实验室安全和安全管理体系运行负责。",,,,,,,基于公开网页资料自动抽取，导入知识库前请人工复核。,化学化工实验室安全管理规范 | https://sbc.sysu.edu.cn/article/570,网页,化学化工实验室安全管理规范,中山大学设备与实验室管理处,,2020-05-25,https://sbc.sysu.edu.cn/article/570,2026-03-15,,reviewed,化学实验室;安全管理;危化品,zh-CN
WEB-007-004,化学化工实验室安全管理规范（片段4）,化学,安全管理,化学,4,危化品;综合,化学实验室安全管理规范包含哪些内容,化学实验室安全管理规范包含哪些内容,"急措施、阻止不安全行为或活动的职责；
d）确保实验室人员知晓实验室的安全要求和安全风险。确保人员在其活动的区域承担安全方面的责任和义务，避免因个人原因产生安全隐患或造成安全事故。
5.4 实验室最高管理者对实验室安全和安全管理体系运行负责。
5.5 实验室最高管理者应通过以下方式做出承诺：a）遵守国家和地方的法律、法规、标准和其他要求；b）为安全管理体系的建立和运行提供必要的资源，包括但不限于人力资源、设施和设备、技能和
技术、医疗保障、财力资源；
c）明确安全管理人员作用、分配职责、授予权力，提供有效的安全管理，并形成文件和建立沟通机制。
5.6 应在最高管理层中明确实验室安全责任人，并赋予其以下职责和权限：a）建立、实施和运行安全管理体系；b）向实验室最高管理者提交安全绩效报告，以供评审，并为改进体系提供依据。
5.7 实验室应建立沟通和报告机制。包括：a）在实验室内部不同层次和职能部门间进行内部沟通；b）与进入实验室场所的外来人员进行沟通；c）接收、记录和回应来自外部相关方的沟通；d）安全风险隐患及事故事件的报告机制。
5.8 实验室应建立实验室安全的全员参与机制。实验室人员可通过以下多种方式参与实验室安全相关的活动：
a）作业指导书等安全管理体系文件的编制和讨论；b）危险源辨识、风险评估和确定风险控制措施；c）提出安全隐患及改进建议；d）安全风险隐患排查及事故事件的调查；e）安全方针目标的制定和评审；f）商讨影响安全的因素；g）担任员工安全事务代表；
h）应急演练；i）对外来人员进行安全告知、培训和指导等。
5.9 实验室上一级部门或主管部门应设立安全管理部门/委员会，安全管理部门/委员会应有实验室危险源清单，化学品采购、使用、贮存和处理（回收、销毁等）台账与气瓶台账，并按时进行周期性安全检查，定期进行针对性安全检查，安全检查内容应全面，检查记录至少有效保存3年。注：周期性检查主要有年度检查、季度检查、月度检查、周检查和日常检查等，针对性检查主要有全面检查、专项检查等。
人员管理
6.1 人员能力
6.1.1 实验室应配备足够的人员确保实验室的安全工作，并确保实验室人员具备从事相关工作的能力。从事特殊岗位工作的人员，应具备相应的资格。
6.1.2 实验室应确保工作人员清楚所从事的工作可能遇到的危险，包括：a）危险源的种类和性质；b）使用的化学品、仪器/设备、环境等的危险特性；c）可能导致的危害及后果；
d）应采取的防护措施；e）紧急情况下的应急处置措施。
6.2 人员培训
6.2.1 实验室应制定相应的安全培训计划，包括但不限于个体防护装备的使用和维护培训、实验室仪器
设备相关培训、应急培训，保留培训记录并对培训有效性进行评价，评价合格后方可进入实验室。",,,,,,,基于公开网页资料自动抽取，导入知识库前请人工复核。,化学化工实验室安全管理规范 | https://sbc.sysu.edu.cn/article/570,网页,化学化工实验室安全管理规范,中山大学设备与实验室管理处,,2020-05-25,https://sbc.sysu.edu.cn/article/570,2026-03-15,,reviewed,化学实验室;安全管理;危化品,zh-CN
WEB-007-005,化学化工实验室安全管理规范（片段5）,化学,安全管理,化学,4,危化品;综合,化学实验室安全管理规范包含哪些内容,化学实验室安全管理规范包含哪些内容,"措施；e）紧急情况下的应急处置措施。
6.2 人员培训
6.2.1 实验室应制定相应的安全培训计划，包括但不限于个体防护装备的使用和维护培训、实验室仪器
设备相关培训、应急培训，保留培训记录并对培训有效性进行评价，评价合格后方可进入实验室。
6.2.2 实验室应确保进入实验室的所有人员（包括外部人员）经过适用的个体防护装备的使用和维护培训、实验室仪器/设备相关培训等并明确实验室安全规定、风险和程序。
6.2.3 应组织实验室安全责任人及相关人员分析、查找和学习本单位出现的安全风险隐患和事故事件，进行整改并保存所有相关记录。
6.2.4 对新员工或新生做好“三级”（进入单位、部门/课题组、实验室）安全教育及考核并保存相关记录；岗位/工位/工种调整、长时间歇工后上岗前也应做好相应的安全教育和培训。
6.3 人员监督
6.3.1 实验室安全责任人或安全监督人员应对实验室人员进行适当的监督。
6.3.2 实验室所有人员均有权对他人（包括内部员工、承包商和外来人员）进行监督，若发现有违反安全规定的行为应制止并上报实验室最高管理者。
6.4 人员授权
6.4.1 实验室应规定安全管理体系中各岗位职责并进行人员授权或任命。
6.4.2 实验室应实行全员安全责任制，所有员工均应明确在实验室安全管理体系中的职责并作出相关承诺。
化学品管理
7.1 分类
化学品按其危险性分为3大类28项：
1)理化危险（16项）：爆炸物、易燃气体、气溶胶、氧化性气体、加压气体、易燃液体、易燃固体、自反应物质和混合物、自燃液体、自燃固体、自热物质和混合物、遇水放出易燃气体的物质和混合物、氧化性液体、氧化性固体、有机过氧化物和金属腐蚀物。
2)健康危险（10项）：急性毒性、皮肤腐蚀/刺激、严重眼损伤/眼刺激、呼吸或皮肤过敏、生殖细胞致突变性、致癌性、生殖毒性、特异性靶器官系统毒性—单次接触、特异性靶器官系统毒性—反复接触、吸入危险。
3)环境危险（2项）：危害水生环境、危害臭氧层。其具体分类和标签规范详见GB30000.2~GB30000.29。
7.2采购
7.2.1实验室安全管理体系中应有采购、验收、贮存、使用和处理化学品（包括压缩气体、易制毒、易制爆和剧毒化学品）的管理程序。
7.2.2实验室应建立化学品（包括气瓶）采购、使用、贮存和处理（回收、销毁等）台账，并保留所有相关记录。气瓶使用台账可记录使用前后气体压力值，若持续使用气瓶，可每天记录一次。
7.2.3实验室应从具有危险化学品安全生产许可证的生产厂家或危险化学品经营许可证的单位采购危险化学品。
7.2.4实验室采购危险化学品时，应索取安全技术说明书和安全标签（以下称“一书一签”），不得采购无“一书一签”的危险化学品。
7.2.5实验室应从具有气瓶充装许可证的单位采购瓶装气体。",,,,,,,基于公开网页资料自动抽取，导入知识库前请人工复核。,化学化工实验室安全管理规范 | https://sbc.sysu.edu.cn/article/570,网页,化学化工实验室安全管理规范,中山大学设备与实验室管理处,,2020-05-25,https://sbc.sysu.edu.cn/article/570,2026-03-15,,reviewed,化学实验室;安全管理;危化品,zh-CN
WEB-007-006,化学化工实验室安全管理规范（片段6）,化学,安全管理,化学,4,危化品;综合,化学实验室安全管理规范包含哪些内容,化学实验室安全管理规范包含哪些内容,"的生产厂家或危险化学品经营许可证的单位采购危险化学品。
7.2.4实验室采购危险化学品时，应索取安全技术说明书和安全标签（以下称“一书一签”），不得采购无“一书一签”的危险化学品。
7.2.5实验室应从具有气瓶充装许可证的单位采购瓶装气体。
7.2.6实验室采购易制毒、易制爆和剧毒化学品时，应严格按照《易制毒化学品管理条例》、《易制爆危险化学品治安管理办法》、《剧毒化学品购买和公路运输许可证件管理办法》的要求执行。
7.3 验收
7.3.1实验室应严格检查化学品名称、数量、包装、“一书一签”，确认完好后登记入库贮存。
7.3.2气瓶应按照规定进行漆色、标注气体名称和涂刷横条。
7.3.3气瓶上应有符合安全技术规范及国家标准规定的警示标签和充装标签。
7.3.4 使用的气瓶应有合格证，并应由有资质的气瓶检验机构进行定期检验，且在检验有效期内，合格证和检验报告由产权单位保留。
7.4贮存
7.4.1贮存危险化学品应遵照国家法律、法规和其他有关的规定。
7.4.2 实验室应设置符合安全、消防相关技术标准要求的房间贮存危险化学品，该房间内用电设备、通排风设施、输配电线路、灯具、应急照明和疏散指示标志等都应满足相关要求。
7.4.3贮存易燃、易爆危险化学品的建筑，应安装避雷设施，具体遵照GB50057的要求。
7.4.4除贮存化学品房间外，每间实验室内存放的除压缩气体、液化气体、剧毒化学品和爆炸品以外的危险化学品总量不应超过1L/m2或1Kg/m2，其中易燃易爆性化学品的存放总量不应超过0.5L/m2或0.5Kg/m2，且单一包装容器不应大于25L或25Kg。
7.4.5实验室除贮存化学品房间外，其他房间暂时存放在安全柜或试剂柜以外的危化品总量液体不得超过0.2L/m2、固体不得超过0.2Kg/m2；实验台化学试剂架上应只暂放当天用量，用完后应放回安全柜或试剂柜中。
7.4.6危险化学品应参照相关规定进行贮存，且不得与禁忌物料混合贮存。
7.4.7 压缩气体和液化气体应与爆炸物品、氧化剂、易燃物品、自燃物品、腐蚀性物品隔离贮存。盛装液化气体的容器属压力容器的，应有压力表、安全阀、紧急切断装置，并定期检查，不得超装。
7.4.8 易燃气体不得与助燃气体、剧毒气体同存；氧气不得与油脂混合贮存；易燃液体、遇湿易燃物品、易燃固体不得与氧化剂混合贮存；氧化剂应单独存放。
7.4.9 有毒、有害物质应贮存在阴凉、通风、干燥的场所，不得露天存放，不得接近酸类物质；腐蚀性物品，包装应严密，严禁泄漏，严禁与液化气体和其他物品共存。
7.4.10实验室化学品柜上应有信息牌说明存放的类别、名称和数量。
7.4.11 危险化学品入库后应定期检查，发现化学品容器未关紧、破损、渗漏、标签不完整等时，应及时处理。
7.4.12危险化学品贮存区域的温度、湿度应严格控制，发现变化及时调整。",,,,,,,基于公开网页资料自动抽取，导入知识库前请人工复核。,化学化工实验室安全管理规范 | https://sbc.sysu.edu.cn/article/570,网页,化学化工实验室安全管理规范,中山大学设备与实验室管理处,,2020-05-25,https://sbc.sysu.edu.cn/article/570,2026-03-15,,reviewed,化学实验室;安全管理;危化品,zh-CN
WEB-007-007,化学化工实验室安全管理规范（片段7）,化学,安全管理,化学,4,危化品;综合,化学实验室安全管理规范包含哪些内容,化学实验室安全管理规范包含哪些内容,".10实验室化学品柜上应有信息牌说明存放的类别、名称和数量。
7.4.11 危险化学品入库后应定期检查，发现化学品容器未关紧、破损、渗漏、标签不完整等时，应及时处理。
7.4.12危险化学品贮存区域的温度、湿度应严格控制，发现变化及时调整。
7.4.13 贮存化学品的房间应有危险化学品安全技术说明书，且便于查看和索取；操作人员应掌握危险化学品的基本特性和应急处理方法。
7.4.14气瓶搬运、装卸、储存和使用应符合GB/T34525-2017的相关规定。
7.4.15 气瓶应放置于阴凉处的气瓶储存区域中并牢固固定。
7.4.16 气瓶宜配有防震圈。
7.4.17 不同种类的气瓶放置在同一气瓶柜之前应考虑两种气体的相互影响。
7.4.18 需要在气瓶柜外使用的气瓶应直立固定在专用支架上。
7.4.19 氧气气瓶不能与乙炔、CO、CH
等可燃性气体气瓶混放。
7.4.20 HCl、H
S、Cl
、CO等有毒、有害气体（低浓度的标准气体、计量用气体除外）气瓶应单独存放并在不远处配备正压式空气呼吸器。
7.4.21 操作人员应保证气瓶在正常环境温度下使用，防止意外受热：不应将气瓶靠近热源，安放气瓶的地点周围10m范围内，不应进行有明火或可能产生火花的作业。
7.4.22 严禁在化学品储存房间和化学品储存柜内存放其他杂物。
7.5 使用
7.5.1 领用及使用危险化学品应填写领用及使用记录。
7.5.2 易制毒、易制爆与剧毒化学品的领取，应由两人以当日实验的用量领取，如有剩余应在当日退回，并填写相关记录。
7.5.3 使用易制毒、易制爆与剧毒化学品时，应有两人以上方可进行，一人操作，一人监护。操作时应考虑危险化学品的特性并按照仪器/设备操作规程执行。
7.5.4 取用化学品时，应轻拿轻放，防止震动、撞击、倾倒和颠覆；用后应及时盖紧原瓶盖；禁止用手直接取用化学品；禁止化学品入口或直接接近瓶口鉴别。
7.5.5 气瓶应注明气体种类，并在气瓶柜或气瓶上设置“使用中”和“未使用”标识。
7.5.6 气瓶应有阀门手轮或活扳手，气体管路连接根据介质的性质选用适当的材质，如使用铜、不锈钢等金属管线，或聚四氟乙烯、PEEK等塑料管线，并定期进行泄漏检查。
7.5.7 气瓶不使用时应安装上安全保护帽。
仪器/设备管理
8.1 仪器/设备安装
实验室所有仪器/设备应按其使用物品的火灾危险性，在符合要求的建筑或房间内安装运行；建筑或房间内不得超消防批复范围存储物品。
8.2 仪器/设备标识
8.2.1 所有仪器/设备应有负责人、授权使用人、有效日期或检测日期等信息，并具有运行、故障、停用等状态标识。
8.2.2 所有涉及高温、低温、用电、易燃物、危险化学品等的仪器/设备相关部位均应有相应的安全警示标志。
8.3 仪器/设备操作规程",,,,,,,基于公开网页资料自动抽取，导入知识库前请人工复核。,化学化工实验室安全管理规范 | https://sbc.sysu.edu.cn/article/570,网页,化学化工实验室安全管理规范,中山大学设备与实验室管理处,,2020-05-25,https://sbc.sysu.edu.cn/article/570,2026-03-15,,reviewed,化学实验室;安全管理;危化品,zh-CN
WEB-007-008,化学化工实验室安全管理规范（片段8）,化学,安全管理,化学,4,危化品;综合,化学实验室安全管理规范包含哪些内容,化学实验室安全管理规范包含哪些内容,"2.1 所有仪器/设备应有负责人、授权使用人、有效日期或检测日期等信息，并具有运行、故障、停用等状态标识。
8.2.2 所有涉及高温、低温、用电、易燃物、危险化学品等的仪器/设备相关部位均应有相应的安全警示标志。
8.3 仪器/设备操作规程
所有仪器/设备尤其是高温、高速、强磁、低温等仪器/设备附近应有安全操作规程或作业指导书。
8.4 仪器/设备使用授权
8.4.1 实验室应建立仪器/设备管理台账。
8.4.2 所有仪器/设备均应由通过培训考核的授权使用人进行使用，且应定期对授权使用人的能力进行评估。
8.4.3 仪器/设备负责人与授权使用人可对其他人进行仪器/设备使用及相关培训，考核合格后可成为授权使用人。
8.4.4 实验室仪器/设备使用、维修、维护保养时应填写相应记录。
8.4.5 长期停用的仪器设备内部危险介质应妥善处理、设置明显标识并定期维护，重新投用前应进行技术检验、性能评估。
设施管理
9.1报警系统
9.1.1实验室应配备必要的安全报警系统，如火灾报警器、可燃气体报警器、有毒、有害气体报警器等。
9.1.2实验室使用或储存惰性气体的房间应配备氧气报警器。
9.1.3贮存危险化学品房间内应根据风险评估结果安装相应的自动报警监测和火灾自动报警系统。
9.1.4火灾自动报警系统应符合GB50116-2013和GB50166-2007的要求。
9.1.5室内气瓶存放处应根据风险评估结果配备相应的气体传感器和报警系统，气体传感器和报警系统的安装位置应合理。
9.1.6实验室应定期核查报警系统功能有效性并保存记录。
9.2通排风系统
9.2.1 实验室的通风能力应与当前实验室运行情况相适应，应符合GB50736-2012或GB50019-2015对通风的要求。
9.2.2实验室应配备局部排风系统，如：通风橱、排风罩等，且其性能应满足AQ/T4274-2016的要求。
9.2.3 实验室应定期对通排风系统进行功能有效性核查并保存核查记录。
9.2.4 当实验室产生的有毒、有害气体超过GB16297-1996中规定的新污染源大气污染物排放限值时，应通过废气处理装置吸收/吸附达标后才能排放，吸收液或吸附剂定期送有资质单位处理。
9.2.5通风橱内可暂时存放当天实验所需危险化学品，禁止长时间存放危险化学品和杂物。
9.3气瓶柜
9.3.1实验室应配备足够的气瓶柜或气瓶专用支架，以满足使用要求。
9.3.2气瓶柜应存放在阴凉、干燥、严禁明火、远离热源的房间。
9.3.3气瓶柜应定期作相关检验，包括但不限于：柜体外观有无损伤；柜体是否牢固稳定；门锁是否灵活；距火源等不安全因素的距离是否符合要求；如有电控功能、报警系统、排风系统等，需进行功能性核查。保存相关检验或试验记录。
9.3.4存放剧毒或高毒气体的气瓶柜应连接到通风装置。
9.4安全冲洗装置",,,,,,,基于公开网页资料自动抽取，导入知识库前请人工复核。,化学化工实验室安全管理规范 | https://sbc.sysu.edu.cn/article/570,网页,化学化工实验室安全管理规范,中山大学设备与实验室管理处,,2020-05-25,https://sbc.sysu.edu.cn/article/570,2026-03-15,,reviewed,化学实验室;安全管理;危化品,zh-CN
WEB-007-009,化学化工实验室安全管理规范（片段9）,化学,安全管理,化学,4,危化品;综合,化学实验室安全管理规范包含哪些内容,化学实验室安全管理规范包含哪些内容,"体外观有无损伤；柜体是否牢固稳定；门锁是否灵活；距火源等不安全因素的距离是否符合要求；如有电控功能、报警系统、排风系统等，需进行功能性核查。保存相关检验或试验记录。
9.3.4存放剧毒或高毒气体的气瓶柜应连接到通风装置。
9.4安全冲洗装置
9.4.1使用危险化学品的实验室应配置紧急喷淋装置和洗眼器且应有使用说明或图示。
9.4.2 紧急喷淋和洗眼器装置安装地点与工作区域之间畅通，距离不超过15米，安装位置合适，拉杆位置合适、方向正确。
9.4.3紧急喷淋装置应安装围堰，防止冲洗水外溢。
9.4.4紧急喷淋装置水管总阀处常开状，喷淋头下方无障碍物，不能以普通淋浴装置代替紧急喷淋装置。
9.4.5洗眼器应接入生活用水管道，水量水压适中（喷出高度10-30cm），水流畅通平稳。
9.4.6紧急喷淋装置和洗眼器应至少每周冲洗一次。
9.4.7实验室应每半年至少一次对紧急喷淋装置和洗眼器进行功能有效性核查并保存核查记录。
9.5防爆与防静电设施
9.5.1属于爆炸性气体环境0-2区或爆炸性粉尘环境20-22区的实验室，包括通风橱，照明，电气仪表等均应使用相应防爆等级的防爆设备；配备相应的防静电措施，操作人员应避免穿易产生静电的内外服装；并不得使用明火加热和电炉。
9.5.2使用低闪点、易燃易爆化学品的实验室应配备防爆冰箱。
9.5.3设计专用于储存易燃液体或易燃气体的房间或区域，除非经过特殊的评估或论证，否则至少应按
照气体危险区域2区的要求进行防爆电器选型及安装。
9.5.4实验室应定期核查防爆设施与防静电设施的功能有效性并保存相关记录。
9.6消防设施
9.6.1新建实验室的建设要求可参照JGJ91-2019。
9.6.2 实验室所在楼或楼层应通过消防单位或第三方消防机构的安全评估，合格后方可使用，并保存消防单位评估记录。
9.6.3 实验室应按照GB50974-2014的要求保证消防给水及配备消火栓系统；实验室所在建筑的防烟排烟系统应符合GB51251-2017的要求。
9.6.4 实验室所在楼或楼层的消防应急照明和疏散指示系统应符合GB50016-2014和GB17945-2010的相关规定。
9.6.5实验室应配备充足有效的消防设施，定期检查有效期并及时更换。
9.6.6 实验室应按可能出现的火灾类型和危险等级配备灭火器，且灭火器的配置类型、规格、数量及其设置位置应符合GB50140-2005的相关要求。
9.6.7实验室消防指示信息应齐全，墙上高1.5米以上与墙高0.5米处均应有反光贴指示灭火器。
9.6.8 实验室公共区域的消火栓、灭火器等消防设施应有明显标识。对使用有机物、油品等实验室，应配备溢油控制材料如吸油砂、吸油毡等，实验室人员应接受溢油清理训练。。",,,,,,,基于公开网页资料自动抽取，导入知识库前请人工复核。,化学化工实验室安全管理规范 | https://sbc.sysu.edu.cn/article/570,网页,化学化工实验室安全管理规范,中山大学设备与实验室管理处,,2020-05-25,https://sbc.sysu.edu.cn/article/570,2026-03-15,,reviewed,化学实验室;安全管理;危化品,zh-CN
WEB-007-010,化学化工实验室安全管理规范（片段10）,化学,安全管理,化学,4,危化品;综合,化学实验室安全管理规范包含哪些内容,化学实验室安全管理规范包含哪些内容,"指示信息应齐全，墙上高1.5米以上与墙高0.5米处均应有反光贴指示灭火器。
9.6.8 实验室公共区域的消火栓、灭火器等消防设施应有明显标识。对使用有机物、油品等实验室，应配备溢油控制材料如吸油砂、吸油毡等，实验室人员应接受溢油清理训练。。
9.6.9贮存危险化学品的建筑物内，如条件允许，应安装自动喷水灭火系统（遇水燃烧危险化学品，不可用水扑救的火灾除外），系统各部件要求可参见GB5135.1~GB5135.21；其喷淋强度、作用面积和供水时间应符合GB50084-2017的要求；其维护管理应满足GB50261-2017的要求。
9.6.10实验室应定期组织员工进行消防演练或培训，并保存消防演练或培训记录。
9.6.11实验室应按照GB25201-2010的要求对建筑消防设施进行维护和管理。
9.7电气设备
9.7.1 实验室应有电源总闸，停止工作时，应关闭总闸门。以楼层为控制单元的，在电源总闸上应明示控制开关的区域。
9.7.2实验室电器插头和连接用插头应符合GB1002和GB2099.1 ~2099.2。
9.7.3实验室所有电气设备应正确接地，所有电线都处于良好状态，无开裂、脆化、磨损现象。
9.7.4禁止电线横穿地板。
9.7.5所有电机应有过载保护或热继电器保护。
9.7.6电机外壳应有明显的安全警示。
9.7.7 高温电器如高温马弗炉、电热烘箱等不得放置在木质或合成材料桌面上，并在电器明显处应有“高温”、“防烫”、“触电危险”等标识牌。
9.7.8加热电器的接线端子等应处于封闭状态，不能裸露。
9.7.9大功率电器应有过载保护、漏电保护、单独地线。
9.7.10实验室应有独立配电箱或配线盒，墙面配电箱/盒采用带盖封闭式。
9.7.11配线箱/盒应从楼层或房间内的配电柜连接。
9.7.12 实验室电容量与用电设备功率需匹配，电源插座须固定。
9.7.13 插座、插头、接线板符合国家质量认证的合格产品。
9.7.14 不得乱拉临时电线，套接接线板。固定电源插座应保持完整无损坏，避免多台设备使用共同的电源插座。接线板和插座的配制应满足所用电气设备的负荷。
9.7.15 配电柜、接线盒等过载保护器后引出的电线，应用硬线管保护。
9.7.16 电线宜布置在线廊、塑料管或蛇皮管内。
9.7.17 无防护管保护的电线，应用软管保护。
9.7.18 软电线宜固定在设备或框架上。
9.7.19 通风橱内不宜设置或放置插座、插头、接线板。
10
环境管理
10.1安全标识
10.1.1 实验室所在楼或楼层均应设置符合安全疏散要求的安全出口，且实验室房门距最近安全出口的距离应符合GB50016-2014的规定。
10.1.2 实验室房间门应向安全出口方向开启，且1.5米范围内不应有任何障碍物。
10.1.3 实验室显著位置应有应急疏散图，所在楼道应有安全方位标识。",,,,,,,基于公开网页资料自动抽取，导入知识库前请人工复核。,化学化工实验室安全管理规范 | https://sbc.sysu.edu.cn/article/570,网页,化学化工实验室安全管理规范,中山大学设备与实验室管理处,,2020-05-25,https://sbc.sysu.edu.cn/article/570,2026-03-15,,reviewed,化学实验室;安全管理;危化品,zh-CN
WEB-007-011,化学化工实验室安全管理规范（片段11）,化学,安全管理,化学,4,危化品;综合,化学实验室安全管理规范包含哪些内容,化学实验室安全管理规范包含哪些内容,"求的安全出口，且实验室房门距最近安全出口的距离应符合GB50016-2014的规定。
10.1.2 实验室房间门应向安全出口方向开启，且1.5米范围内不应有任何障碍物。
10.1.3 实验室显著位置应有应急疏散图，所在楼道应有安全方位标识。
10.1.4 实验室的实验区和非实验区，防护区和非防护区均应有明显的分隔标识线。
10.1.5 实验室门口应有安全信息牌，至少应包括实验室危害类型、个体防护要求、气瓶种类与数量、安全责任人及联系方式等内容。
10.1.6 实验室全部工作场所应有明显的危险源标识，包括剧毒品、放射性强磁、病原微生物、同位素等高危场所，应有明显的警示标识。
10.1.7 实验室各房间门内外应有明显的进、出标识。
10.1.8 实验室贮存柜或抽屉上应贴有内部存放所有物品的标签，且标签与物品信息应一致。
10.1.9 实验室所有工作场所应有清楚、明显和统一的标志，如安全警示标志、安全防护标志等。
10.2其他要求
10.2.1 实验室的固定办公区域应与实验操作区域隔离；如实验室内设置有临时记录区，应设置在靠近安全出口的位置。
10.2.2 实验室门应保持关闭状态，以隔绝火与烟。
10.2.3 实验室应有应急出入措施，供电失灵时应能打开电子门锁，各房间有备用应急钥匙并统一管理。
10.2.4 实验室外的公共区域不得堆放仪器、物品等；楼道紧急出口不得上锁，保证所有出口通道畅通无阻。
10.2.5 危险材料、化学品贮存柜、气瓶禁止放于实验室主要出口附近。
10.2.6 废旧物品和仪器应及时进行报废处理。
10.2.7 甲、乙类危险物品不得储存在地下室或半地下室。
10.2.8 实验室人员在实验室所接触的化学有害因素，包括化学物质、粉尘和生物因素，其在实验室空气中的浓度应不超过GBZ2.1所规定的限值。
10.2.9 实验室人员在实验室所接触的物理因素，包括：超高频辐射、高频电磁场、工频电场、激光辐射、噪声等，应不超过GBZ2.2所规定的限值。
10.2.10 实验室的职业病危害因素应按照《职业病防治法》的要求进行定期检测，当出现异常情况时应进行应急监测。
11
安全风险辨识评估
11.1 实验室应建立、实施和维持程序，以持续进行危害辨识和风险评估。应对实验室的所有工作进行危害辨识和风险评估。
11.2 实验室应系统识别实验室活动所有阶段可预见的危险源，识别所有与各类活动相关的可预见的危险，如机械、电气、高温、低温、火灾、噪声、毒物、辐射、化学等危险；或与任务不直接相关的可预见的危险，如实验室突然停电、停水、自然灾害等特殊状态下的安全。
11.3 实验室应从化学品、人员、仪器/设备、环境、设施等方面进行危险源辨识。
11.4 风险评估应考虑（但不限于）以下内容：
a）常规和非常规活动，包括新引入的化学品危害及安全措施、新开放或引入的化学反应或工艺等；",,,,,,,基于公开网页资料自动抽取，导入知识库前请人工复核。,化学化工实验室安全管理规范 | https://sbc.sysu.edu.cn/article/570,网页,化学化工实验室安全管理规范,中山大学设备与实验室管理处,,2020-05-25,https://sbc.sysu.edu.cn/article/570,2026-03-15,,reviewed,化学实验室;安全管理;危化品,zh-CN
WEB-007-012,化学化工实验室安全管理规范（片段12）,化学,安全管理,化学,4,危化品;综合,化学实验室安全管理规范包含哪些内容,化学实验室安全管理规范包含哪些内容,"害等特殊状态下的安全。
11.3 实验室应从化学品、人员、仪器/设备、环境、设施等方面进行危险源辨识。
11.4 风险评估应考虑（但不限于）以下内容：
a）常规和非常规活动，包括新引入的化学品危害及安全措施、新开放或引入的化学反应或工艺等；
b）正常工作时间和正常工作时间之外所进行的活动；
c）所有进入实验室的人员的活动；
d）人员因素，包括行为、能力、身体状况、可能影响工作的压力等；
e）源自工作场所外的活动，对实验室内人员的健康产生的不利影响；
f）工作场所附近，相邻区域的实验室相关活动对其产生的风险；
g）工作场所的设施、设备和材料，无论是本实验室还是外界提供的；
h）实验室功能、活动、材料、设备、环境、人员、相关要求等发生变化；
i）安全管理体系的更改，涉及对运行、过程和活动的影响；
j）任何与风险评估和必要的控制措施实施相关的法定要求；
k）实验室结构和布局、区域功能、设备安装、运行程序和组织结果，以及人员的适应性；
l）本实验室或相关实验室已发生的安全事故。
11.5 发生以下情况时，应重新进行风险评估：
a）采用新的设备、材料、方法、环境、人员发生变化或改变实验室结构的功能时；
b）包括物质存储或使用的实验室分区执行的任务发生改变之前；
c）变更工作流程时；
d）发生事故后。
12
安全风险管控
12.1 管控原则
12.1.1 实验室应根据危害辨识和风险评估制定相应的风险控制措施。
12.1.2 在控制风险时，宜采用风险分级管控，控制顺序如下：
a）消除来自实验室的危险源；
b）采用替代物或替代方法来减少风险；
c）隔离危险源来控制风险；
d）应用工程控制、抑制或减少接触，例如局部排风通风；
e）采用安全工作行为最小化接触，包括改变工作方法；
f）在采用其他的有效控制危险源的方法不可行时，使用合适的个体防护装备。以上措施仍无法将风险降低到可接受的水平，应再次进行安全风险评估，直至停止工作。
12.2 一般性风险管控
12.2.1 实验室内严禁饮食，严禁吸烟。
12.2.2 实验室特定区域如化学品存放处、易燃易爆物品存放处、气瓶存放处等严禁烟火。
12.2.3 实验室应配备足够、有效且适用的个体防护装备，包括但不限于：实验服、护目镜、防护面罩、防护口罩、防毒面具、安全帽、防护手套；个体防护装备的配备要求和选用规范应分别参照GB/T29510-2013和GB/T11651-2008。
12.2.4 实验人员应按规定穿戴防护服、长裤、手套、护目镜、口罩等必要的防护用具，在有化学品沾染或转动部件卷入风险的情况下长发应盘发或带帽，不得穿高跟鞋、凉鞋、拖鞋、短裤、短裙等露手腕、脚踝部位的衣服进入实验室。
12.2.5 危险物品和设备不得放于走廊上。
12.2.6 实验室所有人员均应明确所在岗位所必需的防护。",,,,,,,基于公开网页资料自动抽取，导入知识库前请人工复核。,化学化工实验室安全管理规范 | https://sbc.sysu.edu.cn/article/570,网页,化学化工实验室安全管理规范,中山大学设备与实验室管理处,,2020-05-25,https://sbc.sysu.edu.cn/article/570,2026-03-15,,reviewed,化学实验室;安全管理;危化品,zh-CN
WEB-007-013,化学化工实验室安全管理规范（片段13）,化学,安全管理,化学,4,危化品;综合,化学实验室安全管理规范包含哪些内容,化学实验室安全管理规范包含哪些内容,"具，在有化学品沾染或转动部件卷入风险的情况下长发应盘发或带帽，不得穿高跟鞋、凉鞋、拖鞋、短裤、短裙等露手腕、脚踝部位的衣服进入实验室。
12.2.5 危险物品和设备不得放于走廊上。
12.2.6 实验室所有人员均应明确所在岗位所必需的防护。
12.2.7 实验室公共区域应配备必需的防护设施和设备。
12.2.8 实验室现场人员包括本单位、外访、供应商等在所有工作时间正确穿戴个体防护装备。
12.2.9 所有物品使用完后应放回指定储存或回收位置。
12.3 化学品风险管控
12.3.1 使用化学品时，应按化学品的危害程度，选择合适的个体防护装备。
12.3.2 化学品的移取、称量、操作应根据其危害性在通风橱、平衡通风罩（VBE）、手套箱内或特定的区域进行。
12.3.3 使用易燃、易爆气体的房间，应根据气体可燃性或危险性安装相应的可燃气体报警器。
12.4 实验室废弃物风险管控
12.4.1 实验室产生的废弃物应分类统一收集、管理，并由有处理资质的单位进行处理。
12.4.2 实验室废弃化学品应按照GB/T31190-2014的要求进行分类、收集、贮存、日常管理等。
12.4.3 实验室危险废物应按照GB18597-2001、HJ2025-2012的要求进行收集、贮存和处置等。
12.4.4 实验室应编制废弃物收集的相关作业指导书，并保留废弃物收集、转运与处理记录。
12.4.5 废液和废化学品应按照性质，用无破损且不会被废液腐蚀、溶解/溶胀的容器进行收集。瓶上应有废液标签，标明废液成分、组成、质量或体积、酸碱性、危害性、日期等信息。
12.4.6 固体废弃物应包装好后粘贴废弃物标签，明确固体物成分、组成、质量、危害性、日期等信息。
12.4.7 实验室产生的有毒、有害废气，应采取有效措施进行处理，达标后排放。
12.4.8在实验室内处理有毒、有害、不稳定化学品、自燃化学品、氧化物等危险化学品之前应对处理的方法进行安全评估，并编制专项处置方案和应急预案，确保处理过程安全可控，处理人员应严格按照处理方法进行操作。
12.4.9 泄漏或渗漏危险化学品的包装容器应放置在合适的托盘或容器内迅速移至安全区域进行处理。
12.4.10 实验室废弃物存放处应有明显标识。
12.4.11下述（不仅限于）所列的废液不应互相混合：a）过氧化物与有机物；b）氰化物、硫化物、次氯酸盐与酸；c）盐酸、氢氟酸等挥发性酸与不挥发性酸；d）浓硫酸、磺酸、羟基酸、聚磷酸等酸类与其它的酸；e）铵盐、挥发性胺与碱。
12.4.12 应设置专门的尖锐物回收盒收集废弃的尖利物品，如：针头、刀片、破碎玻璃器皿或仪器等。
12.4.13 应予以处理的废液的最低浓度、收集分类及处理方法见附录B。
12.5 玻璃器具风险管控",,,,,,,基于公开网页资料自动抽取，导入知识库前请人工复核。,化学化工实验室安全管理规范 | https://sbc.sysu.edu.cn/article/570,网页,化学化工实验室安全管理规范,中山大学设备与实验室管理处,,2020-05-25,https://sbc.sysu.edu.cn/article/570,2026-03-15,,reviewed,化学实验室;安全管理;危化品,zh-CN
WEB-007-014,化学化工实验室安全管理规范（片段14）,化学,安全管理,化学,4,危化品;综合,化学实验室安全管理规范包含哪些内容,化学实验室安全管理规范包含哪些内容,"类与其它的酸；e）铵盐、挥发性胺与碱。
12.4.12 应设置专门的尖锐物回收盒收集废弃的尖利物品，如：针头、刀片、破碎玻璃器皿或仪器等。
12.4.13 应予以处理的废液的最低浓度、收集分类及处理方法见附录B。
12.5 玻璃器具风险管控
12.5.1 不同种类的玻璃器具应分类存放，不得与其他物品混放，存放处的外壁应有标签写明种类和数量。
12.5.2 所有玻璃器具使用时，应选择合适的个体防护装备。
12.5.3 玻璃器具被加热时，应有防护板或隔离板。
12.5.4 使用明火加热或电炉直接加热玻璃容器时，应有透明保护罩或戴防护罩。
12.5.5明火或电炉不能加热装有机物的敞口玻璃容器。
12.6仪器/设备风险管控
12.6.1反应器、分离等金属设备的取样口、连接口等部位应有防护板。
12.6.2有马达、皮带轮、轴承等转动部件，应有封闭金属防护网或防护罩。
12.6.3仪器/设备操作时，应根据需要选择合适的个体防护装备。
12.7其他风险管控
12.7.1对于产生噪声危害的设备，应进行降噪处理，操作人员应进行听力防护。
12.7.2使用危险性、腐蚀性、可燃性气体房间，未经许可不应使用明火或电炉加热。
12.7.3实验室应配备紧急医疗用品急救药箱，包括但不限于：创可贴、碘伏、棉签、绷带、止血带等临时医疗用品；如果使用氢氟酸（HF），还应配备葡萄糖酸钙凝胶（解毒剂），经医护人员培训指导后使用。
12.7.4 实验室应根据风险评估的结果，结合从相关的MSDS、GB/T29510-2013和GB/T11651-2008中获取的信息，决定是否需要使用额外的或更专业化的个体防护装备，如隔绝式呼吸器等。
13
应急管理
13.1实验室应急管理应遵守国家和地方的法律、法规、标准和其他要求。
13.2实验室应制定包括但不限于以下情况发生时的专项应急预案或现场处置方案：火灾、爆炸、化学品泄漏、中毒、烧伤、冻伤、电击、电离辐射。应急预案的编制可参见GB/T29639-2013的相关要求。
13.3实验室应定期开展应急演练。
13.4实验室内发生火灾、爆炸、化学品泄漏、辐射、触电等紧急情况时应立即做出响应。
13.5实验室危险化学品应急管理应参照AQ/T3052-2015。
13.6使用剧毒气体的实验室应配备专业处置人员或消防员。
13.7实验室上一级部门应掌握实验室危害辨识、风险评估与应急预案情况，必要时采取相应措施。
参考文献
[1] GB/T1.1-2009标准化工作导则第1部分：标准的结构和编写
[2] GB/T13005-2011气瓶术语
[3] GB13690-2009化学品分类和危险性公示通则
[4] GB15603常用危险化学品贮存通则
[5] GB18218-2018危险化学品重大危险源辨识
[6] GB/T27476检测实验室安全",,,,,,,基于公开网页资料自动抽取，导入知识库前请人工复核。,化学化工实验室安全管理规范 | https://sbc.sysu.edu.cn/article/570,网页,化学化工实验室安全管理规范,中山大学设备与实验室管理处,,2020-05-25,https://sbc.sysu.edu.cn/article/570,2026-03-15,,reviewed,化学实验室;安全管理;危化品,zh-CN
WEB-007-015,化学化工实验室安全管理规范（片段15）,化学,安全管理,化学,4,危化品;综合,化学实验室安全管理规范包含哪些内容,化学实验室安全管理规范包含哪些内容,"B/T13005-2011气瓶术语
[3] GB13690-2009化学品分类和危险性公示通则
[4] GB15603常用危险化学品贮存通则
[5] GB18218-2018危险化学品重大危险源辨识
[6] GB/T27476检测实验室安全
[7] GB/T28001-2011职业健康安全管理体系要求
[8] GB/T28002-2011职业健康安全管理体系实施指南
[9] GB50058-2014爆炸危险环境电力装置设计规范
[10] HG20571-2014化工企业安全卫生设计规范
[11] DB11/T1191.1-2018实验室危险化学品安全管理规范第1部分：工业企业
[12] DB11/T1191.2-2018实验室危险化学品安全管理规范第2部分：普通高等学校
[13]ISO45001:2018 Occupational health and safety management systems Requirements with guidance for use",,,,,,,基于公开网页资料自动抽取，导入知识库前请人工复核。,化学化工实验室安全管理规范 | https://sbc.sysu.edu.cn/article/570,网页,化学化工实验室安全管理规范,中山大学设备与实验室管理处,,2020-05-25,https://sbc.sysu.edu.cn/article/570,2026-03-15,,reviewed,化学实验室;安全管理;危化品,zh-CN
WEB-009-001,实验室危险废弃物安全处置管理办法,化学,危废管理,化学,4,危废;三废,实验室危险废弃物安全处置有哪些要求,实验室危险废弃物安全处置有哪些要求,"中国地质大学（武汉）实验室危险废弃物安全处置管理办法
发布人：
发表时间：2016-11-09
点击：
为加强实验室危险废弃物的处置管理，防止污染环境，保障学校实验教学的顺利进行，保护参加实验教学的教师、学生的身体健康，实现实验室危险废弃物处置管理的制度化、规范化，根据《中华人民共和国环境保护法》、《中华人民共和国固体废物污染环境防治法》及《废弃危险化学品污染环境防治办法》等相关法律法规，特制定本办法。
第一章 总 则
第一条 学校实验室技术安全领导小组负责统一领导全校实验室危险废弃物的管理工作。实验室设备处负责执行具体的管理责任。
第二条 实验室危险废弃物（以下简称“三废”），是指实验室在教学、科研活动等过程中所产生的，列入《国家危险废物名录》或根据国家规定的危险废弃物鉴别标准和鉴别方法认定的有毒有害化学废液、废气、废渣、粉尘及其污染物。
第三条 实验室“三废”的安全处置原则是“分类收集、定点存放、专人管理、集中处理”。对进入实验室的工作人员和学生必须进行实验室安全知识教育，熟知“三废”处置原则和规定。
第四条 实验室“三废”处置包括收集、暂存、转移及处理等环节工作。各学院或重点实验室“三废”处置管理组织体系应与本单位危险化学品管理组织体系相同，同时需确定专职人员负责“三废”处置日常管理工作，宣传、贯彻、执行国家和学校有关“三废”安全管理的法规、制度；责任人负责收集、暂存本单位各实验室产生的“三废”，并负责将“三废”转交实验室设备处集中处置。
第五条 学校设立“实验室危险废弃物处置基金”，专门用于处理“三废”。全校所有教学、科研实验室产生的“三废”其处置费用由实验室设备处统一支付。
第六条 学校对严格执行本办法，主动收集、严格管理、安全工作做得好的单位和个人，在年终学校实验室技术安全管理工作评优时应予表彰和奖励。对违反本办法的单位和个人，实施一票否决制，除责令整改、通报批评外，年度考核不得评优；造成严重后果的，由司法机关追究有关人员的刑事责任。
第二章 收集、暂存、转移及处理要求
第七条 学校实行实验室“三废”处置管理责任“二层”落实制度，学校与各学院或国家重点实验室之间、各学院或国家重点实验室与各实验室之间，须分别签订《实验室危险废弃物规范化处置责任书》（各层责任书样本在实验室设备处网站下载）。
第八条 实验室负责人有责任对进入实验室进行教学或科研活动的人员进行“三废”处置方面的培训、管理与监督。
第九条 各单位按需向实验室设备处安全与材料管理科领取“三废”回收容器及《实验废弃物标签》，按标签要求详细填写废弃物的名称、主要成分、类别、时间、责任人等信息并粘贴在废液桶上。",,,,,,,基于公开网页资料自动抽取，导入知识库前请人工复核。,实验室危险废弃物安全处置管理办法 | https://sbc.cug.edu.cn/info/1013/1172.htm,网页,实验室危险废弃物安全处置管理办法,中国地质大学（武汉）实验室与设备管理处,,2016-11-09,https://sbc.cug.edu.cn/info/1013/1172.htm,2026-03-15,,reviewed,危废;三废;处置,zh-CN
WEB-009-002,实验室危险废弃物安全处置管理办法（片段2）,化学,危废管理,化学,4,危废;三废,实验室危险废弃物安全处置有哪些要求,实验室危险废弃物安全处置有哪些要求,"进行教学或科研活动的人员进行“三废”处置方面的培训、管理与监督。
第九条 各单位按需向实验室设备处安全与材料管理科领取“三废”回收容器及《实验废弃物标签》，按标签要求详细填写废弃物的名称、主要成分、类别、时间、责任人等信息并粘贴在废液桶上。
第十条 实验室“三废”收集容器应存放在符合安全与环保要求的专门房间及室内特定区域，废液贮存时间不宜过长，要避免高温、日晒、雨淋，远离火源及生活垃圾，以免加速废液的化学反应。各实验室应根据产生危险废弃物情况制定具体的收集注意事项、意外事故防范措施及应急预案，并张贴于实验室危险废弃物收集容器旁明显处；同时也要张贴危险废弃物标志、实验室危险废弃物处置管理办法。
第十一条 实验后多余的、新产生的或失效（包括标签丢失、模糊）的危险废弃化学品，严禁乱丢乱倒。实验人员须将各类废弃物品分类包装、贴好标签后送各单位规定的危险废弃物存贮点，存贮点附近严禁明火。
第十二条 不具相容性的废弃物须分别收集，不相容废弃物的收集容器须分开存放，以免泄露物接触发生强烈的化学反应而造成事故。各实验室须根据本实验室产生的废物情况列出废物相容表或不相容表，悬挂于实验室明显处，并公告周知。
第十三条 各单位须定期对所贮存的收集容器和设施进行检查，发现破损应及时采取措施清理更换。
第十四条 学校定期、定点收集危险废弃物，选择有资质的专业厂家集中处理危险废弃物。
第十五条 严格控制污染源，实验过程产生的“三废”，提倡综合利用。
（一）废酸、废碱需中和后再行排放，严禁直接倒入下水道或普通垃圾桶。
（二）有机废液或有害残渣，须回收保存，由实验室设备处确定的有资质的专业回收公司回收，不得自行处理废弃物。
（三）低浓度的洗涤废水和无害废水可通过下水道进入废水处理系统，排放时其有害物质浓度不得超过国家和环保部门规定的排放标准。
（四）废液中浓度高的应集中贮存以便于回收某些组分，浓度低的经适当处理确认安全后，方能倒入废液桶。易挥发的废液应储存在密闭泄压容器内，防止挥发性气体逸出污染实验环境。
（五）实验产生的废气应达到国家相关排放标准后，通过通风柜和排风扇等排风设施排放；未达标的应采取中和、吸收等适当措施，处理达标后排放。
第三章 附 则
第十六条 各单位应根据本办法，结合实际情况另行制定相应的实施细则或管理规定。本办法未尽事项，按国家有关法律法规执行。
第十七条 本办法自公布之日起试行，由学校实验室设备处负责解释。",,,,,,,基于公开网页资料自动抽取，导入知识库前请人工复核。,实验室危险废弃物安全处置管理办法 | https://sbc.cug.edu.cn/info/1013/1172.htm,网页,实验室危险废弃物安全处置管理办法,中国地质大学（武汉）实验室与设备管理处,,2016-11-09,https://sbc.cug.edu.cn/info/1013/1172.htm,2026-03-15,,reviewed,危废;三废;处置,zh-CN
WEB-010-001,高等学校实验室安全规范（教育部）,通用,国家规范,通用,3,综合安全,教育部高等学校实验室安全规范有哪些核心要求,教育部高等学校实验室安全规范有哪些核心要求,"教育部办公厅关于印发《高等学校实验室安全规范》的通知
2023-02-21
教育部
教科信厅函〔2023〕5号
各省、自治区、直辖市教育厅（教委），新疆生产建设兵团教育局，有关部门（单位）教育司（局），部属各高等学校、部省合建各高等学校：
为加强高校实验室安全工作，确保广大师生人身安全和校园稳定，现将《高等学校实验室安全规范》印发给你们，请遵照执行。
教育部办公厅
2023年2月8日
附件：
《高等学校实验室安全规范》
高等学校实验室安全规范
第一章 总则
第一条 为了进一步加强高校实验室安全工作，有效防范和消除安全隐患，最大限度减少实验室安全事故，保障校园安全、师生生命安全和学校财产安全，根据《中华人民共和国安全生产法》《中华人民共和国消防法》《生产安全事故报告和调查处理条例》等国家法律法规，结合高校实际情况，制定本规范。
第二条 本规范中高校实验室，是指隶属于高校从事教学、科研等实验实训活动的场所及其所属设施。
第三条 高校实验室建设和使用应认真贯彻落实国家各项安全相关法律法规，保障实验活动安全有序进行。
第四条 高校实验室安全工作应坚持“安全第一、预防为主、综合治理”的方针，实现规范化、常态化管理体制，重点落实安全责任体系、管理制度、教育培训、安全准入、条件保障，以及危险化学品等危险源的安全管理内容。
第二章 实验室安全责任体系
第五条 校级安全责任体系
（一）学校应统筹管理实验室安全工作，把实验室安全工作纳入学校事业发展规划。
（二）学校实验室安全管理工作坚持“党政同责，一岗双责，齐抓共管，失职追责”原则。党政主要负责人是第一责任人，分管实验室工作的校领导是重要领导责任人，协助第一责任人负责实验室安全工作，其他校领导在分管工作范围内对实验室安全工作负有支持、监督和指导职责。
（三）设立校级实验室安全工作领导机构，并明确人员和分工。
（四）明确实验室安全主管职能部门、其他相关职能部门和二级教学科研单位（以下统称二级单位）实验室安全管理的职责，建立健全全员实验室安全责任制，配备足额的专职安全人员。
（五）与各相关二级单位签订实验室安全责任书。
（六）建立健全项目风险评估与管控机制，尤其要依托现代技术手段加强信息化建设，构建实验室安全全周期管理工作机制。
（七）建立健全实验室安全教育培训与准入体系。
（八）建立健全实验室安全分级分类管理体系。
（九）建立实验室安全隐患举报制度，公布实验室安全隐患举报邮箱、电话、信箱等。
第六条 二级单位安全责任体系
（一）二级单位党政负责人是实验室安全工作主要领导责任人。",,,,,,,基于公开网页资料自动抽取，导入知识库前请人工复核。,高等学校实验室安全规范（教育部） | https://www.cernet.edu.cn/ke_yan_yu_fa_zhan/gai_kuang/xin_wen_gong_gao/202302/t20230221_2301697.shtml,网页,高等学校实验室安全规范（教育部）,中国教育和科研计算机网,,2023-02-21,https://www.cernet.edu.cn/ke_yan_yu_fa_zhan/gai_kuang/xin_wen_gong_gao/202302/t20230221_2301697.shtml,2026-03-15,,reviewed,国家标准;教育部;实验室安全,zh-CN
WEB-010-002,高等学校实验室安全规范（教育部）（片段2）,通用,国家规范,通用,3,综合安全,教育部高等学校实验室安全规范有哪些核心要求,教育部高等学校实验室安全规范有哪些核心要求,"实验室安全教育培训与准入体系。
（八）建立健全实验室安全分级分类管理体系。
（九）建立实验室安全隐患举报制度，公布实验室安全隐患举报邮箱、电话、信箱等。
第六条 二级单位安全责任体系
（一）二级单位党政负责人是实验室安全工作主要领导责任人。
（二）二级单位应明确分管实验室安全的班子成员和各实验室安全管理人员。
（三）与所属各实验室负责人签订安全责任书。
（四）结合自身实际情况和学科专业特点，有针对性的建立实验室安全教育培训与准入制度。
（五）定期开展实验室安全各类隐患检查，对隐患整改实行闭环管理。
（六）建立应急预案，定期进行培训和实施演练。
第七条 实验室安全责任体系
（一）实验室负责人是本实验室安全工作的直接责任人，应严格落实实验室安全准入、隐患整改、个人防护等日常安全管理工作，切实保障实验室安全。
（二）项目负责人（含教学课程任课教师）是项目安全的第一责任人，须对项目进行危险源辨识和风险评估，并制定防范措施及现场处置方案。
（三）实验室负责人应指定安全员，负责本实验室日常安全管理。
（四）实验室负责人应与相关实验人员签订安全责任书或承诺书。
第八条 安全工作奖惩机制
（一）强化学校主体责任，根据“谁使用、谁负责，谁主管、谁负责”原则，把责任落实到岗位或个人。
（二）学校应将实验室安全工作纳入内部检查、日常工作考核和年终考评内容。对在实验室安全工作中成绩突出的单位和个人给予表彰和奖励；对履职尽责不到位的个人和所在单位，应予以批评和惩处，情节严重的追究其法律责任。
（三）发生实验室安全事故后，依法依规开展事故调查，严肃追究责任单位及责任人的事故责任。
第三章 实验室安全管理制度
第九条 学校和二级单位应建立健全实验室安全管理办法和制度，出台规范性文件，确保具有可操作性和实际管理效应，并充分考虑学科专业特点和实验用途，及时修订更新。
第十条 实验室安全管理制度主要包括以下方面。
（一）安全检查制度：对实验室开展“全员、全过程、全要素、全覆盖”的定期安全检查，核查安全制度、责任体系、安全教育落实情况和设备设施存在的安全隐患，实行问题排查、登记、报告、整改、复查的“闭环管理”。
（二）安全教育培训与准入制度：进入实验室学习或工作的所有人员应先进行安全知识、安全技能和操作规范培训，掌握设备设施、防护用品正确使用的技能，考核合格后方可进入实验室进行实验操作。
（三）项目风险评估与管控制度：凡涉及重要危险源，即有毒有害化学品（剧毒、易制爆、易制毒、爆炸品等）、危险气体（易燃、易爆、有毒、窒息）、动物及病原微生物、辐射源及射线装置、同位素及核材料、危险性机械加工装置、强电强磁与激光设备、特种设备等的教学、科研项目，应经过风险评估后方可开展实验活动。对存在重大安全隐患的项目，在未切实落实安全保障前，不得开展实验活动。",,,,,,,基于公开网页资料自动抽取，导入知识库前请人工复核。,高等学校实验室安全规范（教育部） | https://www.cernet.edu.cn/ke_yan_yu_fa_zhan/gai_kuang/xin_wen_gong_gao/202302/t20230221_2301697.shtml,网页,高等学校实验室安全规范（教育部）,中国教育和科研计算机网,,2023-02-21,https://www.cernet.edu.cn/ke_yan_yu_fa_zhan/gai_kuang/xin_wen_gong_gao/202302/t20230221_2301697.shtml,2026-03-15,,reviewed,国家标准;教育部;实验室安全,zh-CN
WEB-010-003,高等学校实验室安全规范（教育部）（片段3）,通用,国家规范,通用,3,综合安全,教育部高等学校实验室安全规范有哪些核心要求,教育部高等学校实验室安全规范有哪些核心要求,"爆、有毒、窒息）、动物及病原微生物、辐射源及射线装置、同位素及核材料、危险性机械加工装置、强电强磁与激光设备、特种设备等的教学、科研项目，应经过风险评估后方可开展实验活动。对存在重大安全隐患的项目，在未切实落实安全保障前，不得开展实验活动。
（四）危险源全周期管理制度：应对重要危险源进行采购、运输、储存、使用、处置等全流程全周期管理。采购和运输应选择具备相应资质的单位和渠道，储存要有专门储存场所并严格控制数量，使用时应由专人负责发放、回收和详细记录，实验后产生的废物应统一收储并依法依规科学处置。应对危险源进行风险评估，建立重大危险源安全风险分布档案和数据库，并制定危险源分级分类处置方案。
（五）安全应急制度：学校、二级单位和实验室应建立应急预案和应急演练制度，定期开展应急知识学习、应急处置培训和应急演练，保障应急人员、物资、装备和经费，保证应急功能完备、人员到位、装备齐全、响应及时。应定期检查实验防护用品与装备、应急物资的有效性。
（六）实验室安全事故上报制度：出现实验室安全事故后，学校应立即启动应急预案，采取措施控制事态发展，同时在1小时内如实向所在地党委、政府及其相关部门和高校主管部门报告情况，并抄报教育部，不得迟报、谎报、瞒报和漏报，并根据事态发展变化及时续报。
第四章 实验室安全教育培训、宣传
第十一条 开展教育培训活动
（一）学校每年开展面向全校教职工和学生的安全教育培训活动，并存档记录。
（二）学校和二级单位开展结合学科专业特点的应急演练，并对演练内容、参加人数、效果评价等进行有效记录。
（三）学校和二级单位根据实验需要，开展专业安全培训活动，并组织安全培训考试，新入职的教职工、新入学的学生均应参加并通过考试，对培训与考试进行有效记录。
（四）实验室应对进入实验室的人员进行操作工艺、设备使用、试剂或气体管理等标准操作规程的培训和评估，并记录存档。
第十二条 涉及重要危险源的高校应设置有学分的实验室安全课程或将安全准入教育培训纳入培养环节。
第十三条 加大安全教育宣传力度，提高师生安全意识。学校和二级单位应按照“全员、全面、全程”的要求，创新宣传教育形式，开展安全宣传、经验交流等活动，建设有特色的安全文化。
第五章 实验室教学、科研活动安全准入制度
第十四条 开展涉及重要危险源的教学、科研活动（包括学生实验课程、毕业设计、教师科研项目、自主立项研究、学科竞赛实验课程等）之前，项目负责人（含教学课程任课教师）应对实验项目在实验室实施过程中所涉及的内容进行危险源辨识、风险评估和控制，制定现场处置方案，指导有关人员做好安全防护；新录用人员在签订合同后、进入实验室前，应获得实验室准入资格。
第十五条 项目负责人（含教学课程任课教师）应针对本项目特点制定具体的安全管理措施和安全教育方案，对参与本项目的学生和工作人员等进行全员安全培训，依法履行安全告知义务。",,,,,,,基于公开网页资料自动抽取，导入知识库前请人工复核。,高等学校实验室安全规范（教育部） | https://www.cernet.edu.cn/ke_yan_yu_fa_zhan/gai_kuang/xin_wen_gong_gao/202302/t20230221_2301697.shtml,网页,高等学校实验室安全规范（教育部）,中国教育和科研计算机网,,2023-02-21,https://www.cernet.edu.cn/ke_yan_yu_fa_zhan/gai_kuang/xin_wen_gong_gao/202302/t20230221_2301697.shtml,2026-03-15,,reviewed,国家标准;教育部;实验室安全,zh-CN
WEB-010-004,高等学校实验室安全规范（教育部）（片段4）,通用,国家规范,通用,3,综合安全,教育部高等学校实验室安全规范有哪些核心要求,教育部高等学校实验室安全规范有哪些核心要求,"好安全防护；新录用人员在签订合同后、进入实验室前，应获得实验室准入资格。
第十五条 项目负责人（含教学课程任课教师）应针对本项目特点制定具体的安全管理措施和安全教育方案，对参与本项目的学生和工作人员等进行全员安全培训，依法履行安全告知义务。
第十六条 学生的研究选题，应包含针对开展实验研究所涉及安全风险的分析、防控和应急处置措施等内容并通过审查，或者单独就该选题进行安全分析并通过审查。
第十七条 进入实验室学习或工作的所有人员均应遵守实验室安全准入制度和安全管理制度，取得准入资格后，再严格按照实验操作规程或实验指导书开展实验。
第十八条 学校、二级单位或实验室应与进入实验室的相关方或外来人员签订合同或安全协议，明确双方的安全职责。
第六章 实验室安全条件保障
第十九条 经费保障
（一）学校每年做好实验室安全常规经费预算，保障安全工作正常运行。
（二）学校应有专项经费投入实验室建设，同时确保安全隐患整改工作及时落实。
（三）二级单位通过多元化投入，加强实验室安全建设与管理。
第二十条 物资与设施保障
（一）高校加强安全物资保障，配备必要的安全防护设施和器材，建立能够保障实验人员安全与健康的工作环境。
（二）实验室配备合适的消防设施，并定期开展使用训练。
（三）存在受到化学和生物伤害可能的区域，配置应急喷淋和洗眼装置。
（四）重点场所安装门禁和监控设施，并有专人管理。
第二十一条 加强队伍建设，有充足的人力保障
（一）学校根据实验室安全工作的实际情况和需求配备专职实验室安全管理人员，并不断提高其素质和能力。推进专业安全队伍建设，保障队伍稳定和可持续发展。
（二）学校和二级单位分别设立实验室安全督查队伍，定期开展安全检查，并提供检查报告和整改意见。实验室安全督查队伍可由在职教师、实验技术人员（含退休返聘人员）及校外专家组成。
（三）实验室安全管理相关负责人应接受实验室安全管理培训后上岗，并定期轮训。
第二十二条 实验室建筑安全保障
实验室工程项目（新建、改建、扩建、维修以及装修等）在论证、立项、建设以及验收时，应当依法依规进行，并通过学校实验室安全职能部门组织的审核后，方可实施。
第七章 实验室危险化学品安全管理
第二十三条 危险化学品须向具有生产经营许可资质的单位购买；剧毒化学品、易制毒化学品、易制爆化学品、麻醉药品和第一类精神药品、爆炸品等购买前须经学校审批，报公安部门批准或备案后，向具有经营许可资质的单位购买，并保留报批及审批记录；麻醉药品、精神药品等购买前还须向药品监督管理部门申请，报批同意后向定点供应商采购。
第二十四条 对危险化学品建立动态管理台账，实验室设置专用存放空间并科学有序存放，存放的危险化学品总量符合规定要求，并按照化学试剂性质分类规范存放，化学品（含配制试剂）标签应完整清晰。",,,,,,,基于公开网页资料自动抽取，导入知识库前请人工复核。,高等学校实验室安全规范（教育部） | https://www.cernet.edu.cn/ke_yan_yu_fa_zhan/gai_kuang/xin_wen_gong_gao/202302/t20230221_2301697.shtml,网页,高等学校实验室安全规范（教育部）,中国教育和科研计算机网,,2023-02-21,https://www.cernet.edu.cn/ke_yan_yu_fa_zhan/gai_kuang/xin_wen_gong_gao/202302/t20230221_2301697.shtml,2026-03-15,,reviewed,国家标准;教育部;实验室安全,zh-CN
WEB-010-005,高等学校实验室安全规范（教育部）（片段5）,通用,国家规范,通用,3,综合安全,教育部高等学校实验室安全规范有哪些核心要求,教育部高等学校实验室安全规范有哪些核心要求,"还须向药品监督管理部门申请，报批同意后向定点供应商采购。
第二十四条 对危险化学品建立动态管理台账，实验室设置专用存放空间并科学有序存放，存放的危险化学品总量符合规定要求，并按照化学试剂性质分类规范存放，化学品（含配制试剂）标签应完整清晰。
第二十五条 管制化学品的安全管理须符合治安管理要求，严格执行各项规定。剧毒化学品执行“五双”管理（即双人验收、双人保管、双人发货、双把锁、双本账），单独存放、不得与易燃、易爆、腐蚀性物品等一起存放，有专人管理并做好贮存、领取、发放情况登记，登记资料至少保存1年，防盗等技防措施符合管制要求；易制毒化学品应设置专用存储区或者专柜储存并有防盗措施，其中第一类易制毒化学品、药品类易制毒化学品实行双人双锁管理，账册保存期限不少于2年；易制爆化学品存量合规，设立专用存储区或者专柜储存并有防盗与防爆措施，符合双人双锁管理要求；麻醉药品和第一类精神药品应当有专用账册，设立专用存储区或者专柜储存，专用存储区与专柜的防盗等技防措施符合管制要求，实行双人双锁管理；爆炸品单独隔离、限量存储，使用、销毁按照公安部门要求执行。
第二十六条 进口危险化学品应当向国务院安全生产监督管理部门负责危险化学品登记的机构办理危险化学品登记。
第二十七条 学校应建有危险品存储区、化学实验废物贮存站，对化学实验废物集中定点存放。
第二十八条 建立化学实验危废管理制度，按要求制定实验危废管理计划并报生态环境部门备案；委托有相应危险废物经营许可证的单位，对实验危废进行清运、处置。
第八章 附则
第二十九条 对因违反国家法律法规、违反学校安全管理相关规定、操作失误、未履行安全管理职责等造成实验室安全责任事故、事件的，将进行严肃追责问责，具体参照高校实验室安全事故事件追责问责相关办法。
第三十条 高校应根据本规范，结合本校实际情况，制定各项具体实施办法。各类实验室要符合国家行业相关实验室标准。
第三十一条 本规范自发布之日起施行。
特别声明：本站注明稿件来源为其他媒体的文/图等稿件均为转载稿，本站转载出于非商业性的教育和科研之目的，并不意味着赞同其观点或证实其内容的真实性。如转载稿涉及版权等问题，请作者在两周内速来电或来函联系。
相关阅读
4月15日截止！2024年“科学探索奖”启动申报
教育部举行2023年年终总结会
中国千校万企协同创新工作研讨会在京举办
重磅！2023年度国内、国际十大科技新闻发布
李路明同志任清华大学校长
76项！2023年吴文俊人工智能科学技术奖初评名单公示
基金委发布！10种行为将被认定是科研不端行为
重磅！2023何梁何利奖全名单公布
国家科学技术奖励工作办公室关于2023年度国家科学技术奖提名工作的...
2023年国家科学技术奖提名工作常见问答
学习二十大 教育在行动
深化教育评价改革，破除“五唯”顽疾
高校科技创新重大成就",,,,,,,基于公开网页资料自动抽取，导入知识库前请人工复核。,高等学校实验室安全规范（教育部） | https://www.cernet.edu.cn/ke_yan_yu_fa_zhan/gai_kuang/xin_wen_gong_gao/202302/t20230221_2301697.shtml,网页,高等学校实验室安全规范（教育部）,中国教育和科研计算机网,,2023-02-21,https://www.cernet.edu.cn/ke_yan_yu_fa_zhan/gai_kuang/xin_wen_gong_gao/202302/t20230221_2301697.shtml,2026-03-15,,reviewed,国家标准;教育部;实验室安全,zh-CN
WEB-012-001,实验室常见危险设备操作注意事项,通用,设备安全,通用,4,机械;高温;高压,实验室常见危险设备操作有哪些注意事项,实验室常见危险设备操作有哪些注意事项,"实验室常见危险设备操作注意事项
一、灭菌锅的使用注意事项
灭菌锅内必须用纯化水或蒸馏水。
待灭菌的物品放置不宜过紧。
打开灭菌锅电源，并务必确保烘箱关闭，烘箱和灭菌锅不可同时打开。
加水要加到指定的标度或深度,太多会延长沸腾时间,降低灭菌功效,加水过少,就有将灭菌锅煮干引起炸裂的危险。
灭菌结束后（一般灭菌温度为121℃，时间为20分钟），灭菌锅会发出“滴滴”叫声，此时，关闭电源按钮，打开排气阀，使得蒸汽缓慢排出。
切忌不可立刻将排气阀全部打开，造成蒸汽大量排放。
当所有蒸汽排空，显示器上的压力为0，温度降为90℃以下，方可打开灭菌锅盖，然后戴上棉手套将样品取出，冷却备用。
打开灭菌锅盖时，人要站在灭菌锅两侧，缓慢将盖子打开。
二、通风橱的使用注意事项
通风橱的作用是保护实验人员远离有毒有害气体。
通风橱内进行危险反应，要戴防护眼镜。
实验人员在通风柜实验进行中时，应避免将头伸入调节门内，以避免危险；
通风柜内应避免放置过多非必要物品、器材，以免干扰空气的正常流动，造成扰（湍）流。
实验物品、器材放置在通风柜内时，应距离调节门内侧150mm左右，以确保排气之顺畅（ASHRAE-110）。
操作人员在结束工作，离开通风柜前，应将通风柜内设备电源关闭，并将所有水、电、气开关予以关闭，并将调节门降至最低位置后方可离开。
通风柜内虽均为进口高分子耐蚀材料，但为长保如新，延长使用寿命，适当的清洁保养是必要的，平时使用时若有试剂、药品喷溅应即时拭擦、清除。
三、气体钢瓶的使用注意事项
钢瓶内的物质经常处于高压状态，当钢瓶跌落、遇热、甚至不规范的操作时都可能会发生爆炸等危险。所以在搬运气体钢瓶时需要小心谨慎。钢瓶应套上安全帽，用专用钢瓶车搬动。在实验室使用的钢瓶应确保单独靠放在试验台或墙壁并用铁索固定以防倾倒。钢瓶内压缩气体除易爆、易喷射外，许多气体易燃有毒且具腐蚀性。因此使用钢瓶时应注意下述几点：
钢瓶上原有的各种标记、刻印等一律不得除去。所有气体钢瓶必须装有调压阀。
限制存放在实验室的钢瓶数量和压缩气体容积，实验室内严禁存放氢气。",,,,,,,基于公开网页资料自动抽取，导入知识库前请人工复核。,实验室常见危险设备操作注意事项 | https://life.sjtu.edu.cn/Data/View/6077,网页,实验室常见危险设备操作注意事项,上海交通大学生命科学技术学院,,,https://life.sjtu.edu.cn/En/Data/View/6077,2026-03-15,,reviewed,危险设备;离心机;灭菌器,zh-CN
WEB-012-002,实验室常见危险设备操作注意事项（片段2）,通用,设备安全,通用,4,机械;高温;高压,实验室常见危险设备操作有哪些注意事项,实验室常见危险设备操作有哪些注意事项,"定以防倾倒。钢瓶内压缩气体除易爆、易喷射外，许多气体易燃有毒且具腐蚀性。因此使用钢瓶时应注意下述几点：
钢瓶上原有的各种标记、刻印等一律不得除去。所有气体钢瓶必须装有调压阀。
限制存放在实验室的钢瓶数量和压缩气体容积，实验室内严禁存放氢气。
氧气钢瓶的调压阀、阀门及管路禁止涂油类或酯类。结束使用时，须将调压阀及管路内的残余气体放空以保护调压阀。
钢瓶使用完，关闭出气阀后，需放上安全帽（原设计中无需安全帽的除外）。安全帽必须套紧。使用时取下安全帽，取下后必须谨慎小心以免无意中打开钢瓶主阀。
在操作有毒或腐蚀性气体时，应戴防护眼镜、面罩、手套和工作围裙。
不得将钢瓶完全用空（尤其是乙炔、氢气、氧气钢瓶）必须留存一定的正压力，并且将阀门关紧，套上安全帽，以防阀门受损。空的或不再使用的钢瓶（空钢瓶应标注“空”字）应立即退还供应商。同时钢瓶不得放于走廊与门厅，以防紧急疏散时受阻及其它意外事件的发生。应经常检查钢瓶是否泄漏。
四、液氮的使用注意事项
制冷剂会引起冻伤；少量制冷剂接触眼睛会导致失明；少量的液氮可以产生许多气体，液氮的快速蒸发可能会造成现场空气缺氧。
处理接触液氮的任何事情都要带上绝缘防护手套。
穿上长度过膝的长袖实验服。
穿上封闭式的鞋，带好防护眼镜，必要时戴防护面罩。
保持操作环境的空气畅通。
五、离心机的使用注意事项
固液分离，特别是对含有很小固体颗粒的悬浊液进行分离时，离心分离是一种非常有效的途径。
在使用离心机时，离心管必须对称平衡，或应用水平平衡物以保持离心机旋转平衡。
离心机启动前应先盖好离心机的盖子，先在较低的速度下启动，然后再调节所需的离心速度。
当离心操作结束时，必须等到离心机停止转动后才能打开盖子，决不能在离心机转动时打开盖子或用手触摸离心机的转动部分。
玻璃离心管要求较高的质量，塑料离心管中不能放入热溶液或有机溶剂以免在离心时管子变形。
离心的溶液一般控制在离心管体积的一半左右，切不能放入过多的液体以免在离心时液体外逸。
六、冰箱和冰柜的使用注意事项
实验室的冰箱均应设有防爆装置。冰箱和冰柜适用于存放挥发性溶剂，热敏感化合物，高活性物质及培养单晶的化合物等。
严禁在实验室冰箱和冰柜内存放食品。
所有存放于冰箱及冰柜中的化学品均应有规范的标签。
放于冰箱和冰柜内的所有容器必须密封，并定期清洁冰箱及清除不需要的样品和试剂。
七、烘箱及真空干燥器的使用注意事项
烘箱及真空干燥器是用来干燥固体样品中少量的水分和可能存在的有机溶剂。
温度：常规用途为烘干实验器皿，温度不超过50 ℃；若对烘干时间有要求，可临时设置75 ℃，但须在烘箱表面附上便签纸，并且人不可长时间离开。
在使用时不准将二种不同的样品同时放入一个干燥箱内进行干燥，以免样品交叉污染。
需干燥的样品必须用玻璃盖或有小孔的铝箔覆盖。",,,,,,,基于公开网页资料自动抽取，导入知识库前请人工复核。,实验室常见危险设备操作注意事项 | https://life.sjtu.edu.cn/Data/View/6077,网页,实验室常见危险设备操作注意事项,上海交通大学生命科学技术学院,,,https://life.sjtu.edu.cn/En/Data/View/6077,2026-03-15,,reviewed,危险设备;离心机;灭菌器,zh-CN
WEB-012-003,实验室常见危险设备操作注意事项（片段3）,通用,设备安全,通用,4,机械;高温;高压,实验室常见危险设备操作有哪些注意事项,实验室常见危险设备操作有哪些注意事项,"验器皿，温度不超过50 ℃；若对烘干时间有要求，可临时设置75 ℃，但须在烘箱表面附上便签纸，并且人不可长时间离开。
在使用时不准将二种不同的样品同时放入一个干燥箱内进行干燥，以免样品交叉污染。
需干燥的样品必须用玻璃盖或有小孔的铝箔覆盖。
真空烘箱加热应缓慢。加热后的真空烘箱应该冷却到室温后再解除真空。
解除真空应缓慢进行以防止样品飞溅。
八、加热操作注意事项
加热通常有四种方法：油浴、水浴、加热套、电炉。加热过程一定要有人值守，防止遗忘后过度加热造成火灾。
油浴是化学反应中最常用的加热方法，一般采用硅油，油浴加热时切忌有水滴入，以免热油飞溅伤害人体，放置时间较长的油浴应缓慢加热，使水汽逐渐挥发后才可使用。已变质的油浴应及时更换。
加热套常用于回流反应，加热套和烧瓶的尺寸要匹配，尽可能避免加热套被化学药品污染，以免化学品受热分解，发散有毒气体。
使用热水浴时要注意水浴中的水量，避免水被蒸发干，发生事故。
电炉用于加热水和烘层析板，使用时必须有人照看，不能用手触摸加热板。
快速导航
上海交通大学
上海交通大学Bio-X研究院
仪器共享与技术服务平台
国家级实验教学示范中心
微生物代谢全国重点实验室
联系我们
邮编：200240
上海交通大学生命科学技术学院 Copyright © 2020 沪交ICP备05029. All Rights Reserved.",,,,,,,基于公开网页资料自动抽取，导入知识库前请人工复核。,实验室常见危险设备操作注意事项 | https://life.sjtu.edu.cn/Data/View/6077,网页,实验室常见危险设备操作注意事项,上海交通大学生命科学技术学院,,,https://life.sjtu.edu.cn/En/Data/View/6077,2026-03-15,,reviewed,危险设备;离心机;灭菌器,zh-CN
KB-1026,辐射安全-辐射工作准入要求,辐射,辐射防护,辐射,4,辐射;放射性,辐射实验室准入与防护要求,进入辐射实验室需要哪些资质和防护要求？,辐射工作人员必须通过环保部门组织的培训，取得《辐射安全与防护培训合格证书》后方可上岗。进行放射性实验前必须由导师进行防护知识培训和安全教育。操作时须采取屏蔽、距离、时间三大防护原则，正确佩戴个人剂量计并接受定期个人剂量监测。购置放射源、射线装置须经学校审批，新建放射性工作场所须经环保部门批准。,取得辐射安全培训合格证;接受导师防护培训;佩戴个人剂量计;严格按SOP操作;定期剂量监测,个人剂量计;防护服;手套;必要时铅围裙,禁止无证上岗;禁止独自操作高风险放射源;禁止在非指定区域操作,放射性废物按国家标准分类存放，交有资质机构处置,发生放射性污染立即疏散，通知辐射安全负责人并就医,放射源丢失或意外照射立即上报学校和环保部门,遵守《放射性同位素与射线装置安全和防护条例》,北京大学医学部实验室安全手册;教育部《高等学校实验室安全规范》,制度,高等学校实验室安全规范（辐射安全部分）,教育部/北京大学医学部,2023,2023-02-21,https://www.cernet.edu.cn/ke_yan_yu_fa_zhan/gai_kuang/xin_wen_gong_gao/202302/t20230221_2301697.shtml,2026-03-15,,draft,辐射;放射性;防护;准入,zh-CN
KB-1027,辐射安全-放射性污染应急处置,辐射,辐射应急,辐射,5,辐射;放射性污染,放射性污染或意外照射,发生放射性污染或意外照射怎么办？,发生放射性同位素丢失、意外照射或放射性污染事故时，应立即疏散周围人员并隔离污染区域，禁止无关人员进入。皮肤污染应立即用流水和肥皂清洗，眼部污染用大量清水冲洗。第一时间通知实验室辐射安全负责人和学校主管部门，根据事故级别逐级上报至生态环境部门。保留事故现场，配合专业人员勘查处置。,疏散人员并隔离区域;皮肤或眼部污染立即冲洗;通知辐射安全负责人;按级别上报环保部门;配合专业机构处置,防护服;手套;个人剂量计;必要时铅围裙,禁止独自处置高风险污染;禁止自行丢弃放射性废物,放射性废物由有资质专业机构统一处置,皮肤污染用流水清洗；内照射或大剂量照射立即就医,立即疏散隔离，逐级上报，启动辐射事故应急预案,遵守《放射性同位素与射线装置安全和防护条例》，须在1小时内上报,北京大学医学部实验室安全手册,应急预案,放射性事故应急处置规范,教育部/高校通用,2023,2023-02-21,https://reagent.bjmu.edu.cn/file/20230414134400495_%E5%AE%9E%E9%AA%8C%E5%AE%A4%E5%AE%89%E5%85%A8%E6%89%8B%E5%86%8C%E5%8D%B0%E5%88%B7%E7%89%8820210610.pdf,2026-03-15,,draft,辐射;放射性污染;应急;事故处置,zh-CN
KB-1028,激光安全-激光器操作规范,电气,激光安全,光学,4,激光;强光辐射,激光器操作与防护,使用激光器时有哪些安全注意事项？,操作激光器时严禁用眼睛直视激光束，包括反射光。不可见的红外激光束尤其危险，须了解光路布局，避免使头部处于激光束水平面。禁止在激光路径上放置易燃物（如黑色纸张、布料、皮革）。操作时摘除所有带反光面的首饰等物品。激光实验室须配备安全屏蔽设施，功率较大的激光器须有互锁装置和防护罩，设置黄色安全警示线。使用前须经过专门培训并留有培训记录。,检查防护设施与互锁装置;清除光路上的易燃物;摘除反光饰物;佩戴对应波长激光护目镜;按SOP开机并确认光路安全,激光专用防护目镜（对应波长）;实验服,禁止直视激光束;禁止在光路附近放易燃物;禁止未培训上岗,损坏的光学元件按一般固废处理,激光伤害眼睛立即用清水冲洗并就医，皮肤灼伤按热灼伤处理,设备故障立即断电并报告实验室管理员,遵守GBZ 2.2激光辐射职业接触限值；实验室接触强度不得超过规定限值,上海交通大学中英国际低碳学院实验室安全与管理规范;北京交通大学实验室安全管理办法,SOP,激光安全操作规范,上海交通大学/高校通用,2021,2021-01-01,https://lcc.sjtu.edu.cn/Assets/userfiles/sys_eb538c1c-65ff-4e82-8e6a-a1ef01127fed/files/sysgl/%E4%B8%8A%E6%B5%B7%E4%BA%A4%E9%80%9A%E5%A4%A7%E5%AD%A6%E4%B8%AD%E8%8B%B1%E5%9B%BD%E9%99%85%E4%BD%8E%E7%A2%B3%E5%AD%A6%E9%99%A2%E5%AE%9E%E9%AA%8C%E5%AE%A4%E5%AE%89%E5%85%A8%E4%B8%8E%E7%AE%A1%E7%90%86%E8%A7%84%E8%8C%83.pdf,2026-03-15,,draft,激光;光学;强光;防护,zh-CN
KB-1029,低温安全-液氮操作规范,化学,低温安全,通用,4,低温;冻伤;窒息,液氮取用与储存操作,使用液氮时需要注意什么？,液氮温度极低（-196摄氏度），可造成严重冻伤，且快速蒸发会使密闭空间严重缺氧。使用前确认房间门窗打开、通风良好；确认皮肤干燥，佩戴绝缘防护手套和防护面罩。往容器注入液氮时动作缓慢，避免飞溅。转移液氮时须使用专用液氮罐，禁止用普通密封容器存放。液氮存储区须安装氧气浓度报警器并定期检测。禁止通过客用电梯运送液氮。,确认通风良好;佩戴绝缘手套和护目镜;缓慢注入液氮;检查氧气报警器状态;安全转移至专用液氮罐,绝缘防护手套;护目镜或防护面罩;实验服,禁止用密封容器存放;禁止在密闭空间大量使用;禁止通过客梯运送;禁止裸手接触,少量液氮可在通风良好处自然蒸发，容器按普通废物处理,冻伤部位用温水（37-40摄氏度）缓慢复温，禁止摩擦，立即就医；缺氧立即转移至通风处,大量泄漏立即疏散，启动应急预案，通知管理人员,遵守实验室特种设备管理规定,宁夏医科大学液氮罐安全使用及管理办法;中国地质大学（北京）液氮操作规程,SOP,液氮安全操作规程,宁夏医科大学/高校通用,2020,2020-12-03,http://www.nxmu.edu.cn/lnjbzdsys/info/1094/1283.htm,2026-03-15,,draft,液氮;低温;冻伤;窒息,zh-CN
KB-1030,机械安全-离心机操作规范,通用,机械安全,通用,3,机械;高速旋转,离心机安全使用,使用离心机有哪些安全规定？,使用离心机时，离心管必须配对平衡，用天平称量确认两侧质量相等；不对称放置可能导致机身剧烈振动乃至损坏。启动前先盖好盖子，从低速开始逐渐调至目标速度。离心过程中禁止打开盖子，必须等到转子完全停止后才能开盖取样。超速会导致离心管破裂，操作前确认所用离心管的最高转速额定值。出现异常振动或噪声立即停机并报告。,天平称量确认平衡;对称放置;盖好盖子;从低速启动;等待完全停止后再开盖,护目镜;实验服,禁止不平衡放置;禁止运转时开盖;禁止超过额定转速,离心管按内容物类型分类处置,离心管破裂造成暴露按相应物质的急救措施处理,异常振动立即切断电源，报告设备管理员检修,遵守实验室仪器设备安全操作规程,上海交通大学生命科学技术学院实验室常见危险设备操作注意事项;中国药科大学实验室安全手册,SOP,离心机安全操作SOP,上海交通大学/高校通用,2023,2023-01-01,https://life.sjtu.edu.cn/En/Data/View/6077,2026-03-15,,draft,离心机;机械;高速旋转;平衡,zh-CN
KB-1031,设备安全-高压灭菌锅操作,生物,高温高压设备,生物,3,高压;高温;蒸汽,高压灭菌器（高压锅）使用,高压灭菌锅使用时需要注意什么？,高压灭菌锅须由经过专项培训的人员操作，全程专人看管，不得擅自离开。操作前检查水位，防止干烧损坏电热管。有压力时联锁手柄不可强制打开，绝对禁止带压开门。液体灭菌结束后须慢速放汽，等液体温度降至安全值后方可开门；开门时操作人员须站在两侧，缓慢开盖，防止残余蒸汽喷出烫伤。灭菌结束后须在内容物上粘贴生物危害标识。,检查水位;放入待灭菌物;设置正确参数;全程看管;放汽降温后开门;贴生物危害标识,耐热手套;护目镜;实验服,禁止带压强制开门;禁止擅自离岗;禁止用于不耐高温物品,灭菌后废弃物按生物危废处理,蒸汽烫伤立即用凉水冷却20分钟，就医,异常升压或泄漏立即断电并疏散，联系维修人员,高压灭菌锅属特种设备，须定期检测,上海交通大学生命科学技术学院实验室常见危险设备操作注意事项,SOP,高压灭菌锅操作SOP,上海交通大学/高校通用,2023,2023-01-01,https://life.sjtu.edu.cn/En/Data/View/6077,2026-03-15,,draft,高压灭菌;灭菌锅;高温;蒸汽,zh-CN
KB-1032,消防-灭火器选择与使用,通用,消防设备,通用,4,火灾;消防,实验室初起火灾处置与灭火器选择,实验室起火了，应该选择哪种灭火器？如何使用？,灭火器选择须根据火灾类型：普通固体火灾（纸、木、布）可用干粉或水；化学试剂或有机溶剂火灾用干粉灭火器；电气火灾须先断电再灭火，使用干粉或二氧化碳灭火器，严禁用水或泡沫灭火器；锂电池火灾用干砂或专用锂电池灭火器，禁止直接用水喷。使用手提式干粉灭火器的步骤：拔出保险销→对准火焰根部→压下手柄→左右扫射。不能控制时立即撤离并拨打119。,判断火灾类型;选择对应灭火器;拔保险销;对准火焰根部;压手柄喷射;无法控制立即撤离报警,避免吸入灭火剂烟雾,禁止向电气火灾用水或泡沫;禁止背对出口扑救;禁止冒险进入浓烟区,使用过的灭火器送维修站检验充装,吸入烟雾不适及时转移至通风处；烧伤用凉水冷却并就医,无法控制立即撤离，拨打119，并到路口引导消防车,遵守《高等学校实验室消防安全管理规范》JY/T 0616—2023,教育部《高等学校实验室消防安全管理规范》JY/T 0616—2023;上海科技大学EHS消防规范,制度,高等学校实验室消防安全管理规范,教育部,JY/T 0616—2023,2023-06-26,https://sysglc.ntu.edu.cn/2024/0326/c8767a230277/page.htm,2026-03-15,,draft,灭火器;消防;火灾;干粉;二氧化碳,zh-CN
KB-1033,应急-火灾疏散逃生规范,通用,应急疏散,通用,4,火灾;疏散,火灾应急疏散,实验室发生火灾时如何正确疏散？,发现火情后立即停止实验，切断电源和气源，组织人员疏散。按照预先熟知的疏散路线（走道、疏散门、安全出口）迅速撤离，不得乘坐电梯。疏散时低姿前行，用湿布捂口鼻减少烟雾吸入。禁止返回烟雾区取财物。撤离后在集合点清点人员，拨打119并报告楼层、起火部位、火势大小。引导消防车进入，不得堵塞消防通道。灭火后实验室须经检查确认安全后方可重新进入。,停止实验;切断电源气源;按疏散图路线撤离;不乘电梯;低姿捂口鼻;集合点清点人员;拨打119,有条件时戴防烟面罩,禁止乘电梯;禁止返回取物;禁止堵塞疏散通道,火灾废弃物须由专业机构处理,吸入浓烟立即转移至空气新鲜处；烧伤立即用凉水冲洗,立即拨打119；保持疏散通道畅通；安全出口不得上锁,遵守《高等学校实验室消防安全管理规范》JY/T 0616—2023；疏散通道不得堵塞,教育部《高等学校实验室消防安全管理规范》JY/T 0616—2023,应急预案,实验室消防应急疏散预案,教育部,JY/T 0616—2023,2023-06-26,https://sysglc.ntu.edu.cn/2024/0326/c8767a230277/page.htm,2026-03-15,,draft,疏散;逃生;消防;应急,zh-CN
KB-1034,生物安全-生物安全柜操作规范,生物,生物安全柜,生物,4,生物污染;气溶胶,生物安全柜内操作感染性材料,生物安全柜如何正确使用？,生物安全柜是防止气溶胶暴露的核心防护设备，使用前须提前开机运行至少15分钟，等待内部气流稳定。操作时前臂缓慢移入，避免破坏气流屏障。柜内物品从清洁区到污染区依次摆放，减少交叉污染。操作感染性材料时穿戴手套、口罩、护目镜和实验服，禁止在柜外进行高风险操作。结束后用70%乙醇擦拭台面，关闭前窗，紫外灯照射仅作为补充消毒措施，不替代其他消毒手段。定期请专业机构检测性能。,提前开机15分钟;检查气流指示;按清洁到污染顺序摆放;操作中不急速进出;结束后乙醇消毒台面;紫外补充消毒,双层手套;口罩或N95;护目镜;实验服,禁止在柜外操作感染性材料;禁止在柜内使用酒精灯明火;禁止用紫外灯代替常规消毒,污染材料按生物危废处理,皮肤暴露立即脱除手套清洗，报告并就医,气溶胶意外释放立即关闭前窗，疏散人员，通知生物安全负责人,遵守《病原微生物实验室生物安全管理条例》,实验室生物安全管理制度;高校生物安全SOP,SOP,生物安全柜操作规程,高校通用/教育部,2021,2021-01-01,https://life.sjtu.edu.cn/En/Data/View/6077,2026-03-15,,draft,生物安全柜;气溶胶;生物安全;BSL,zh-CN
KB-1035,管理-实验室安全分级分类,通用,安全管理,通用,2,管理;综合,了解实验室安全分级分类制度,高校实验室是如何进行安全分级分类管理的？,根据教育部2024年发布的《高等学校实验室安全分级分类管理办法（试行）》，实验室按危险源类别分为：化学类、生物类、辐射类、机电类、其他类。安全等级分为四级：I级（红）重大风险、II级（橙）高风险、III级（黄）中风险、IV级（蓝）低风险。各实验室门外须设安全信息牌，标明安全类别、等级及主要危险源。高风险实验室须安装监控和报警装置，并配备足够的个体防护设备。,按危险源类别判定分类;评估风险等级;设置安全信息牌;安装相应防护设施;落实对应管理措施,根据分级配备相应PPE,禁止降低风险等级标准；禁止不设安全信息牌,,,高风险实验室须制定对应应急预案,依据教育部《高等学校实验室安全分级分类管理办法（试行）》（2024年）,教育部《高等学校实验室安全分级分类管理办法（试行）》2024年4月,制度,高等学校实验室安全分级分类管理办法（试行）,教育部,2024,2024-04-22,https://www.edu.cn/ke_yan_yu_fa_zhan/gai_kuang/xin_wen_gong_gao/202404/t20240422_2600021.shtml,2026-03-15,,draft,分级;分类;管理;教育部;红橙黄蓝,zh-CN
KB-1036,危化品-实验室储存量上限规定,化学,储存规范,化学,4,危化品;易燃;储存,危化品在实验室内的储存量控制,实验室内危化品储存量有上限要求吗？,有严格限制。根据中山大学等高校规定，实验室（除专用储存间外）其余区域暂存危化品总量：液体不超过0.2L每平方米，固体不超过0.2kg每平方米。实验台试剂架仅放当天用量，用完后放回安全柜或试剂柜。气体存储须严格分类：易燃气体不得与助燃气体或剧毒气体同存；氧气不得与油脂混合存放；易燃液体不得与氧化剂混放；氧化剂须单独存放。危化品须存放于专用安全柜，贴有完整标签。,评估当日用量;当日未用完的放回安全柜;气体按类别分区存放;定期盘点并记录,护目镜;实验服;手套,禁止超量储存;禁止易燃气体与助燃气体同存;禁止无标签存放,过期或废弃危化品按危废分类处置,泄漏暴露按对应MSDS急救措施处理,大量泄漏按化学品泄漏应急预案处理,遵守《危险化学品安全管理条例》,中山大学实验室化学品安全管理实施细则;高等学校实验室安全规范,制度,实验室化学品安全管理实施细则,中山大学设备与实验室管理处,2023,2023-01-01,https://sbc.sysu.edu.cn/article/670,2026-03-15,,draft,危化品;储存量;易燃;安全柜,zh-CN
KB-1037,应急-眼部化学灼伤处置,化学,灼伤应急,化学,4,腐蚀性;化学灼伤,化学品溅入眼睛的急救处置,化学品溅入眼睛怎么紧急处理？,化学品溅入眼睛是高优先级紧急情况，必须立即处置。第一步：用大量清水持续冲洗眼睛至少15分钟，冲洗时用手指撑开眼睑，使水流能冲洗眼球各部位；如实验室有洗眼器应立即使用。第二步：冲洗的同时呼叫他人协助，摘除隐形眼镜（若有）。第三步：冲洗后立即就医，并告知医生所接触的化学品种类。禁止揉眼睛，禁止用有色液体中和冲洗。酸、碱或有机溶剂溅入处置原则相同，均以大量清水冲洗为优先。,立即用清水冲洗眼睛15分钟以上;撑开眼睑充分冲洗;摘除隐形眼镜;呼叫他人协助;告知化学品种类后立即就医,操作化学品时佩戴护目镜可预防此类事故,禁止揉搓眼睛;禁止用有色液体冲洗;禁止延误就医,,洗眼器冲洗至少15分钟，立即就医,立即启用洗眼器，呼叫他人协助并拨打急救电话,实验室应配备可用洗眼器，定期检查有效性,高校实验室化学灼伤急救标准操作;GBZ/T 256消毒冲洗规范,应急预案,化学灼伤（眼部）急救规程,高校通用/教育部,2023,2023-01-01,https://sbc.sysu.edu.cn/article/570,2026-03-15,,draft,眼部灼伤;化学灼伤;洗眼器;急救,zh-CN
KB-1038,危化品-丙酮储存与使用,危化品,MSDS,化学,3,易燃;挥发性;麻醉性,丙酮（acetone）的安全使用与储存,丙酮应如何安全储存和使用？,丙酮（CAS 67-64-1）是极易燃液体，沸点56°C，蒸气与空气可形成爆炸性混合物，闪点-18°C。储存于防火安全柜，远离热源、明火和氧化剂，容器密闭并在阴凉通风处存放。使用时必须在通风柜内操作，避免明火和静电；大量使用须做好防静电接地。吸入高浓度蒸气会引起头痛、眩晕，皮肤长期接触可致脱脂。废液收入有机废液桶，不得倒入下水道。,确认通风柜开启;确认无明火和热源;防静电接地;密闭操作;废液入有机废液桶,护目镜;实验服;丁腈手套;通风柜内操作,禁止明火加热;禁止与强氧化剂接触;禁止倒入下水道,有机废液桶，标注（含酮类）,皮肤接触：大量清水冲洗。眼部：大量清水冲洗15分钟，就医。吸入：移至通风处，不适就医,大量泄漏立即切断火源，撤离人员，按化学品泄漏应急预案处理,遵守《危险化学品安全管理条例》,丙酮MSDS（GB/T 16483）;高校实验室危化品管理制度,MSDS,化学品安全数据说明书（SDS）-丙酮,应急管理部化学品登记中心,2023,2023-01-01,https://www.merck.com/products/safety-data-sheets/,2026-03-15,,draft,丙酮;acetone;易燃;有机溶剂,zh-CN
KB-1039,危化品-甲醇储存与使用,危化品,MSDS,化学,4,易燃;有毒;神经毒性,甲醇（methanol）的安全使用与储存,甲醇有什么特别的危险性需要注意？,甲醇（CAS 67-56-1）是高毒易燃液体，对人体神经和视神经有严重损害：少量摄入（10mL）即可导致失明，摄入30mL可致死。蒸气吸入亦有毒性。储存于防火安全柜，远离热源和氧化剂。使用时须在通风柜内操作，严格佩戴PPE。甲醇容易与乙醇混淆，使用前务必确认标签。皮肤吸收也有危险，接触后立即冲洗。废液入有机废液桶并明确标注（甲醇）。,核对标签确认为甲醇;确认通风柜开启;佩戴防护手套;在通风柜内操作;废液专桶收集,护目镜;防渗透手套（丁腈或氯丁橡胶）;实验服;通风柜内操作,禁止明火;禁止误食或吸入蒸气;禁止与乙醇混用不贴标签,有机废液桶，标注（含甲醇/高毒）,皮肤：大量清水冲洗。眼部：冲洗15分钟就医。吸入：移至通风处就医。误食：立即就医（视为中毒急救）,误食立即拨打120，告知甲醇摄入；大量泄漏按应急预案处理,甲醇属高毒物质，需进行双人双锁管理（部分单位要求），遵守《危险化学品安全管理条例》,甲醇MSDS（GB/T 16483）;高校实验室高毒化学品管理,MSDS,化学品安全数据说明书（SDS）-甲醇,应急管理部化学品登记中心,2023,2023-01-01,https://www.merck.com/products/safety-data-sheets/,2026-03-15,,draft,甲醇;methanol;高毒;易燃;失明,zh-CN
KB-1040,危化品-氢氧化钠（NaOH）使用,危化品,MSDS,化学,3,腐蚀性;强碱,NaOH（烧碱/强碱）的安全使用与配制,配制NaOH溶液有什么安全注意事项？,氢氧化钠（NaOH，CAS 1310-73-2）为强腐蚀性固体，溶于水时大量放热。配制溶液时须先加水后缓慢加入NaOH固体，绝不能将水加入NaOH（防止剧烈飞溅）。操作时佩戴防碱护目镜、防化手套和实验服，在通风柜内或开阔通风处进行。NaOH对眼部腐蚀危险尤为严重，接触立即用大量清水冲洗至少15分钟并就医。避免皮肤接触，接触后立即用流水冲洗。储存于密闭容器，防止吸潮和CO2。,佩戴PPE;先加水再加NaOH;缓慢添加并搅拌控温;容器做好标识;废液按碱性废液处理,防碱护目镜或面罩;丁腈手套;实验服,禁止将水加入NaOH;禁止徒手操作;禁止与酸剧烈混合,稀释后按无机碱废液处理，pH调至中性后可按规定排放,皮肤：大量清水冲洗20分钟。眼部：用洗眼器大量清水冲洗至少15分钟，立即就医,大量溅洒启动应急预案，佩戴PPE处理,遵守《危险化学品安全管理条例》,NaOH MSDS（GB/T 16483）;高校实验室化学品安全管理细则,MSDS,化学品安全数据说明书（SDS）-氢氧化钠,应急管理部化学品登记中心,2023,2023-01-01,https://www.merck.com/products/safety-data-sheets/,2026-03-15,,draft,NaOH;氢氧化钠;强碱;腐蚀性;烧碱,zh-CN
KB-1041,危化品-浓硫酸使用,危化品,MSDS,化学,4,腐蚀性;强酸;氧化性;放热,浓硫酸的安全使用与稀释,稀释浓硫酸时为什么要将酸缓慢加入水中，而不是相反？,浓硫酸（H2SO4 >98%，CAS 7664-93-9）稀释时产生大量热，若将水加入浓硫酸，会使溶液局部剧烈沸腾，导致酸液飞溅，造成严重灼伤。正确操作：必须将浓硫酸缓慢地沿容器壁倒入水中（酸入水），同时搅拌散热。操作前确认通风良好，佩戴防酸护目镜和防化手套。浓硫酸有强腐蚀性，接触皮肤应立即用大量清水冲洗（不少于20分钟），眼部接触用洗眼器冲洗后立即就医。储存于阴凉干燥处，远离有机物和还原剂。,佩戴防酸PPE;先在容器中加水;将浓硫酸缓慢沿壁倒入水中;搅拌控温;标识清楚,防酸护目镜或面罩;耐酸手套（厚丁腈或氯丁橡胶）;实验服,禁止将水加入浓硫酸;禁止快速混合;禁止与有机物同存,酸性废液桶；需中和后处理,皮肤：立即大量清水冲洗20分钟。眼部：洗眼器冲洗至少15分钟，立即就医,大量泄漏立即隔离，佩戴防酸PPE用沙土吸附，按应急预案处理,遵守《危险化学品安全管理条例》；浓硫酸属管控化学品，购买需审批,浓硫酸MSDS（GB/T 16483）;配酸SOP;高校化学品安全细则,MSDS,化学品安全数据说明书（SDS）-浓硫酸,应急管理部化学品登记中心,2023,2023-01-01,https://www.merck.com/products/safety-data-sheets/,2026-03-15,,draft,浓硫酸;H2SO4;强酸;腐蚀性;稀释,zh-CN
KB-1042,危化品-氯仿使用,危化品,MSDS,化学,4,有毒;致癌嫌疑;麻醉性;挥发性,氯仿（三氯甲烷）的安全使用,使用氯仿（三氯甲烷）有哪些特殊风险？,氯仿（CHCl3，CAS 67-66-3）是常见有机溶剂，但具有潜在致癌性（IARC 2B类），长期暴露有肝肾损伤风险，吸入高浓度会引起麻醉。所有操作必须在通风柜内进行，不得在柜外开盖、倾倒或转移。氯仿会缓慢氧化生成光气（剧毒），因此须在阴凉避光处储存，避免与铝、镁、强碱接触。接触后皮肤立即清洗，不适立即就医并说明接触的化学品。废液入卤代烃废液桶（不得与非卤代废液混合）。,确认通风柜开启;避光操作;密闭容器;废液入卤代烃废液桶,护目镜;丁腈手套;实验服;通风柜内操作,禁止在柜外操作;禁止与铝/镁/强碱接触;禁止混入非卤代废液,卤代烃废液桶，标注（含氯仿）,皮肤：清水冲洗。眼部：清水冲洗15分钟就医。吸入：移至通风处，有不适立即就医,大量泄漏立即撤离，通风，按应急预案处理,氯仿属IARC 2B类可疑致癌物；遵守危化品管理条例,氯仿MSDS（GB/T 16483）;IARC致癌物分类,MSDS,化学品安全数据说明书（SDS）-氯仿（三氯甲烷）,应急管理部化学品登记中心,2023,2023-01-01,https://www.merck.com/products/safety-data-sheets/,2026-03-15,,draft,氯仿;三氯甲烷;chloroform;致癌;卤代烃,zh-CN
KB-1043,危化品-甲苯储存与使用,危化品,MSDS,化学,3,易燃;挥发性;神经毒性,甲苯（toluene）的安全使用与储存,使用甲苯时需要注意哪些安全事项？,甲苯（CAS 108-88-3）是常见有机溶剂，易燃（闪点4°C），具有神经毒性，长期吸入可损害中枢神经系统，引起头痛、眩晕、疲劳，大剂量暴露可致麻醉。与苯相比，甲苯无已知致癌性，但仍需严格防护。所有操作必须在通风柜内进行，严格佩戴PPE，避免明火和热源（沸点110.6°C，蒸气比空气重，可沿地面扩散至远处火源）。注意甲苯是良好的脂溶性溶剂，可经皮肤吸收，接触后立即冲洗。储存于防火安全柜，远离氧化剂和酸类，容器密闭阴凉存放。废液收入有机废液桶（非卤代）。,确认通风柜开启;确认无明火和热源;防静电操作;密闭操作;废液入有机废液桶,护目镜;丁腈手套;实验服;通风柜内操作,禁止明火加热;禁止在柜外长时间敞口操作;禁止倒入下水道,有机废液桶（非卤代，标注含甲苯）,皮肤接触：大量清水冲洗。眼部：大量清水冲洗15分钟，就医。吸入：移至通风处，不适就医,大量泄漏立即切断火源，撤离人员，通风，按化学品泄漏应急预案处理,遵守《危险化学品安全管理条例》,甲苯MSDS（GB/T 16483）;高校实验室危化品管理制度,MSDS,化学品安全数据说明书（SDS）-甲苯,应急管理部化学品登记中心,2023,2023-01-01,https://www.merck.com/products/safety-data-sheets/,2026-03-15,,draft,甲苯;toluene;易燃;有机溶剂;神经毒性,zh-CN
KB-1044,危险实验开始前最关键的阻断项,通用,开工前检查,通用,4,审批;风险评估;PPE;应急准备,开始高风险实验前的开工判断,危险实验开始前最关键的阻断项是什么？,最关键的阻断项不是某一个单独动作，而是“关键前置条件未满足时一律不得开工”。对高风险实验，至少要同时确认：实验方案和SOP已审核，风险评估已完成，操作者具备培训和授权，所需PPE与通风/联锁/屏蔽条件到位，应急设施和应急联系人可用。只要其中任何一项缺失，都应视为阻断项，先整改后开工。,核对SOP与审批记录;完成风险评估并确认主要危险源;确认人员培训和授权;检查PPE与工程控制是否到位;检查洗眼器/灭火器/应急电话;全部通过后再开始,护目镜;实验服;手套;按场景追加面屏/呼吸防护/绝缘或低温防护,禁止在未审批或未评估状态下开工;禁止缺少PPE仍继续实验;禁止应急设施失效仍强行开展高风险操作,,,发现任一阻断项时立即停止启动并上报实验室负责人,依据《高等学校实验室安全规范》执行高风险实验前置审查与条件确认,高等学校实验室安全规范（教育部2024）;实验室安全分级分类管理办法（试行）,制度,高等学校实验室安全规范,教育部,2024,2024-09-12,https://www.moe.gov.cn/srcsite/A16/moe_784/202302/t20230220_1045998.html,2026-03-31,,draft,开工前检查;阻断项;审批;风险评估;PPE;hazardous experiment;start blocker;pre-start checklist;go/no-go,zh-CN
KB-1045,高风险实验可以一个人单独做吗,通用,人员管理,通用,4,单人作业;高风险;监护,高风险实验人员配置,高风险实验可以一个人单独做吗？,原则上不可以。涉及剧毒、强腐蚀、易燃易爆、高压、高温、低温、辐射、生物暴露、电气带电等高风险实验，通常应实行双人作业或有效监护机制。至少应保证另一名具备响应能力的人员知晓实验内容、能及时求助并协助应急处置。若制度明确要求审批、监护或禁单人作业，应严格执行，不得因“熟练”或“实验时间短”而简化。,识别是否属于高风险实验;查阅本单位SOP与准入要求;落实双人作业或现场监护;确认应急联系人和求助方式;无法满足时延期实验,基础PPE按实验类型配置;高风险场景追加专用防护装备,禁止高风险实验单人夜间进行;禁止无人知情情况下独自操作;禁止以经验替代监护要求,,,若必须中止则先断开危险源并通知负责人重新安排,依据高校实验室安全规范和岗位准入要求落实人员配置,高等学校实验室安全规范（教育部2024）;实验室安全分级分类管理办法（试行）,制度,高等学校实验室安全规范,教育部,2024,2024-09-12,https://www.moe.gov.cn/srcsite/A16/moe_784/202302/t20230220_1045998.html,2026-03-31,,draft,单人作业;高风险实验;监护;准入;working alone;buddy system;high-risk operation;supervision,zh-CN
KB-1046,实验开始前要检查什么,通用,开工前清单,通用,3,清单;SOP;设施;废弃物,实验前常规安全核查,实验开始前要检查什么？,实验开始前建议按“人、物、环境、应急”四类做快速检查。人：确认自己已培训、知道SOP和风险点；物：确认试剂名称、浓度、标签、有效期和设备状态；环境：确认通风、联锁、屏蔽、台面整洁、废弃物容器就位；应急：确认洗眼器、灭火器、出口、应急电话和事故处置卡片可用。对高风险实验，还应加做审批和双人复核。,确认实验目的和SOP;核对试剂标签/浓度/用量;检查设备、通风和联锁;确认PPE穿戴正确;确认废液和危废容器;确认应急设施和联系人,护目镜;实验服;手套;根据实验类型追加专项PPE,禁止标签不清仍使用试剂;禁止设备异常仍启动;禁止未准备废液路径就开始实验,,,发现异常先停用设备或试剂并报告,建议使用标准化开工前检查表并保留记录,高等学校实验室安全规范（教育部2024）;化学化工实验室安全管理规范,制度,高等学校实验室安全规范,教育部/高校通用,2024,2024-09-12,https://www.moe.gov.cn/srcsite/A16/moe_784/202302/t20230220_1045998.html,2026-03-31,,draft,实验前检查;开工前清单;SOP;应急设施;before experiment;pre-start check;startup checklist;pre-lab check,zh-CN
KB-1049,化学品溅入眼睛后的首要处置,化学,事故应急卡片,化学,5,化学暴露;眼部飞溅;应急处置,化学品飞溅进入眼睛后的第一时间处置,化学品溅入眼睛后第一步应该做什么？,第一步不是找老师，也不是先判断药品种类，而是立刻持续冲洗。应立即使用洗眼器或大量流动清水冲洗眼部，持续至少 15 分钟，并尽快通知周围人员协助就医。,立即到洗眼器处持续冲洗;撑开上下眼睑让水流充分接触眼球;如佩戴隐形眼镜尽快取下;通知同伴和实验室负责人;携带化学品标签或 SDS 信息就医,护目镜;面屏;实验服;适配的防化手套,禁止延迟冲洗去查资料;禁止自行点眼药或加中和液;禁止症状稍缓后继续实验,污染纸巾和一次性用品按化学污染废弃物处理,持续冲洗至少 15 分钟后尽快就医,立即通知实验室负责人，必要时启动校内医疗应急流程,洗眼器应处于可用状态并纳入日常点检,高等学校实验室安全规范; 化学品暴露应急处置 SOP,制度,高等学校实验室安全规范,教育部,2024,2024-09-12,https://www.moe.gov.cn/srcsite/A16/moe_784/202302/t20230220_1045998.html,2026-03-31,,draft,化学品入眼;眼睛飞溅;洗眼器;冲洗15分钟;眼部暴露;化学飞溅;eye splash;eyewash,zh-CN
KB-1050,实验室小火何时必须立即撤离,通用,事故应急卡片,通用,5,火灾;撤离;应急处置,实验室初起火灾与立即撤离边界判断,实验室起小火时，什么时候必须立即撤离？,只要火势不再处于可控的小范围初起状态，或疏散路线不清晰，就应立即撤离。若伴随浓烟、未知燃烧物、爆炸风险、气瓶受热或操作者未受过灭火训练，不应继续停留处置。,先警示周围人员;在确保安全的前提下切断气源和电源;确认出口畅通;仅在受训且火势可控时使用正确灭火器;无法迅速控制时立即撤离并报警,撤离优先，不以寻找额外 PPE 为前提,禁止在浓烟中逗留;禁止背对出口灭火;禁止对未知燃烧物随意选用灭火器,灭火残留物按事故污染废弃物处理,热灼伤应冷却处理，吸入烟雾应尽快转移至空气新鲜处并就医,按单位消防预案启动报警和疏散流程,初起火灾处置应建立在培训和演练基础上,高等学校实验室消防安全管理规范; 实验室消防应急预案,制度,高等学校实验室安全规范,教育部,2024,2024-09-12,https://www.moe.gov.cn/srcsite/A16/moe_784/202302/t20230220_1045998.html,2026-03-31,,draft,实验室着火;小火撤离;什么时候撤离;火灾应急;浓烟;爆炸风险;fire evacuation;small lab fire,zh-CN
KB-1051,触电后为什么不能直接用手拉人,通用,事故应急卡片,机电,5,触电;电气事故;应急处置,触电事故的第一时间处置边界,有人触电后为什么不能直接用手把他拉开？,因为在电源未隔离前，伤者和设备可能仍然带电，徒手拉人会让施救者也成为触电者。正确原则是先断电、后接触；无法立刻断电时，也必须使用绝缘物将人员与电源隔离。,优先切断电源或按下急停;无法断电时使用绝缘物隔离;呼叫急救并评估呼吸意识;保护现场并禁止重新送电;事故后进行设备复盘,绝缘手套;绝缘工具;绝缘鞋,禁止未断电徒手拉人;禁止向带电设备泼水;禁止事故后立即重新开机测试,损坏的带电部件按电气故障件管理,断电后按急救流程处理并尽快就医,触电事故应立即升级上报并保留现场,电气事故处置必须遵循先隔离能量再接触伤者的原则,高等学校实验室安全规范; 实验室电气安全 SOP,制度,高等学校实验室安全规范,教育部,2024,2024-09-12,https://www.moe.gov.cn/srcsite/A16/moe_784/202302/t20230220_1045998.html,2026-03-31,,draft,触电;先断电;不能直接拉;绝缘物;电气应急;electric shock;cut power first,zh-CN
KB-1052,未知化学品泄漏时先做什么,化学,事故应急卡片,化学,5,化学泄漏;未知物质;应急处置,未知液体或未知化学品外泄的首要动作,遇到未知化学品泄漏时，第一步是先擦掉吗？,不是。第一步应是停止附近操作并隔离现场，而不是立即上手清理。未知化学品意味着你无法确定其毒性、挥发性和相容性，在风险未识别前，不应贸然擦拭、冲水或移动泄漏物。,停止附近实验和点火源;隔离泄漏区域;识别容器和标签信息;判断是否属于本人训练范围;确认处置路径后再使用吸附和收集工具,护目镜;防化手套;实验服;必要时按 SOP 增加呼吸防护,禁止徒手接触;禁止未确认就直接冲入下水道;禁止在泄漏附近继续加热或明火操作,污染吸附材料和清理工具按危废收集,如已暴露人体，按暴露部位执行冲洗和就医流程,大面积、强挥发或身份未知的泄漏应立即升级处置,未知化学品按高风险泄漏事件处理,高等学校实验室安全规范; 化学品泄漏应急 SOP,制度,高等学校实验室安全规范,教育部,2024,2024-09-12,https://www.moe.gov.cn/srcsite/A16/moe_784/202302/t20230220_1045998.html,2026-03-31,,draft,未知泄漏;未知化学品;先隔离;不要先擦;spill isolation;unknown chemical,zh-CN
KB-1053,高风险实验审批重点审查内容,通用,高风险审批,通用,4,审批;风险评估;管理,高风险实验审批的核心审查项,高风险实验审批一般重点审查哪些内容？,高风险审批不是只看导师是否同意，而是审查整套前置条件是否完整。重点通常包括实验目的与步骤是否明确、危险源识别是否充分、风险评估是否完成、控制措施和 PPE 是否匹配、操作者是否受训授权、是否需要双人作业，以及应急预案和废弃物路径是否清晰。,提交实验方案和 SOP;补充风险评估表;明确控制措施与应急方案;核验人员资质和准入;审批通过后再排期执行,在审批阶段就应明确 PPE 标准，而不是临场决定,禁止无风险评估先审批;禁止用口头同意替代正式审查;禁止审批后擅自扩大实验边界,审批阶段应同时确认废液和危险废物去向,审批表中应包含主要事故情形的应急要点,审批未完成前不得进入开工状态,高风险实验应留痕管理并落实前置审查,高等学校实验室安全规范; 实验室安全分级分类管理办法,制度,高等学校实验室安全规范,教育部,2024,2024-09-12,https://www.moe.gov.cn/srcsite/A16/moe_784/202302/t20230220_1045998.html,2026-03-31,,draft,高风险审批;审批审什么;审批重点;风险评估;前置审查;approval checklist;hazard review,zh-CN
KB-1054,审批通过后为什么还要双人复核,通用,高风险审批,通用,4,审批;双人复核;监护,审批与现场复核的关系,高风险实验审批通过以后，还需要双人复核吗？,通常仍然需要。审批解决的是计划层面是否允许开展，双人复核解决的是现场条件此刻是否真正满足。很多事故并不是没有审批，而是现场执行时出现标签错误、联锁未开、PPE 不合规、人员状态不适合等问题，所以审批不能替代现场双人复核。,按审批意见准备实验;由第二人复核关键项;确认设备、试剂、PPE 和应急设施状态;全部通过后再启动,按审批要求逐项落实，不得临时削减,禁止以审批通过为理由跳过现场复核;禁止单人自行确认全部关键项,如复核发现废弃物路径不清，应先整改再开工,复核阶段应再次确认事故处置资源可用,发现关键项异常时应立即暂停开工并回退整改,高风险实验应同时满足书面审批和现场条件确认,高等学校实验室安全规范; 实验室安全分级分类管理办法,制度,高等学校实验室安全规范,教育部,2024,2024-09-12,https://www.moe.gov.cn/srcsite/A16/moe_784/202302/t20230220_1045998.html,2026-03-31,,draft,双人复核;审批通过后;还要复核吗;buddy check;现场复核;secondary review,zh-CN
KB-1055,临时改步骤改试剂是否需要重新审批,通用,高风险审批,通用,4,变更管理;审批;风险重评,高风险实验执行中的临时变更,实验过程中如果临时改步骤、改试剂或改设备，需要重新审批吗？,如果变更会影响危险源、风险等级、控制措施、操作边界或废弃物路径，就应视为实质性变更，原则上需要重新评估并重新审批。很多事故正是由未经评估的小改动触发的，所以不能把“只改一点点”当成跳过审批的理由。,先暂停执行;比较变更前后的危险源和控制条件;如影响风险边界则重新评估并提交审批;批准后再继续,变更后同步检查 PPE 是否仍然适配,禁止边做边改且不留痕;禁止实质性变更不重新评估;禁止口头通知代替正式变更记录,变更后若产生新型废物，应重新确认分类和去向,变更后应同步更新可能事故类型与急救要点,临时变更导致风险不确定时，应回退到安全状态,高风险实验应实施变更管理和再评估,高等学校实验室安全规范; 实验室安全分级分类管理办法,制度,高等学校实验室安全规范,教育部,2024,2024-09-12,https://www.moe.gov.cn/srcsite/A16/moe_784/202302/t20230220_1045998.html,2026-03-31,,draft,改步骤;改试剂;改设备;重新审批;变更管理;change control;风险重评;procedure change,zh-CN
KB-1056,夜间或节假日能否开展高风险实验,通用,高风险审批,通用,4,夜间实验;节假日实验;审批,夜间和节假日开展高风险实验的边界,夜间或者节假日可以安排高风险实验吗？,原则上应从严控制。只有在审批明确允许、双人值守、应急资源可用、导师或管理链路在线、现场条件稳定的情况下，才可能安排。若任何一项前置条件不足，就不应在夜间或节假日开展高风险实验。,核查是否属于必须安排的任务;确认审批意见覆盖夜间或节假日场景;落实双人值守和通讯链路;确认应急物资和保卫值班可用;条件不满足则改期,与日间标准一致，不因时段降低要求,禁止以赶进度为由默认夜间开工;禁止单人夜间开展高风险实验;禁止无值班支撑时强行开展,夜间结束后不得将危险废物随意滞留于无管理状态,应确认夜间医疗和应急联络方式可达,通讯链路、值班或门禁异常时应立即取消计划,夜间和节假日实验需满足更严格的审批和监护要求,高等学校实验室安全规范; 实验室值班与高风险实验管理制度,制度,高等学校实验室安全规范,教育部,2024,2024-09-12,https://www.moe.gov.cn/srcsite/A16/moe_784/202302/t20230220_1045998.html,2026-03-31,,draft,夜间实验;节假日实验;能不能做;高风险实验夜间;after-hours;working alone at night,zh-CN
KB-1057,培训未通过能否独立开展高风险实验,通用,培训考核,通用,4,培训;准入;授权,培训成绩与高风险实验准入之间的关系,实验室培训没有通过，还能独立开展高风险实验吗？,不能。培训是否通过直接关联准入资格。未通过培训说明对 SOP、风险边界、应急处置或禁止事项掌握不足，此时不应获得独立开展高风险实验的授权，应先补训、复测并通过后再进入独立操作阶段。,暂停独立上机或独立开工资格;查看错题和薄弱类别;完成补训和复测;通过后再恢复授权,培训未通过并不会降低现场风险，因此 PPE 要求不能打折,禁止培训未通过人员独立开展高风险实验;禁止以口头承诺代替考核通过;禁止代答代考,培训记录和准入记录应同步留档,补训内容应覆盖主要事故类型的急救流程,若发现未授权人员已在独立操作，应立即叫停并上报,培训考核结果应与岗位授权和设备准入联动,高等学校实验室安全规范; 实验室人员准入与培训制度,制度,高等学校实验室安全规范,教育部,2024,2024-09-12,https://www.moe.gov.cn/srcsite/A16/moe_784/202302/t20230220_1045998.html,2026-03-31,,draft,培训没通过;不能独立实验;高风险准入;补训;training pass;authorization;独立操作,zh-CN
KB-1058,新成员首次进实验室前要完成哪些培训,通用,培训考核,通用,3,培训;新成员;准入,新成员入室前的基础培训清单,新成员第一次进入实验室前，一般要先完成哪些培训？,至少应完成实验室通用安全教育、所在实验室 SOP 学习、危险源与 PPE 基础、废弃物分类、应急设施位置与报警流程，以及与本人任务相关的专项培训。进入高风险区域前，还应完成设备上岗或专项授权培训。,完成通用安全教育;学习本实验室规章和 SOP;熟悉危险源、PPE 与废弃物要求;识别应急设施和疏散路线;需要时完成专项设备培训,培训中应明确不同任务对应的 PPE 基线要求,禁止未经培训直接入室操作;禁止只看视频不做现场确认;禁止将签到视为培训完成,培训中应包含危废暂存和交接流程,入室前应掌握基础急救和报警方式,新成员应能独立指出洗眼器、灭火器和出口位置,新成员培训应与准入记录绑定留痕,高等学校实验室安全规范; 实验室新成员准入制度,制度,高等学校实验室安全规范,教育部,2024,2024-09-12,https://www.moe.gov.cn/srcsite/A16/moe_784/202302/t20230220_1045998.html,2026-03-31,,draft,新成员培训;首次进实验室;入门培训;专项培训;onboarding;lab induction;准入培训,zh-CN
KB-1059,错题本和培训记录除了留档还有什么用,通用,培训考核,通用,2,培训;错题复盘;持续改进,培训记录在持续改进中的作用,实验室培训里的错题本和培训记录，除了留档还有什么意义？,它们的价值不只是证明“培训做过了”，更重要的是发现谁在哪些类别上反复出错，从而安排定向补训、调整题库、优化 SOP 表达，并把培训结果真正接入准入管理。错题本是风险画像，培训记录是持续改进依据。,统计错题类别;识别高频薄弱点;安排定向补训;修订题库和操作提示;将结果反馈到准入与监督机制,若某类 PPE 相关题目频繁出错，应增加现场示教,禁止把培训记录当成纯行政台账;禁止只记录分数不看错题分布,不涉及,高频错题若涉及应急，应优先补训,连续错在高风险题目上时，应临时限制相关操作权限,培训档案应服务于能力改进而非只为留痕,高等学校实验室安全规范; 实验室培训与能力评估制度,制度,高等学校实验室安全规范,教育部,2024,2024-09-12,https://www.moe.gov.cn/srcsite/A16/moe_784/202302/t20230220_1045998.html,2026-03-31,,draft,错题本;培训记录;除了留档;持续改进;mistake review;training log;补训,zh-CN
KB-1060,培训通过率持续偏低时管理员先做什么,通用,培训考核,通用,3,培训管理;统计分析;持续改进,培训通过率低时的管理动作,如果实验室培训通过率一直偏低，管理员应该先做什么？,第一步不是简单提高难度或重复考试，而是先看错题分布和薄弱类别，判断是题目表述问题、培训内容不到位、现场规则和题库不一致，还是新成员结构变化导致。只有先定位原因，后续补训和制度修订才有效。,拉取通过率和错题类别统计;定位薄弱知识点;核对题库与现行 SOP 是否一致;组织针对性补训;复测后再看是否改善,若 PPE 类题目错误集中，应增加实操检查环节,禁止只看总通过率不看原因;禁止长期使用过期题库;禁止培训与现场规则脱节,不涉及,若急救类题目通过率低，应优先补齐,连续两轮低通过率时应触发专项整改,培训通过率应与整改机制和看板联动,高等学校实验室安全规范; 实验室培训与能力评估制度,制度,高等学校实验室安全规范,教育部,2024,2024-09-12,https://www.moe.gov.cn/srcsite/A16/moe_784/202302/t20230220_1045998.html,2026-03-31,,draft,培训通过率低;管理员先做什么;错题分析;题库复核;training pass rate;weak category,zh-CN
WEBX-001-001,Chemical Hygiene Plan,化学,安全管理,化学,4,危化品,How should a laboratory Chemical Hygiene Plan address particularly hazardous substances and high-hazard operations,How should a laboratory Chemical Hygiene Plan address particularly hazardous substances and high-hazard operations有哪些要点？,"# Chemical Hygiene Plan Print this page The Occupational Safety and Health Administration (OSHA) regulation [29 CFR 1910.1450, Occupational Exposure to Hazardous Chemicals in Laboratories](https://www.osha.gov/laws-regs/regulations/standardnumber/1910/1910.1450), requires employers to develop and implement a Chemical Hygiene Plan (CHP) that protects laboratory personnel from chemical health and safety hazards and ensures exposures remain below applicable OSHA Permissible Exposure Limits (PELs). This document constitutes the official Cornell University Chemical Hygiene Plan. Environment, Health and Safety (EHS) maintains the institutional CHP and provides program oversight, technical guidance, and supporting resources. The CHP establishes the minimum safety requirements for the use, handling, and management of hazardous chemicals in all Cornell research and teaching laboratories. Laboratories and departments may develop additional manuals, procedures, and standard operating procedures (SOPs) to address local hazards or specialized operations. These documents must supplement—and cannot replace or reduce—the requirements of the Cornell University Chemical Hygiene Plan. **As required under the OSHA Laboratory Standard, the CHP includes the following elements:** ## Standard Operating Procedures Laboratories using hazardous chemicals must maintain written standard operating procedures (SOPs) that describe the safe handling, storage, and disposal practices for the work performed. SOPs must be readily accessible to laboratory personnel and incorporated into laboratory-specific training. Many departments maintain laboratory safety manuals or procedure sets; these documents supplement—but do not replace— the requirement for SOPs specific to the chemicals, equipment, and processes used within each laboratory. EHS provides guidance, templates, and technical support to assist laboratories in developing both general and chemical- or process-specific SOPs. Principal Investigators and laboratory supervisors are responsible for ensuring that: * **SOPs exist** for all operations involving hazardous chemicals, including work with particularly hazardous substances (PHS), such as select carcinogens, reproductive toxins, acute toxins, and highly reactive or unstable materials. * **Engineering controls, administrative controls, and personal protective equipment** identified in SOPs are appropriate for the hazards and implemented in daily practice. * **SOPs are reviewed and updated** when procedures, hazards, equipment, or personnel change, and as part of routine laboratory safety reviews. SOPs must evolve with research activities and reflect current hazards, control measures, and best practices. For assistance with SOP development or review, contact [askEHS@cornell.edu](mailto:askEHS@cornell.edu?subject=Lab%20Safety%20%E2%80%93%20SOP%20Development%20Assistance). ## Control Measures Laboratories must implement engineering controls, administrative controls, safe work practices, and personal protective equipment (PPE) to minimize exposures to hazardous chemicals, in accordance with the OSHA Laboratory Standard and the Cornell University Chemical Hygiene Plan (CHP). These requirements complement the laboratory safety practices outlined in the Cornell Laboratory Safety Manual and, when applicable, the Biosafety Written Program and Radiation Safety Manual. ### Engineering Controls Engineering controls are the primary means of minimizing exposure to hazardous chemicals. Examples include chemical fume hoods, local exhaust ventilation systems, ventilated chemical storage, snorkel hoods, biosafety cabinets (when appropriate for chemical compatibility), and other systems designed to reduce airborne exposures. * Chemical fume hoods must be used whenever feasible, particularly for volatile, flammable, corrosive, toxic, reactive, or unknown chemicals. * Hood sashes must remain at or below the indicated safe operating height. * Work may not be conducted in a hood that is out of service, undergoing repair, or displaying a failed certification tag. * Ventilation alarms and airflow monitors must not be overridden or ignored. ### General Laboratory Practices EHS provides guidance on general laboratory work practices based on _Prudent Practices in the Laboratory_ and the Cornell Laboratory Safety Manual. These practices include safe chemical handling, housekeeping, spill prevention, segregation of incompatible materials, proper use of ventilation systems, and minimizing the scale of hazardous operations. Where chemical hazards intersect with biological or radiological materials, applicable procedures in the Biosafety Written Program and Radiation Safety Manual must also be followed. ### Specific Laboratory Practices Laboratories must develop written procedures when unique hazards or processes require more detailed controls. Operations involving particularly hazardous substances (PHS)—including select carcinogens, reproductive toxins, acute toxins, pyrophorics, and highly reactive materials—must incorporate designated areas, enhanced engineering controls, and clearly defined SOPs consistent with the CHP. EHS can assist with hazard evaluations and the development or review of SOPs for high-hazard operations. Contact [askEHS@cornell.edu](mailto:askEHS@cornell.edu?subject=Lab%20Safety%20%E2%80%93%20Hazard-Specific%20SOP%20Assistance). ### Laboratory Attire Laboratory-appropriate attire is required at all times in spaces where hazardous chemicals are used or stored. At a minimum, clothing must fully cover the torso, legs, and ankles, and shoes must be closed-toe and closed-heel. Clothing should be made of materials that provide suitable protection against incidental chemical contact. ### Personal Protective Equipment (PPE) When hazardous chemicals are present, the minimum required personal protective equipment consists of: * safety glasses with side protection (or goggles when splash hazards are present), * a laboratory coat appropriate for the work performed, and * protective gloves worn whenever handling hazardous chemicals or contaminated materials. Additional PPE—such as chemical-splash goggles, face shields, chemical-resistant aprons, flame-resistant lab coats, aprons, or respiratory protection—may be required depending on the hazards and procedures involved. Respirator use must comply with Cornell’s Respiratory Protection Program, including medical clearance, fit testing, and training. For assistance with PPE selection, contact [askEHS@cornell.edu](mailto:askEHS@cornell.edu?subject=Lab%20Safety%20%E2%80%93%20PPE%20Selection%20Guidance). ### Other Controls Additional control measures may include exposure monitoring (when warranted), inspection and verification of emergency equipment, selection of compatible and appropriately rated chemical containers, and substitution of less hazardous chemicals or processes whenever feasible. ## Fume Hoods and Other Protective Equipment Chemical fume hoods are tested annually by Facilities and Campus Services (FCS) to verify airflow performance and safe operation. Emergency eyewash units and emergency showers are tested annually by Environment, Health and Safety (EHS) to ensure proper function and compliance with applicable safety standards. Laboratories are responsible for performing weekly activation of plumbed emergency eyewashes to ensure clear flow and readiness for use. If any fume hood, eyewash, or emergency shower is found to be nonfunctional, obstructed, or otherwise unable to provide adequate protection, laboratory personnel must cease work that depends on the equipment and report the issue immediately. Additional protective systems—including fire extinguishers, mechanical ventilation systems, biosafety cabinets, radiation shielding, and spill response equipment—are maintained by FCS, EHS, or other designated service groups. Detailed requirements for specialized containment devices are described in the Cornell Laboratory Safety Manual, Biosafety Written Program, and Radiation Safety Manual. For non-emergency questions or to report equipment concerns, contact [askEHS@cornell.edu](mailto:askEHS@cornell.edu?subject=Lab%20Safety%20%E2%80%93%20Protective%20Equipment%20Concern) or call EHS at 607-255-8200. ## Information and Training All laboratory personnel must receive information and training as required under OSHA regulations and Cornell University Policy. Required training includes Laboratory Safety and Chemical Waste Disposal, with additional training assigned based on laboratory-specific hazards, processes, or regulatory program requirements. Training is delivered through EHS and documented in the University’s learning management system. Principal Investigators and laboratory supervisors are responsible for ensuring that laboratory personnel: * complete all required EHS training prior to performing independent laboratory work, * receive **laboratory-specific training** covering the hazards present in their work area, applicable SOPs, emergency procedures, and required protective measures, * receive **process- or task-specific training** when working with high-hazard chemicals, specialized equipment, or operations requiring enhanced controls, * are provided training that aligns with other applicable Cornell safety programs, including the Laboratory Safety Manual, Biosafety Written Program, Radiation Safety Manual, and Laser Safety Program, when these hazards intersect with chemical use, * have ready access to Safety Data Sheets (SDSs), laboratory SOPs, and other relevant hazard information. SDSs must be readily accessible to all laboratory personnel at all times. EHS maintains resources for SDS access and provides assistance upon request at [askEHS@cornell.edu](mailto:askEHS@cornell.edu?subject=Lab%20Safety%20%E2%80%93%20SDS%20Access%20Support). For non-emergency questions or training assistance, contact EHS at 607-255-8200 or email [askEHS@cornell.edu](mailto:askEHS@cornell.edu?subject=Lab%20Safety%20%E2%80%93%20Training%20or%20Information%20Request). For emergencies, dial **911** from a Cornell landline or **607-255-1111** from a mobile phone. ## Prior Approval for High-Hazard Work Certain laboratory operations involve elevated risks due to the chemical, physical, or procedural hazards involved. Examples include work with pyrophoric or water-reactive materials, hydrofluoric acid, acutely toxic gases, highly reactive chemicals, peroxide-forming compounds, or processes involving significant heat, pressure, or scale-up. These activities may require additional review before work begins to ensure appropriate controls are in place. Because research practices vary widely across the University, a single institution-wide prior approval process is not feasible. Instead, **Principal Investigators and laboratory supervisors are responsible for identifying high-hazard operations in their laboratories and ensuring that appropriate review and control measures are documented in laboratory SOPs or other internal procedures.** EHS is available to assist in identifying high-hazard conditions, reviewing associated controls, and providing guidance on work involving particularly hazardous substances (PHS), such as select carcinogens, reproductive toxins, and acute toxins. Additional resources, including SDSs and reference materials such as _Prudent Practices in the Laboratory_ and _Safety in Academic Chemistry Laboratories_ , may also inform laboratory-specific review processes. When high-hazard chemical work intersects with biological or radiological hazards or specialized containment systems, the requirements of the Laboratory Safety Manual, Biosafety Written Program, and Radiation Safety Manual also apply. ## Medical Consultations and Medical Examinations Medical consultations and medical examinations will be made available to laboratory personnel as required under OSHA regulations. These evaluations are provided at no cost to the employee, at a reasonable time and place, and are performed by or under the supervision of a licensed physician through Cornell University Occupational Medicine. Laboratory personnel must be provided the opportunity for a medical consultation whenever there is a concern that exposure to a hazardous chemical may have occurred. Medical evaluations will be provided when: * an employee develops signs or symptoms associated with exposure to a hazardous chemical used in the laboratory, * exposure monitoring indicates an exposure level above an OSHA action level or Permissible Exposure Limit (PEL), or * a spill, leak, explosion, or similar incident may have resulted in a potential exposure. Medical records associated with consultations, examinations, and physician opinions are maintained by Cornell University Occupational Medicine in accordance with [29 CFR 1910.1020](https://www.osha.gov/laws-regs/regulations/standardnumber/1910/1910.1020). Exposure monitoring records are maintained by EHS. For exposure-related concerns, incident follow-up, or guidance on next steps, contact EHS at 607-255-8200 or email [askEHS@cornell.edu](mailto:askEHS@cornell.edu?subject=Lab%20Safety%20%E2%80%93%20Exposure%20Follow-Up). ## Personnel Responsible for the Chemical Hygiene Plan Environment, Health and Safety (EHS) maintains the institutional Chemical Hygiene Plan (CHP) and provides program oversight, technical guidance, training, and support for chemical safety across Cornell University laboratories. As required under OSHA’s Laboratory Standard (29 CFR 1910.1450), Cornell designates a Chemical Hygiene Officer (CHO) within EHS to develop, implement, and maintain the CHP and to advise departments and laboratories on compliance and best practices. ### Chemical Hygiene Officer (CHO) As required under OSHA’s Laboratory Standard (29 CFR 1910.1450), Cornell University designates a Chemical Hygiene Officer (CHO) within Environment, Health and Safety (EHS). The CHO is responsible for developing, implementing, and maintaining the Chemical Hygiene Plan and for providing technical guidance in the implementation of the CHP across all Cornell research and teaching laboratories. The CHO’s responsibilities include: * maintaining and updating the Chemical Hygiene Plan; * providing expert guidance on chemical hazard evaluation, control measures, and laboratory practices; * advising Principal Investigators and laboratory supervisors on compliance with the OSHA Laboratory Standard and Cornell policies; * coordinating with Facilities and Campus Services, departmental safety representatives, and other EHS programs to ensure alignment of chemical safety practices; * assisting in the development of SOPs and laboratory hazard assessments when requested; * reviewing trends in laboratory incidents, inspections, and near-misses to support continuous improvement in chemical safety. While the CHO provides technical expertise and institutional oversight, responsibility for implementing the CHP within individual laboratories rests with Principal Investigators and laboratory supervisors, as required by Cornell University Policy 8.6. Principal Investigators, laboratory supervisors, departments, and colleges are responsible for ensuring that work conducted in their laboratories complies with the requirements of the CHP and that appropriate engineering controls, administrative controls, PPE, and laboratory-specific procedures are in place. Local procedures or supplemental laboratory or departmental chemical hygiene plans may be developed, provided they meet or exceed the requirements of the OSHA Laboratory Standard and the Cornell University CHP. The CHO and EHS staff are available to assist with hazard evaluations, SOP development, laboratory practices, training, and interpretation of regulatory requirements. For assistance, contact EHS at 607-255-8200 or email [askEHS@cornell.edu](mailto:askEHS@cornell.edu?subject=Lab%20Safety%20%E2%80%93%20CHP%20Support). ## Provisions for Additional Protection When Working with Particularly Hazardous Substances The OSHA Laboratory Standard requires additional protective measures for work involving particularly hazardous substances (PHS), including select carcinogens, reproductive toxins, and acutely toxic chemicals. Similar elevated controls are also required for other high-hazard materials such as pyrophoric, water-reactive, or highly reactive chemicals, and for procedures that present an increased risk of fire, explosion, or uncontrolled release. Principal Investigators and laboratory supervisors are responsible for identifying PHS and other high-hazard operations in their laboratories and ensuring that appropriate controls are implemented and documented in laboratory SOPs and training. EHS is available to assist in evaluating hazards and recommending additional safeguards to protect laboratory personnel. Additional protective measures may include: * establishing designated areas for PHS or high-hazard chemical use, * using containment devices such as fume hoods, gloveboxes, or other appropriate engineering controls, * implementing procedures for the safe handling, storage, and removal of contaminated materials and waste, * enhanced decontamination procedures for work surfaces and equipment, and * incorporating these requirements into laboratory-specific SOPs, hazard assessments, and training. When PHS or high-hazard chemical use intersects with biological or radiological hazards or involves specialized containment systems, the requirements of the Laboratory Safety Manual, Biosafety Written Program, and Radiation Safety Manual also apply. For assistance with evaluating PHS or developing required controls, contact EHS at 607-255-8200 or email [askEHS@cornell.edu](mailto:askEHS@cornell.edu?subject=Lab%20Safety%20%E2%80%93%20PHS%20Support). _This Chemical Hygiene Plan is reviewed annually. Last Date Reviewed: 11/2025._",,,,,,,基于公开网页资料自动抽取，导入知识库前请人工复核。提取通道=direct；quality_score=0.741。,Chemical Hygiene Plan | https://ehs.cornell.edu/research-safety/chemical-safety/chemical-hygiene-plan,网页,Chemical Hygiene Plan,Cornell University EHS,,,https://ehs.cornell.edu/research-safety/chemical-safety/chemical-hygiene-plan,2026-04-27,,draft,chemical hygiene plan;PHS;SOP;training;EHS,en
WEBX-002-001,Chemical Hygiene Plan,化学,安全管理,化学,4,危化品;化学;综合安全,What responsibilities and components are required in a laboratory Chemical Hygiene Plan,What responsibilities and components are required in a laboratory Chemical Hygiene Plan有哪些要点？,"Skip to main content # Chemical Hygiene Plan ## Chemical Hygiene Plan - _Online Component_ Cal/OSHA ([Title 8 CCR Sec. 5191](http://www.dir.ca.gov/title8/5191.html)) requires that all laboratories have a written Chemical Hygiene Plan as a fundamental chemical safety plan for the laboratory. This online resource is intended to supplement the information in the hard copy Chemical Hygiene Plan (CHP) Flipchart that includes laboratory-specific information. ### Request a CHP Flipchart To obtain a CHP Flip Chart for your laboratory, use the**[contact form](https://ehs.berkeley.edu/about#contact)** and select the ""_**Safety signage, stickers, flipcharts, or other materials**_ "" option. You can also call (510) 642-3073 or email [ucbcho@berkeley.edu](mailto:ucbcho@berkeley.edu). ## Chemical Hygiene Responsibilities All UC Berkeley laboratory personnel who work with laboratory chemicals must know and follow the guidance outlined in this online CHP Component and the CHP Flipchart. Every laboratory worker is responsible for following safe work practices. Practicing safe chemical hygiene protects you and other lab members. Additional requirements for this laboratory may also be found in the lab’s [Radiation Use Authorization](https://ehs.berkeley.edu/safety-subjects/radiation-safety/radiation-use-authorizations), [Biological Use Authorization](https://ehs.berkeley.edu/biological-safety), [Laser User Registration](https://ehs.berkeley.edu/laser-safety), or if you use [Toxic Gases](https://ehs.berkeley.edu/publications/uc-berkeley-toxic-corrosive-and-pyrophoric-tcp-gas-program-document) or [Controlled Substances](https://ehs.berkeley.edu/controlled-substances). Contact Campus Chemical Hygiene Officer, Kelsey Mesa, at [ucbcho@berkeley.edu](mailto:ucbcho@berkeley.edu) or (510) 642-3073 with any questions regarding the CHP or any lab safety issues. ## Table of Contents [Hazardous Chemicals/Materials](https://ehs.berkeley.edu/chemical-hygiene-plan/hazardous-chemicalsmaterials) [Controlling Exposure](https://ehs.berkeley.edu/chemical-hygiene-plan/controlling-exposures) [Required Personal Protective Equipment (PPE)](https://ehs.berkeley.edu/chemical-hygiene-plan/required-personal-protective-equipment-ppe) [Standard Operating Procedures](https://ehs.berkeley.edu/chemical-hygiene-plan/standard-operating-procedure-sop-requirements) [Campus Policies](https://ehs.berkeley.edu/chemical-hygiene-plan/campus-policies) [Medical Consultation](https://ehs.berkeley.edu/chemical-hygiene-plan/medical-consultation) [Activities Requiring Prior Approval](https://ehs.berkeley.edu/chemical-hygiene-plan/activities-requiring-prior-approval) [Training](https://ehs.berkeley.edu/chemical-hygiene-plan/training-requirements) ## Topics [Lab Safety Manual topic page](/topics/lab-safety-manual)",,,,,,,基于公开网页资料自动抽取，导入知识库前请人工复核。提取通道=direct；quality_score=0.5587。,Chemical Hygiene Plan | https://ehs.berkeley.edu/safety-subjects/chemical-safety/chemical-hygiene-plan,网页,Chemical Hygiene Plan,UC Berkeley EH&S,,,https://ehs.berkeley.edu/safety-subjects/chemical-safety/chemical-hygiene-plan,2026-04-27,,draft,chemical hygiene plan;Cal OSHA;CHP;lab responsibilities,en
WEBX-003-001,Information on Hydrofluoric Acid,化学,化学品管理,化学,5,危化品;剧毒;综合安全,What controls and emergency actions are required when using hydrofluoric acid in laboratories,What controls and emergency actions are required when using hydrofluoric acid in laboratories有哪些要点？,"[__Print](javascript:window.print\(\)) [](https://www.addtoany.com/add_to/email?linkurl=https%3A%2F%2Fehs.stanford.edu%2Freference%2Finformation-hydrofluoric-acid&linkname=Information%20on%20Hydrofluoric%20Acid ""Email"")[](https://www.addtoany.com/add_to/copy_link?linkurl=https%3A%2F%2Fehs.stanford.edu%2Freference%2Finformation-hydrofluoric-acid&linkname=Information%20on%20Hydrofluoric%20Acid ""Copy Link"") Hydrofluoric acid, a solution of hydrogen fluoride gas (HF) in water, is one of the most corrosive and dangerous chemicals encountered in the laboratory. Exposure to HF can cause severe tissue damage and even death. The fluoride ions in HF readily bind calcium and magnesium, reducing their levels in the blood, resulting in hypotension and cardiac effects.1 Deaths have been reported from concentrated acid burns (involving ≥ 50% HF solutions) to as little as 2.5% of body surface area, which is equivalent to approximately one hand and forearm.2 In lower concentrations, symptoms may be delayed, which can lead to delayed recognition of exposure and a more severe burn. The following special safety precautions are necessary when using this chemical, regardless if using dilute or concentrated HF. ### What are the hazards? Hydrofluoric acid (HF) exposure is very toxic and can be fatal if not treated immediately. HF is absorbed quickly; however, damage/symptoms can occur hours to days later. **Any person exposed to HF must have _immediate_ first aid, followed by _immediate_ medical treatment from a physician.** When seeking medical attention bring a copy of this HF Fact Sheet, the Safety Data Sheet (SDS) for the product used, and the [Honeywell guide, “Recommended Medical Treatment for Hydrofluoric Acid Exposure](https://www.honeywell-hfacid.com/wp-content/uploads/2014/06/2734-Medical-Treatment-for-HF-Acid-Exposure_v7-WEB.pdf)” to the Stanford Hospital Emergency Room. ### What are the symptoms of exposure? ##### INHALATION3 * Mild effects include irritation, inflammation, and cough. * Severe effects include narrowing and swelling of the throat, causing upper airway obstruction. * Effects may appear immediately or evolve over 12-36 hours. ##### Skin/eye exposure3 * Exposure to concentrations >50% HF cause immediate and severe painful, throbbing burns with whitish discoloration of the skin. Blisters often form. * Exposure to concentrations between 20 and 50% may produce pain and swelling, but may not be felt for up to 8 hours following exposure. * Exposure to concentrations <20% may cause no immediate pain, but serious injury can develop over 12-24 hours. * Eye exposure can cause destruction or opacification of the cornea, which can result in blindness. * Pulmonary (lung) effects can result from skin and eye exposures. ### How can I protect myself? ##### ENGINEERING CONTROLS * Work in a fume hood with the sash opened as little as possible — sash must not be opened beyond the stickered arrow. * Ensure the nearest emergency safety shower / eyewash is accessible and has been tested in the last month. * Ensure laboratory fume hood has been certified within the last 12 months and is functioning properly (check sticker on fume hood and inward airflow monitor). ##### **WORK PRACTICES** * Purchase and use the smallest quantities and lowest concentrations necessary. * Do not submerge hands into HF solutions. Use tweezers, cassettes, and other sample holders. Teflon and polypropylene are compatible materials. * Establish designated area for HF use and post sign “Hydrofluoric Acid Use Area.” Also post sign on lab door when in use. * Do not work alone; others present in the laboratory must be familiar with the operation’s hazards and emergency procedures. * Add acid to water, not water to acid. * Do not use glass, ceramic, or other incompatible containers with HF. * Ensure secondary containment and segregation of incompatible compatible chemicals; see SU [Compatible Storage Group Classification System](https://ehs.stanford.edu/forms-tools/stanford-storage-groups). * Store HF solutions below eye level. ##### **PERSONAL PROTECTIVE EQUIPMENT (PPE)** * Check PPE for damage before using. * Wear appropriate PPE, which minimally includes: * Goggles and face shield. * Butyl rubber, neoprene, or MAPA trionic tripolymer gloves. Verify glove selection based on concentration and potential exposure via SU’s [Laboratory Chemical Glove Selection Guidance](https://ehs.stanford.edu/forms-tools/laboratory-chemical-glove-selection-guidance). * Neoprene long-sleeve apron if splash/spray is possible. * Lab coat and closed-toe shoes. ##### STANDARD OPERATING PROCEDURE (SOP) * Develop an SOP, which is a set of written instructions that describes in detail how to perform a laboratory process or experiment safely and effectively. * Review the guidance for prioritizing [SOP development](https://ehs.stanford.edu/manual/chemical-hygiene-plan/sop-development). * Plan the operation to eliminate risk of HF splash/ spray. * Perform a “dry run” of procedure using non-hazardous materials to identify and correct potential hazards. ##### HEALTH & SAFETY TRAINING * Lab personnel must receive: * General safety training, which includes General Safety & Emergency Preparedness (EHS-4200) and Chemical Safety for Laboratories (EHS-1900). * Lab-specific training, which includes reviewing the hazards of HF, safety precautions, and emergency procedures. The SOP, Safety Data Sheet (SDS), and this fact sheet can be used for such training. * Keep training records for at least one year. ### Emergency procedures * Post SU [Hydrofluoric Acid (HF) Exposure Response Instructions](https://ehs.stanford.edu/safety-store/hydrofluoric-acid-hf-exposure-response-poster) in labs that store or use HF solutions or gas. * Ensure 2.5% calcium gluconate gel (intended for dermal exposures) is available in laboratory and stored at the safety shower. * Ensure gel has an effective shelf life of at least one year. * Implement a system to refresh your supply of gel before the expiration date. * Gel can be purchased through many lab safety supply vendors, including Stanford Express. ##### SPILLS For spills occurring outside of a fume hood, evacuate the area. Immediately call EH&S at (650) 725-9999 (286 from School of Medicine phones) to report an HF spill that is health threatening, is outside of the fume hood, is greater than 30 mls, or will take longer than 15 minutes to clean up. Do not use spill kits with kitty litter or sand because HF reacts with silica to produce silicon tetrafluoride, a toxic gas. See SU’s [Laboratory Chemical Safety Toolkit](https://ehs.stanford.edu/forms-tools/laboratory-chemical-safety-toolkit) for additional guidance on spills. ##### SKIN EXPOSURE 1. Immediately flush affected area with water for 5 minutes under emergency shower station. Remove all contaminated clothing while flushing with water. 2. After flushing, apply calcium gluconate to burn site with clean, gloved hand. Continue massaging gel into the burned area of skin every 15 minutes and massaged continuously until pain disappears. 3. Immediately seek emergency medical assistance Call: * 9-911 from SU phones * 911 from non-SU phones * 286 from School of Medicine phones Or, take victim to seek medical evaluation at Stanford Hospital Emergency Room. ##### INHALATION For emergency medical assistance, call: * 9-911 from SU phones * 911 from non-SU phones * 286 from School of Medicine phones Or, take victim to seek medical evaluation at Stanford Hospital Emergency Room. ##### EYE EXPOSURE 1. Immediately flush eyes with water for at least 15 minutes under emergency eyewash. If only one eye is affected, be careful not to flush contaminated water into the other eye. 2. For emergency medical assistance, call: * 9-911 from SU phones * 911 from non-SU phones * 286 from School of Medicine phones Or, take victim to seek medical evaluation at Stanford Hospital Emergency Room. If possible, provide continuous irrigation during transport. ##### INGESTION 1. Rinse mouth with cold water. Do not induce vomiting. 2. If the victim is conscious, have them drink lots of water to dilute the acid. 3. For emergency medical assistance, call: * 9-911 from SU phones * 911 from non-SU phones * 286 from School of Medicine phones Or, take victim to seek medical evaluation at Stanford Hospital Emergency Room. ### Reference 1 <https://www.ncbi.nlm.nih.gov/pmc/articles/PMC7108671/> 2 <https://emedicine.medscape.com/article/773304-overview> 3 [“Medical Management Guidelines for Hydrogen Fluoride”. Agency for Toxic Substances and Disease Registry.](https://www.atsdr.cdc.gov/mmg/mmg.asp?id=1142&tid=250)",,,,,,,基于公开网页资料自动抽取，导入知识库前请人工复核。提取通道=direct；quality_score=0.7061。,Information on Hydrofluoric Acid | https://ehs.stanford.edu/reference/information-hydrofluoric-acid,网页,Information on Hydrofluoric Acid,Stanford Environmental Health & Safety,,2014/06/27,https://ehs.stanford.edu/reference/information-hydrofluoric-acid,2026-04-27,,draft,hydrofluoric acid;HF;calcium gluconate;SOP;PPE,en
WEBX-005-001,Information on Pyrophoric Compounds,化学,危化品管理,化学,5,危化品;火灾,What risk controls are required for pyrophoric and air-sensitive compounds in research labs,What risk controls are required for pyrophoric and air-sensitive compounds in research labs有哪些要点？,"[__Download](https://ehs.stanford.edu/wp-content/uploads/Pyrophoric-Materials-Fact-Sheet.pdf) [__Print](javascript:window.print\(\)) [](https://www.addtoany.com/add_to/email?linkurl=https%3A%2F%2Fehs.stanford.edu%2Freference%2Finformation-on-pyrophoric-compounds&linkname=Information%20on%20Pyrophoric%20Compounds ""Email"")[](https://www.addtoany.com/add_to/copy_link?linkurl=https%3A%2F%2Fehs.stanford.edu%2Freference%2Finformation-on-pyrophoric-compounds&linkname=Information%20on%20Pyrophoric%20Compounds ""Copy Link"") Pyrophoric materials have the potential to spontaneously ignite upon exposure to the oxygen in air, and in many cases are also water reactive. Exposure to air or moisture can cause them to generate heat and/or fire, as well as flammable and/or corrosive byproducts, by violent decompositions. Pyrophoric materials can take the form of solids, liquids, or gasses. In a chemistry research setting, they are often used in a flammable solvent solution, increasing the fire risk. Examples of pyrophoric materials include, but are not limited to: * Organolithium reagents (e.g., alkyl and aryl lithiums, lithium acetylide, lithium amide) * Organohalogen or Grignard reagents (e.g., RMgX, where R=alkyl and X=halogen) * Alkyl metal bases (e.g., butyllithiums, trimethylaluminum, triethylboron) * Metal hydrides (e.g., sodium hydride, germane, lithium aluminum hydride) * Finely divided metals (e.g., Raney nickel, aluminum powder, zinc dust) * Used [hydrogenation](/reference/hydrogenation-information-sheet) catalysts (e.g., palladium on carbon) * Metal carbonyls (e.g., nickel carbonyl, iron pentacarbonyl) * Organozincs (e.g., diethylzinc) * Aluminum alkyls (e.g., trimethylaluminum) * Silicon halides (e.g., dichloromethylsilane) * Red and white phosphorus **The organolithium reagent _tert_ -butyllithium (_t_ -BuLi) is often the greatest cause for concern due to its extreme reactivity.** In December 2008, a laboratory incident involving the use of t-BuLi resulted in severe burns and the subsequent death of a young researcher at UCLA. This chemical is highly hazardous and requires special training to handle properly; it is designated as a Restricted Chemical in the SU [Chemical Hygiene Plan](/manual/chemical-hygiene-plan) (Section 5.1), which requires PI approval prior to use. Section 5.2 of the Chemical Hygiene Plan lists methods for granting prior approval. For further information on the UCLA incident, visit [this page](https://cen.acs.org/articles/87/i31/Learning-UCLA.html). ### What are the hazards? Before beginning work, researchers must familiarize themselves with the specific hazards and toxicity of compounds. Performing a Risk Assessment is one way of completing this process. General information about risk assessments, with a link to a template, and training can be found on the Stanford EH&S website. A Standard Operating Procedure (SOP) is another method to complete a risk assessment. General hazards for pyrophoric materials may include: * Ignition on contact with air and/or water, potentially causing fires or explosions. * Some are toxic and may come dissolved or immersed in a flammable solvent. * Other common hazards include corrosivity, toxicity, teratogenicity, peroxide formation, or damage to the liver, kidneys, and central nervous system. Specific hazard information may be found using manufacturer labels and safety data sheets (SDS) and/or from the following sources: * [Bretherick’s Guide to Reactive Chemical Hazards](https://searchworks.stanford.edu/view/4301843) * [e-EROS (Encyclopedia of Reagents for Organic Synthesis)](https://searchworks.stanford.edu/view/5522540) * [Sittig’s Handbook of Bretherick’s handbook of reactive chemical hazards in SearchWorks catalogToxic and Hazardous Chemicals and Carcinogens](https://searchworks.stanford.edu/view/4301843) * [Wiley Guide to Chemical Incompatibilities](https://searchworks.stanford.edu/view/12156244) * [NIOSH Pocket Guide](https://www.cdc.gov/niosh/npg/) * [The Synthetic Organic Chemist’s Companion](https://searchworks.stanford.edu/view/7542368) * [Handbook of Synthetic Organic Chemistry](https://searchworks.stanford.edu/view/11847701) * [CAMEO Chemicals](https://cameochemicals.noaa.gov/) * [Stanford Chemical Safety Database](https://chemtracker.stanford.edu/CTv1/servlet/chemsafe.lookup) * [DeepResearch (Stanford Library custom chemical safety search engine)](https://searchworks.stanford.edu/view/9350224) ### How do I store this? The storage of unused reagents is a key aspect of working safely with pyrophoric materials. Researchers may utilize the [Stanford Compatible Storage Group Chemical Classification System](/forms-tools/stanford-storage-groups) to determine chemical compatibilities (pyrophoric materials are Storage Group B). To find the appropriate storage group for a given chemical, check your lab’s [online chemical inventory](https://ctprdweb.stanford.edu/?account=stanford&state=login) or search using Stanford’s [Chemical Safety Database](https://chemtracker.stanford.edu/CTv1/servlet/chemsafe.lookup). * Store as directed by the manufacturer. * Keep pyrophoric chemicals segregated from flammable/combustible materials or other incompatible chemicals. * Avoid storage areas near to heat/flames, oxidizers, and water sources. * Minimize quantities of pyrophoric material stored in the laboratory. * Date all containers upon receipt and periodically check the condition of the container and material. * Containers carrying pyrophoric materials must be clearly labeled with the correct chemical name and hazard warning. * Store pyrophoric materials in a secondary container of sufficient size, with only compatible materials in the secondary. ### How can I work safely? As part of the scientific process, researchers and PIs must continually consider how to minimize or eliminate exposure to workplace hazards. The most widely accepted system for controlling exposure to hazards is the [Hierarchy of Controls](https://www.cdc.gov/niosh/topics/hierarchy/default.html) from the National Institute for Occupational Safety and Health (NIOSH). In this system, researchers consider different methods to manage/reduce exposure, in order of effectiveness. (1) Elimination: Remove the pyrophoric reagent from the process. This is the most effective risk reduction method and requires creativity. * Develop alternative synthetic routes in which pyrophoric or highly reactive compounds are not required to accomplish your procedure successfully. * Consider changing your target end product if other products may be equally effective for the application and do not require the use of pyrophoric reagents. (2) Substitution: Use a less hazardous reagent. * Resources such as [March’s advanced organic chemistry](https://searchworks.stanford.edu/view/6844528) can be used to explore alternate reagents. * For example, the following [trends](https://onlinelibrary.wiley.com/doi/pdf/10.1002/9780470504437.app1) apply to estimate the pyrophoricity of metal alkyls. **Change in Property** | **Effect on Pyrophoricity** ---|--- Metal Content ↑ | Pyrophoricity ↑ Oxygen content ↑ | Pyrophoricity ↓ Solvent vapor pressure ↑ (or boiling point ↓) | Pyrophoricity ↑ Temperature ↑ | Pyrophoricity ↑ * Use less electronegative (higher atomic number) halogen components in organohalogen reagents (e.g., Grignard reagents) to reduce bond polarity, which also reduces reactivity and hazard. * Reactivity: C-F > C-Cl > C-Br >> C-I. * Use organolithium reagents with less bulky alkyl groups to reduce reactivity. * _n_ -butyllithium is significantly more stable, less reactive, and therefore less hazardous, than _tert_ -butyllithium, although they are both pyrophoric. * Reactivity: _n_ -BuLi < _sec_ -BuLi < _t_ -BuLi. This relationship holds for all organometal compounds. * Similarly, _n_ -hexyllithium should be considered an alternative to _n_ -butyllithium due to its lower tendency to ignite when compared to _n_ -butyllithym. (3) Engineering controls: Isolate people from the hazard. * Perform work in a glove box or glove bag under inert atmosphere (e.g., nitrogen, argon) to reduce exposure to oxygen and/or water. * Work in a fume hood, over a spill tray, using the appropriate sash height and working distance. For more information on proper fume hood use, please see the Laboratory [Ventilation Management Program](/manual/laboratory-ventilation-management-program), Section 9.1.1. * Use techniques that prevent the material from contacting air, such as vacuum manifold techniques (i.e., [Schlenk technique](https://schlenklinesurvivalguide.com/schlenk-line-safety/)) if working in a fume hood. * Store pyrophoric gases in ventilated toxic gas cabinets. * Utilize blast shields if there is a potential explosion hazard (these may be borrowed from the [Stanford EH&S Safety Store](/safety-store/blast-shield)). (4) Administrative controls: Use safe work practices. * Require proper training and practice before handling pyrophoric materials. * Never leave potentially hazardous experiments unattended; if this is unavoidable, post signage identifying the contents, hazards, and your contact information. * [Do not work alone](/topic/lab-safety/working-alone-guidance) while handling pyrophoric materials, use an in-person buddy who is knowledgeable of the hazards and able to appropriately respond to an emergency. * Basic training requirements are the same as those identified in Section 10 of the [Stanford University Chemical Hygiene Plan](/manual/chemical-hygiene-plan). * Specific training requirements include: * Fire Extinguisher Use in Labs (EHS-3700) * Laboratory-specific training, such as review of SDS for chemicals involved in process/experiment and review of the standard operating procedure (SOP) * PI Approval of each new user * Training can be documented on a PI-approved SOP * Develop material- and lab-specific safe operating procedures (SOPs). Example considerations are listed below. * For reference, see [Stanford’s General Use SOP for Highly Reactive/Unstable Materials](/wp-content/uploads/sops/Highly Reactive and Unstable Materials.pdf). * EH&S also provides a specific [_tert_ -butyllithium SOP template](/wp-content/uploads/sops/21-171-tBuLi-SOP-template.docx). While the techniques in this template are only necessary for _tert_ -butyllithium, they are good practices for working with any pyrophoric material. * Use and purchase materials in the smallest quantities necessary and design experiments on the smallest scale or lowest concentration possible. The PI should set quantity limits for pyrophorics in their labs. * Larger volumes of pyrophoric liquids (> 20 mL) should be transferred by cannula directly into the reaction flask or a calibrated addition funnel. * If using a syringe, purchase a Luer lock with a long reusable needle and hard plastic or glass plunger, and only fill the syringe to half of its working volume to avoid accidental exposure. * Never reuse a syringe for more than one transfer, as this can lead to [clogging of the barrel](https://cen.acs.org/articles/87/i31/Learning-UCLA.html) * Do not transfer more than 20 mL of pyrophoric liquids by syringe. * If the original manufacturer’s container that has an air-sensitive seal or cap, use a non-coring needle no larger than 16-gauge and create a new puncture hole each time, which avoids enlarging existing holes. * Note: Sigma-Aldrich warns that the [SureSeal](https://www.sigmaaldrich.com/US/en/technical-documents/technical-article/chemistry-and-synthesis/organic-reaction-toolbox/sureseal) cap (and similar caps from other suppliers) may lose integrity over multiple uses. If the bottle will be used multiple times and stored, they recommend transferring the contents to Schlenkware or using an [Oxford Valve Cap](https://www.sigmaaldrich.com/US/en/product/aldrich/z406260) or [similar](https://www.sigmaaldrich.com/US/en/product/aldrich/z407186) covering the SureSeal. See [AL-134](https://www.sigmaaldrich.com/deepweb/assets/sigmaaldrich/marketing/global/documents/685/583/al_techbull_al134.pdf) and [AL-195](https://www.sigmaaldrich.com/deepweb/assets/sigmaaldrich/product/documents/409/105/al_techbull__al195.pdf). * Dry all glassware, syringes, needles, atmosphere, solvents, and other reagents when working with water-reactive compounds. * Glassware and metal syringes can be dried by flaming under vacuum or in an [oven](/forms-tools/drying-oven-information-sheet) overnight. Allow the flask to cool in a dry atmosphere, such as a Schlenk line or in a desiccator. * [Compatible](/reference/n-butyllithium-lessons-learned) plastic syringes can be dried by storing in a desiccator with the plunger removed. * Solvents can be dried using a solvent system or by adding dried molecular sieves to a fresh bottle. Please note that solvent stills are discouraged due to excessive quantities of flammable solvents, water reactive drying agents (e.g., sodium metal) in combination with heat and a nearby water-cooled condenser. * Maintain good housekeeping practices. * Remove clutter from your work area. * Keep all combustible and flammable materials away from pyrophoric materials. * Follow manufacturer’s recommendations for use and storage. * Dispose of old bottles with excessive precipitates or unreliable concentrations. (5) PPE: Protect the worker with personal protective equipment as a last line of defense. * Always wear a fire resistant (FR) lab coat with tight cuffs. * Wear protective eyewear, such as fully enclosed safety goggles or face shield with safety glasses or goggles. * Wear [appropriate gloves](/topic/lab-safety/personal-protective-equipment#lab-gloves), such as flame-resistant Nomex gloves under nitrile gloves. * Tie back hair to avoid catching it on fire, exposing it to chemicals, or having it interfere with your vision. * Wear long pants (or equivalent) and closed-toe shoes that cover the whole foot. * Avoid loose sleeves that may get caught or knock something over. * Wear natural fabrics like cotton; avoid synthetic fibers, which can melt when ignited. ### How do I dispose of this? Disposal is often the final step in ensuring that a researcher and EH&S Environmental Protection staff safely handle pyrophoric materials. Improper disposal can lead to fires or other mishaps, injuries, or lasting effects on the environment. General guidelines are listed below. However, please reach out to the Stanford [Environmental Protection](/about-us/environmental-protection) team for any questions about waste disposal. * Handling and disposal should be done in accordance with the lab protocol approved by the Principal Investigator (PI). * Reactions should be quenched before disposal. Ensure proper training before quenching procedures are attempted. * Bulk materials, like excess reagent in the original manufacturer’s container, should not be quenched prior to disposal, they can be tagged with a waste tag at [wastetag.stanford.edu](https://wastetag.stanford.edu/). * Ensure proper containment before removal of a potentially pyrophoric material from a glove box or other inert atmosphere (e.g., original manufacturer’s container or properly sealed vessel). * Information about waste disposal procedures can be found on the Stanford EH&S website [here](/topic/waste-disposal). ### Reference * Aldrich Technical Bulletin [AL-164](https://www.sigmaaldrich.com/deepweb/assets/sigmaaldrich/marketing/global/documents/255/911/al_techbull_al164.pdf) * e-Eros Encyclopedia of Reagents for Organic Synthesis: [_t_](https://onlinelibrary.wiley.com/doi/10.1002/047084289X.rb396.pub2)[-Butyllithium](https://onlinelibrary.wiley.com/doi/10.1002/047084289X.rb396.pub2) * PNNL [Technical Report](https://www.pnnl.gov/main/publications/external/technical_reports/PNNL-18668.pdf?_ga=2.252236041.1019597946.1639158181-94362325.1633555399) on Handling Pyrophoric Reagents * LBL [Chemical Hygiene and Safety Plan](https://sites.google.com/lbl.gov/chsp-ch45/home) * Lessons learned * _C &EN_ [Lessons Of The Tragedy At UCLA](https://cen.acs.org/articles/87/i40/Lessons-Tragedy-UCLA.html) * Stanford [_n_ -Butyllithium](/reference/n-butyllithium-lessons-learned) Lessons Learned * UC Davis [Pyrophoric Metal Fire](https://safetyservices.ucdavis.edu/lessons-learned/lesson-learned-pyrophoric-metal-fire) Lessons Learned * UCI [Pyrophoric Materials Cause Chemical Fume Hood Fire](https://ehs.uci.edu/safety/pdfs/i_fume_hood_fire.pdf) Lessons Learned * BNL [Silane Safety/Lessons Learned and Accident Prevention](https://www.bnl.gov/pv/files/pdf/IEEE_May2008_Silane_Tutorial.pdf) * Safety Partners [Titanium: Beautiful but Dangerous](https://www.safetypartnersinc.com/incidents-accidents-and-near-misses-titanium-beautiful-but-dangerous/) Incidents, Accidents, and Near Misses * Resources from other universities * Princeton [Pyrophoric Materials](https://ehs.princeton.edu/laboratory-research/chemical-safety/reactive-materials/pyrophoric-materials) * UIUC [Handling Pyrophoric and other Air/Water Reactive Materials](https://drs.illinois.edu/Page/SafetyLibrary/PyrophoricMaterials) * UMN [Pyrophoric Chemicals Guide](https://dehs.umn.edu/sites/dehs.umn.edu/files/fs_pyrophoric_chemicals_guide.pdf) * UCSB [Safe Use of Pyrophoric/ Water Reactive Reagents](https://www.ehs.ucsb.edu/files/docs/ls/factsheets/Pyrophoric_FS37.pdf) Fact Sheet * CMich [Pyrophoric & Water-Reactive Chemicals](https://www.cmich.edu/office_provost/ORGS/Lab_Safety/Documents/Appendix%20Q%20-%20Pyrophoric%20and%20Water-Reactive%20Chemicals.pdf) Appendix * CMU [Pyrophoric Handling](https://www.cmu.edu/ehs/Guidelines/pyrophorichandlingprocedure.pdf) Procedure",,,,,,,基于公开网页资料自动抽取，导入知识库前请人工复核。提取通道=direct；quality_score=0.7254。,Information on Pyrophoric Compounds | https://ehs.stanford.edu/reference/working-air-sensitive-or-highly-reactive-compounds,网页,Information on Pyrophoric Compounds,Stanford Environmental Health & Safety,,,https://ehs.stanford.edu/reference/working-air-sensitive-or-highly-reactive-compounds,2026-04-27,,draft,pyrophoric;air sensitive;water reactive;SOP;fire safety,en
WEBX-007-001,5.11 Peroxide Forming Chemicals,化学,危化品管理,化学,5,危化品;火灾;储存,How should peroxide-forming chemicals be dated tested stored and disposed,How should peroxide-forming chemicals be dated tested stored and disposed有哪些要点？,"### Characteristics Over a period of time, these chemicals can form peroxides that may explode when the cap is removed or when they are concentrated during laboratory activities. It is important to note on the container the date the chemical arrived in the laboratory, when it was opened, when it should be tested for peroxide concentration, and when it should be discarded. Dispose of the chemical before the discard date indicated on the container or follow the guidelines below. **Dispose of within 24 Hours:** * acrylic acid (uninhibited) * butadiene (uninhibited) **Test or Dispose of within 3 Months:** * butadiene (inhibited) * chloroprene * divinylacetylene * isopropyl ether **Test or Dispose of within 12 Months:** * acetaldehyde * acrolein * benzyl ether * 2-butanol * cyclohexanol * diethyl ether * ethyl vinyl ether * 2-hexanol * 3-methyl-1-butanol * tetrahydrofuran ### Storage and Disposal of Peroxide Forming Chemicals By the expiration date, the owner/user should either dispose of the chemical or test it for peroxide content. Dispose of any chemicals found to have a peroxide concentration greater than or equal to 100 parts per million. (Call EH&S for assistance.) Materials that have lasted beyond the recommended shelf life but have been tested and show no detectable peroxides, or whose peroxide concentrations are less than 100 ppm, may be retained but should be tested at frequent intervals. Test all peroxide forming chemicals prior to distillation, regardless of age. Important note: Never test containers of unknown age or origin. Old bottles are likely to contain concentrated peroxides, and peroxides may have crystallized in the cap threads, which can present a serious hazard when the bottle is opened for testing. Contact [ucbcho@berkeley.edu](mailto:ucbcho@berkeley.edu) for help with managing older containers and for additional guidelines on the safe storage and handling of peroxide forming chemicals. ### Storage Precautions for Peroxide Forming Chemicals * Identify all peroxide forming chemicals in your inventory. * Write the opening date and discard date on the containers of chemicals that may degrade to become potentially explosive. * Store in airtight containers in a dark, cool, and dry place. * Discard or test peroxide forming chemicals once expired. Contact EH&S for disposal information. * Inspect peroxide forming chemicals often for evidence of contamination, degradation, or any change from normal physical or chemical characteristics. Contact EH&S immediately if you suspect a material shows signs of stratification, discoloration or crystal growth. Post warning signs so others do not handle or disturb the material. * Note: Most explosions occur while purifying or distilling mixtures. Therefore, use extreme caution before concentrating or purifying any mixture that may contain an explosive chemical . * For more extensive information regarding potentially explosive chemicals, please see the “[Guidelines for Explosive and Potentially Explosive Chemicals Safe Storage and Handling](https://ehs.berkeley.edu/publications/guidelines-explosive-and-potentially-explosive-chemicals-safe-storage-and-handling)”",,,,,,,基于公开网页资料自动抽取，导入知识库前请人工复核。提取通道=direct；quality_score=0.6136。,5.11 Peroxide Forming Chemicals | https://ehs.berkeley.edu/safe-storage-hazardous-chemicals/511-peroxide-forming-chemicals,网页,5.11 Peroxide Forming Chemicals,UC Berkeley EH&S,,,https://ehs.berkeley.edu/safe-storage-hazardous-chemicals/511-peroxide-forming-chemicals,2026-04-27,,draft,peroxide forming chemicals;expiration;testing;chemical storage,en
WEBX-009-001,5.6 Compressed Gases,设备安全,气瓶管理,通用,4,高压气体;高压;易燃气体;剧毒,What storage and leak-response precautions apply to compressed gas cylinders in labs,What storage and leak-response precautions apply to compressed gas cylinders in labs有哪些要点？,"### Characteristics Compressed gas cylinders are pressurized vessels designed to store gases at high pressure. Because of this internal pressure, damage to a cylinder, such as dropping or tipping it over, can result in sudden, uncontrolled release of contents and forceful movement of the cylinder. In addition to the physical hazards associated with pressurization, further risks may arise depending on the properties of the gas, including toxicity, flammability, corrosivity, or chemical reactivity. ### Laboratory Chemicals * argon * butane * carbon monoxide * chlorine * ethylene * hydrogen * methane * nitrogen ### Non-Laboratory Chemicals * acetylene * compressed air * oxygen ### Storage Precautions for Compressed Gases * Segregate incompatible gases as you would other incompatible chemicals. Flammable and oxidizing gases should be separated by a minimum of 20 feet or a non-combustible barrier. * Limit the quantity of compressed gas cylinders on site to what will be used within a reasonable period of time. * Store cylinders upright. * Secure cylinders so they will not fall during an earthquake. * An acceptable means includes using two non-combustible restraints, such as chains, one restraint located approximately one-third of the cylinder length from the top, and the other restraint one-third from the bottom. * Keep cylinders away from heat and open flames. * Leave the valve protection cap on the cylinder unless it is in use. * Never store cylinders in walk-in freezers. The confined space with no ventilation poses a potential hazard. * If you suspect that a cylinder is leaking, do not attempt to sniff the leak out. Apply a soap solution to the cylinder and locate the leak by noting where the bubbles appear. Toxic gases, highly toxic gases, and pyrophoric gases must be managed in accordance with the campus [Toxic, Corrosive and Pyrophoric (TCP)Gas Program](https://ehs.berkeley.edu/tcp-gas-program) requirements. Contact [toxicgas@berkeley.edu](mailto:toxicgas@berkeley.edu) for details about ventilation and quantity limitations.",,,,,,,基于公开网页资料自动抽取，导入知识库前请人工复核。提取通道=direct；quality_score=0.4549。,5.6 Compressed Gases | https://ehs.berkeley.edu/safe-storage-hazardous-chemicals/56-compressed-gases,网页,5.6 Compressed Gases,UC Berkeley EH&S,,,https://ehs.berkeley.edu/safe-storage-hazardous-chemicals/56-compressed-gases,2026-04-27,,draft,compressed gas;cylinder storage;leak check;segregation,en
WEBX-010-001,Compressed Gas Cylinder Safety,设备安全,气瓶管理,通用,4,高压气体;高压;低温,How should laboratories secure and manage compressed gas cylinders,How should laboratories secure and manage compressed gas cylinders有哪些要点？,"In addition to the following general guidelines, refer to the Standard Operating Procedure (SOP): [EHS-0001 Compressed Gases](https://ehs.mit.edu/sops/?title=Compressed+Gases&key_term=) (certificate required). The SOP includes information about different hazard classes, transporting within campus, etc. For Cryogenics please refer to [Cryogen Safety](https://ehs.mit.edu/chemical-safety-program/chemicals/) under Chemical – Chemicals: Best Practices and Guidance for Specific Chemicals, [Cryogen Safety web course](http://web.mit.edu/training/course.html?course=EHS00466w&sys=PS1) in the MIT Atlas Learning Center, and the [Cryogenic Liquids SOP](https://ehs.mit.edu/sops/?title=Cryogenic+Liquids&key_term=) (certificate required). ## Guidelines for Securing Cylinders Expand All Securing Restrain compressed gas cylinders securely with a chain, belt, or stand at all times to prevent them from falling over. If a cylinder falls, it may shear off its valve, and the escaping high-pressure gas has been known to propel the cylinder like an unguided rocket. It can smash through masonry walls, go long distances and ricochet. Secure the cylinder above its center of gravity (~2/3 up the cylinder). If the chain or belt is too low or too high, it will not hold the cylinder if it starts to fall. The chain should not be around the neck of the cylinder since the cylinder could slide under the chain. The chain should not hang below the midpoint of a cylinder since it could topple over the chain. Protect the cylinder valve with a securely attached valve cap whenever a cylinder is being moved, and at all other times unless a regulator is attached to the cylinder. Store flammable gases separately from oxygen and combustible materials by at least 20 feet. Highly toxic (health rating 4), pyrophoric gases, nitrous oxide, and other DHS gases should be secured from unauthorized access. Cylinder Wall Brackets With Straps/ Belts Create a service request in Atlas for the Department of Facilities (DOF) to obtain and mount standard wall brackets. These need to be securely attached to hold the weight of the cylinders. Or you can order wall brackets from VWR or Linde and then create a service request in Atlas for DOF to mount your brackets. Wall brackets are strong enough to hold two cylinders strapped together. However, when the strap is taken off to move one cylinder, then both could fall over. Inspect Straps and Replace Frayed/Ripped Straps Follow the steps in the attached Cylinder Strap Inspection Tips. If necessary, order a replacement from any of the vendors listed on the attached comparison of cylinder strap/holder. Polyester or nylon cylinder straps will resist fraying better than the older straps that are made out of fabric. If you find a frayed or ripped strap, replace it with a spare strap that is in good condition or use a chain.",,,,,,,基于公开网页资料自动抽取，导入知识库前请人工复核。提取通道=direct；quality_score=0.593。,Compressed Gas Cylinder Safety | https://ehs.mit.edu/chemical-safety-program/compressed-gas-cylinder-safety/,网页,Compressed Gas Cylinder Safety,MIT EHS,,,https://ehs.mit.edu/chemical-safety-program/compressed-gas-cylinder-safety/,2026-04-27,,draft,compressed gas;cylinder restraints;transport;training,en
WEBX-011-001,Compressed Gas and Cryogenics,设备安全,气瓶管理,通用,4,高压气体;低温;窒息,What receiving storage and handling checks are needed for compressed gases and cryogens,What receiving storage and handling checks are needed for compressed gases and cryogens有哪些要点？,"Skip Navigation Search * [Home](/commcms/environmental-health-and-safety/index.php) * About * [About EH&S](/commcms/environmental-health-and-safety/about-us/about.php) * [Contact Us](/commcms/environmental-health-and-safety/about-us/contact.php) * [Full Staff List](/commcms/environmental-health-and-safety/about-us/staff-list.php) * [Program Contacts](/commcms/environmental-health-and-safety/about-us/program-contacts.php) * Programs * [Environmental Services](/commcms/environmental-health-and-safety/programs/environmental-services/index.php) * [Asbestos](/commcms/environmental-health-and-safety/programs/environmental-services/asbestos.php) * [Animals on Campus](/commcms/environmental-health-and-safety/programs/environmental-services/animals-on-campus.php) * [Environmental Spill Response](/commcms/environmental-health-and-safety/programs/environmental-services/environmental-spill-response.php) * [Environmental Compliance](/commcms/environmental-health-and-safety/programs/environmental-services/environmental-compliance.php) * [Pest Management](/commcms/environmental-health-and-safety/programs/environmental-services/pest-management.php) * [Workplace Safety](/commcms/environmental-health-and-safety/programs/workplace-safety/index.php) * [Accident and Injury Reporting](/commcms/environmental-health-and-safety/programs/workplace-safety/accident-injury-reporting.php) * [Respiratory Protection](/commcms/environmental-health-and-safety/programs/workplace-safety/respiratory-protection.php) * [Shipping of Hazardous Materials/Dangerous Goods](/commcms/environmental-health-and-safety/programs/workplace-safety/shipping-of-hazardous-materials.php) * [Working in Extreme Weather](/commcms/environmental-health-and-safety/programs/workplace-safety/extreme-weather.php) * [Hazard Communication/Right to Know ](/commcms/environmental-health-and-safety/programs/workplace-safety/hazard-communication-right-to-know.php) * [Request an Assessment](/commcms/environmental-health-and-safety/programs/workplace-safety/request-an-assessment.php) * [Bloodborne Pathogens](/commcms/environmental-health-and-safety/programs/workplace-safety/bloodborne-pathogens.php) * [Compressed Gas Safety](/commcms/environmental-health-and-safety/programs/workplace-safety/compressed-gas-safety.php) * [Confined Space Safety](/commcms/environmental-health-and-safety/programs/workplace-safety/confined-space-safety.php) * [Drone Safety](/commcms/environmental-health-and-safety/programs/workplace-safety/drone-safety.php) * [Electrical Safety](/commcms/environmental-health-and-safety/programs/workplace-safety/electrical-safety.php) * [Fall Protection](/commcms/environmental-health-and-safety/programs/workplace-safety/fall-protection.php) * [Machine Guarding](/commcms/environmental-health-and-safety/programs/workplace-safety/machine-guarding.php) * [Food Permits and Food Safety](/commcms/environmental-health-and-safety/programs/workplace-safety/food-permits-and-food-safety.php) * [Hazardous Materials and Waste](/commcms/environmental-health-and-safety/programs/hazardous-waste/index.php) * [Methylene chloride](/commcms/environmental-health-and-safety/programs/hazardous-waste/methylene-chloride.php) * [Hazardous Waste Collection Calendar](/commcms/environmental-health-and-safety/programs/hazardous-waste/hazardous-waste-collection-calendar.php) * [Unknown Chemical Waste](/commcms/environmental-health-and-safety/programs/hazardous-waste/unknown_chemical_waste.php) * [Empty Containers](/commcms/environmental-health-and-safety/programs/hazardous-waste/empty-containers.php) * [Regulated Medical Waste](/commcms/environmental-health-and-safety/programs/hazardous-waste/regulated-medical-waste.php) * [Sharps Waste](/commcms/environmental-health-and-safety/programs/hazardous-waste/sharps-waste.php) * [Universal Waste](/commcms/environmental-health-and-safety/programs/hazardous-waste/universal-waste.php) * [Hazardous Waste Reduction](/commcms/environmental-health-and-safety/programs/hazardous-waste/hazardous-waste-reduction.php) * [Laboratory Safety](/commcms/environmental-health-and-safety/programs/laboratory-safety/index.php) * [Laboratory Security](/commcms/environmental-health-and-safety/programs/laboratory-safety/laboratory-security.php) * [Laboratory Registration](/commcms/environmental-health-and-safety/programs/laboratory-safety/laboratory-registration.php) * [Laboratory Safety Inspection](/commcms/environmental-health-and-safety/programs/laboratory-safety/laboratory-safety-inspection.php) * [Biological Safety](/commcms/environmental-health-and-safety/programs/laboratory-safety/biological-safety/index.php) * [Chemical Safety](/commcms/environmental-health-and-safety/programs/laboratory-safety/chemical-safety/index.php) * [General Laboratory Safety](/commcms/environmental-health-and-safety/programs/laboratory-safety/general-laboratory-safety.php) * [Laboratory Equipment](/commcms/environmental-health-and-safety/programs/laboratory-safety/laboratory-equipment.php) * [Radiation Safety](/commcms/environmental-health-and-safety/programs/radiation-safety/index.php) * [Radioactive Materials](/commcms/environmental-health-and-safety/programs/radiation-safety/radioactive-materials.php) * [X-ray Generating Devices](/commcms/environmental-health-and-safety/programs/radiation-safety/xray-generating-devices.php) * [Lasers](/commcms/environmental-health-and-safety/programs/radiation-safety/lasers.php) * [MRI and Other Non-Ionizing Radiation](/commcms/environmental-health-and-safety/programs/radiation-safety/mri-and-nonionizing-radiation.php) * [Dosimeters](/commcms/environmental-health-and-safety/programs/radiation-safety/dosimeters.php) * [Industrial Radiography Permits](/commcms/environmental-health-and-safety/programs/radiation-safety/industrial-radiography-permits.php) * [Fire and Emergency Services](/commcms/environmental-health-and-safety/programs/fire-and-emergency-services/index.php) * [Message from the Chief](/commcms/environmental-health-and-safety/programs/fire-and-emergency-services/message-from-the-chief.php) * [AED Info and Locations](/commcms/environmental-health-and-safety/programs/fire-and-emergency-services/aed.php) * [Fire Inspection](/commcms/environmental-health-and-safety/programs/fire-and-emergency-services/fire-inspection.php) * [Alarms and Evacuations](/commcms/environmental-health-and-safety/programs/fire-and-emergency-services/alarms-evacuations.php) * [Fire Safety and Prevention](/commcms/environmental-health-and-safety/programs/fire-and-emergency-services/fire-safety-and-prevention.php) * [Gallery](https://www.flickr.com/photos/202638571@N07/albums/72177720325330728/) * [Healthcare Safety](/commcms/environmental-health-and-safety/programs/healthcare-safety/index.php) * [General Safety](/commcms/environmental-health-and-safety/programs/healthcare-safety/general-safety.php) * [Sustainability](https://www.stonybrookmedicine.edu/sustainability) * [Respiratory Protection](/commcms/environmental-health-and-safety/programs/healthcare-safety/respiratory-protection.php) * [Safety Training](/commcms/environmental-health-and-safety/programs/healthcare-safety/safety-training.php) * [Shipping of Biological Substances](/commcms/environmental-health-and-safety/programs/healthcare-safety/shipping-of-biological-substances.php) * [Fire Safety](/commcms/environmental-health-and-safety/programs/healthcare-safety/fire-safety.php) * [Chemical Safety](/commcms/environmental-health-and-safety/programs/healthcare-safety/chemical-safety.php) * [Accident and Injury Reporting](/commcms/environmental-health-and-safety/programs/_archive_october_2025/occupational-safety/Injury-Reporting.php) * [Policies, Permits, Resources](/commcms/environmental-health-and-safety/policies-permits-resources/index.php) * [SBU](/commcms/environmental-health-and-safety/policies-permits-resources/policies-and-procedures-sbu.php) * [Hospital](/commcms/environmental-health-and-safety/policies-permits-resources/policies-and-procedures-hospital.php) * [Permits](/commcms/environmental-health-and-safety/policies-permits-resources/permits.php) * [Environmental Health And Safety Management System](https://ehs.stonybrook.edu/resources/sms/) * [News and Information](/commcms/environmental-health-and-safety/news-information.php) * [Training](/commcms/environmental-health-and-safety/training.php) [Home](https://ehs.stonybrook.edu/) __[Programs](https://ehs.stonybrook.edu/programs/) __[Laboratory Safety](https://ehs.stonybrook.edu/programs/laboratory-safety/) __[Chemical Safety](https://ehs.stonybrook.edu/programs/laboratory-safety/chemical-safety/) __[Compressed Gas and Cryogenics](https://ehs.stonybrook.edu/programs/laboratory-safety/chemical-safety/compressed-gas-and-cryogenics) | # COMPRESSED GAS AND CRYOGENICS One of the most common safety hazards in all labs is compressed gas cylinders. Handling and storage of these cylinders is also one of the most common EPA and OSHA violations. The following simple guidelines will help ensure a safe lab. **Flammable, Asphyxiant, Toxic, Corrosive, Oxidizer, Pyrophoric and Cryogenic gases require additional safety measures**. [Contact Environmental Health & Safety](https://www.stonybrook.edu/commcms/environmental-health-and-safety/about-us/contact.php) for training and information. * What to do when cylinders are received * Check that the name of the gas is clearly labeled on the cylinder. * Check that the appropriate hazard warnings are clearly labeled on the cylinder. * Check that the hydrostatic test date is within the last 5 years. * Check that the valve cap is in place and can be easily removed. * Get a [Safety Data Sheet (SDS)](https://www.stonybrook.edu/commcms/environmental-health-and-safety/programs/laboratory-safety/chemical-safety/safety-data-sheets.php) for the gas and keep it in the lab. * How to best store cylinders * Secure cylinders with a strap, chain, bracket or other approved restraint, holding the cylinder between waist and shoulder, to a fixed object (wall or bench). * Keep valve caps in place when not in use. * Keep valves closed when not in use. * Store cylinders with other compatible gases. * Do not store flammable gases near oxidizers or combustible materials. * Cylinder use * Use a 2 stage regulator made for that gas. * Do not alter, adapt or use Teflon tape on regulators (Teflon tape can only be used on threaded connections). * Leak test fittings, piping and connections before work begins. * Leave 25 psi in cylinder (do not empty cylinder completely to prevent backflow of contaminants or air). * Mark cylinders ""MT"" or ""EMPTY""; store separately from full cylinders. * Disposal of used cylinders * Close and tighten valves and replace safety caps on cylinders. * Contact supplier/vendor to obtain guidelines for the shipment of cylinders to be returned. * Identify the gas that was in the container. * Valves will be removed from empty non-toxic gas cylinders before disposal as metal scrap. * [Contact Environmental Health & Safety](https://www.stonybrook.edu/commcms/environmental-health-and-safety/about-us/contact.php) for removal of cylinders that cannot be returned to the supplier/vendor or for disposal of orphaned cylinders. * Emergencies * Rooms containing compressed gases must have a sign outside the room stating COMPRESSED GAS and the name of the gas and hazard class. * If TOXIC or FLAMMABLE gases are leaking, immediately evacuate area. * Call University Police at 333 from a campus phone or 631- 632-3333 from a non-campus and ask for the HAZMAT Team. * Related documents * [Compressed Gas and Cryogenic Fluid Handling, Storage and Disposal](https://www.stonybrook.edu/commcms/environmental-health-and-safety/_pdfs/compressed_gas_policy.pdf) * [Cryogenic Safety](https://www.asa.stonybrook.edu/asa/asaforms/EHSD0193/$FILE/EHSD0193.pdf) | | # BIOLOGICAL SAFETY OFFICER Chris Kuhlow | (631) 632-3717 | Christopher.Kuhlow@stonybrook.edu # CHEMICAL HYGIENE OFFICER Ying Liu | (631) 632-3032 | Ying.Liu.1@stonybrook.edu Division of Enterprise Risk ManagementEnvironmental Health & Safety110 Suffolk HallStony Brook, NY 11794-6200Phone: (631) 632-6410Fax: 631-632-9683[EHSafety@stonybrook.edu](mailto:EHSafety@stonybrook.edu) **We Care About...** Safety, People, Science, Education, Medicine and the Environment * [Discrimination](https://www.stonybrook.edu/commcms/oea-equity/resources/complaint_intake_form.php) * [Sexual Misconduct](https://www.stonybrook.edu/commcms/oea-sm-tix/resources/titleix_initial_report.php) * [Accessibility Barrier ](https://docs.google.com/forms/d/e/1FAIpQLScW_Uc4kfzvlKlgwoJCHSJ2EG_6bd-LjcHowxnNGKV0309uxg/viewform) [©Admin Login](http://a.cms.omniupdate.com/10?skin=oucampus&account=suny-stonybrook&site=sbcms&action=de&path=/environmental-health-and-safety/programs/laboratory-safety/chemical-safety/compressed-gas-and-cryogenics.pcf)2025[Stony Brook University](https://www.stonybrook.edu/)",,,,,,,基于公开网页资料自动抽取，导入知识库前请人工复核。提取通道=direct；quality_score=0.6695。,Compressed Gas and Cryogenics | https://ehs.stonybrook.edu/programs/laboratory-safety/chemical-safety/compressed-gas-and-cryogenics,网页,Compressed Gas and Cryogenics,Stony Brook University EHS,,,https://ehs.stonybrook.edu/programs/laboratory-safety/chemical-safety/compressed-gas-and-cryogenics,2026-04-27,,draft,compressed gas;cryogenics;SDS;storage;transport,en
WEBX-012-001,5.7 Cryogens,设备安全,低温安全,通用,4,低温;窒息;高压,What hazards and storage controls apply to liquid nitrogen and other cryogens,What hazards and storage controls apply to liquid nitrogen and other cryogens有哪些要点？,"### ### Characteristics These materials are extremely cold (-110°C to -270°C). Upon contact with cryogenic materials, living tissue can freeze and become brittle enough to shatter. Additional hazards include rapid pressure buildup, oxygen enrichment, and asphyxiation. Rapid pressure buildup could lead to an explosion if cryogen is improperly contained. ### Laboratory Chemicals * liquid argon * liquid carbon monoxide * liquid ethylene * liquid fluorine * liquid helium * liquid hydrogen * liquid methane * liquid nitrogen * liquid oxygen ### Storage Precautions for Cryogens * Store and handle in a well-ventilated area. When liquid cryogens are converted to the gaseous phase, they may create an oxygen deficiency. Do not use cryogens in small enclosed spaces. * Use only approved storage vessels (i.e., thermos-like evacuated, double-walled containers) with pressure relief mechanisms. Non-approved vessels may explode. * Secure containers so they will not tip over or obstruct an aisle, hallway, or corridor during an earthquake.",,,,,,,基于公开网页资料自动抽取，导入知识库前请人工复核。提取通道=direct；quality_score=0.3063。,5.7 Cryogens | https://ehs.berkeley.edu/safe-storage-hazardous-chemicals/57-cryogens,网页,5.7 Cryogens,UC Berkeley EH&S,,,https://ehs.berkeley.edu/safe-storage-hazardous-chemicals/57-cryogens,2026-04-27,,draft,cryogens;liquid nitrogen;oxygen deficiency;pressure relief,en
WEBX-013-001,Cryogens,设备安全,低温安全,通用,4,低温;窒息;综合安全,How should liquid nitrogen and cryogenic cylinders be transported and handled safely,How should liquid nitrogen and cryogenic cylinders be transported and handled safely有哪些要点？,"A cryogen or cryogenic liquid is defined by the National Institute for Standards and Technology (NIST) as any liquid with a boiling point below 93K (-180°C or -240°F) at 1 atmosphere of pressure. This definition includes liquid nitrogen (LN2), liquid argon (LAr), liquid helium (LHe), liquid hydrogen (LH2), and liquid oxygen (LO2), among others. This definition does not include liquid propane, liquid butane, liquid acetylene, or liquefied natural gas (methane). Liquid helium, liquid hydrogen and liquid oxygen present additional hazards that liquid nitrogen and liquid argon do not. Liquid nitrogen is the most frequently used cryogen on campus. The following table summarizes the physical properties of common cryogens: Cryogen| Boiling Point (1 atm) °C (°F)| Critical Pressure (psig)| Liquid Density (g/L)| Gas Density (27°C) (g/L)| Liquid-to-Gas Expansion Ratio| Type of Gas ---|---|---|---|---|---|--- Argon| -186(-303)| 710| 1402| 1.63| 860| Inert Helium| -269(-452)| 34| 125| 0.16| 780| Inert Hydrogen| -253(-423)| 188| 71| 0.082| 865| Flammable Nitrogen| -196(-321)| 492| 808| 2.25| 710| Inert Oxygen| -183(-297)| 736| 1410| 1.4| 875| Oxygen a Methane| -161(-256)| 673| 425| 0.72| 650| Flammable a Although oxygen does not burn, it will support combustion. Oxygen-enriched atmospheres may lead to violent reactions, such as rapid combustion or explosions, with incompatible materials. Before the beginning of any experiment or work related to cryogens, all personnel must be familiar with cryogens, equipment, and the system they will be using. It is recommended to create a Standard Operating Procedure (SOP) to include a description of the work being performed and have this available for all lab workers. Include procedural information regarding the use of equipment. The SOP should include the manufacturer’s instructions regarding the use of and controls for commercially obtained cryogen equipment. Liquid cryogens have an extremely low temperature. Contact with the cryogenic liquids causes not only frostbite or cryogenic burns but can also damage materials like water pipes, flooring, sinks, and electrical cables. Cryogens are stored in confined containers such as pressurized dewars and cylinders. Cryogenic liquid storage at warm temperature for an extended time can cause flash vaporization and produce extremely high pressure. Therefore, it is important to evaluate the pressure relief valve, venting valve, rupture disk and integrity of the container at least every month or before using it. Cryogenic fluids have large liquid-to-gas expansion ratios: * LN2 is approximately 696 to 1, (by volume) * LHe is approximately 757 to 1 * LAr is approximately 847 to 1 These ratios mean that any accidental release or overflow of these cryogenic liquids will quickly boil into gas and create an asphyxiation hazard by displacing the oxygen content of the surrounding area. In the case of liquid argon and liquid nitrogen, the gas generated from malfunctioning equipment or spills will be cold and denser than ambient air. Even well-ventilated lab spaces that have pits or other low-lying areas could have the oxygen displaced by this cold, dense gas. Large volumes of cryogen liquid used in small laboratory spaces or in poorly ventilated areas increase the asphyxiation hazard. Oxygen deficiency monitors should be used in these areas. The extremely low temperatures associated with cryogenic liquids can easily condense moisture from the air and cause ice formation. This ice can cause components or systems to malfunction (e.g., can plug vent lines and impede valve operation) or can damage piping systems. Carbon steel, metals, plastics, porcelain, and many other materials increase their brittleness in contact with cryogen and become susceptible to failure or malfunction. Therefore, always consult with the most appropriate reference when selecting materials for cryogenic applications. In many situations LN2 and LHe2 can condense the surrounding air. The concentration of oxygen in the condensed air will increase and lead to oxygen enriched conditions. The concentration of oxygen can reach as high as 80% and amplify flammability and explosion hazards. Air should be prevented from condensing into liquid nitrogen by using loose-fitting stoppers or covers that allow for the venting of nitrogen boil-off gas. Using cryogens in high ionizing radiation fields can generate ozone or nitrogen oxides. These compounds may cause a potential explosion hazard when the cryogen condenses oxygen from the atmosphere. The best control measure is to minimize the accumulation of oxygen coming into contact with the cryogen and to keep containers free of hydrocarbon contamination. Other cryogenic liquids present specific hazards in addition to the above concerns. Examples include: * **Liquid oxygen** presents **enhanced combustion** hazards. * **Liquid hydrogen** presents additional hazards of **flammability and material embrittlement** * **Liquid helium** presents additional hazards of **material embrittlement** and **solidification of air** ## Personal Protective Equipment (PPE) while working with cryogens: #### Face Shield: The primary function of a face shield is to protect the head and face from any splashes that may occur, especially during operations that are carried out at eye level (e.g. when topping up reservoirs on electron microscopes). A good face shield should have adjustments to fit many head sizes and should provide good coverage of the entire front of the head, including around the sides. The shield should have a sloped top surface to direct splashes away from the top of the head and to prevent splashes from getting behind the shield from above. Face shields, as per ANSI Z87.1, are highly recommended. Some models have replaceable clear shields so that when the shield becomes scratched or dirty, it can be replaced without purchasing new headgear. **You must still wear safety glasses underneath the face shield.** #### Cryogen gloves: Cryogen gloves are intended for handling very cold items and to protect against an accidental splash. They are _not_ designed to be submerged in a cryogenic liquid. Cryogen gloves are usually made from a non-porous material and are different from heat resistant gloves. Never used heat resistant gloves to handle cryogen. Cryogen gloves are usually loose fitting and easy to remove quickly. Always inspect the cryogen gloves integrity before each use for rips, tears, or holes where cryogen could get inside. #### Close-toed shoes: Close-toed shoes (without mesh tops) are required when handling cryogens. Shoes should have an enclosed heel and entirely covered tops. #### Additional PPE: A lab coat is required to minimize skin contact. Ear plugs can be worn to protect the ear in case a cryogenic vial explodes. Wear full length pants. ## Training University of Texas at Austin students, faculty, staff, and affiliate researchers who work in labs containing cryogen materials must complete [OH 241 Cryogen Safety training](https://utexas.csod.com/LMS/LoDetails/DetailsLo.aspx?loid=ad193549-2337-4ffa-abdd-ee1704d5edbf#t=1). ## Transportation of cryogen container Transportation of cryogenic liquids in elevators poses a potential asphyxiation and fire/explosion risk if workers become trapped in an elevator with a container of cryogen. Pressurized cryogen cylinders are strictly prohibited in passenger elevators. Always use a freight elevator to carry cryogenic containers and cylinders. In any situation, do not store or transport cryogen containing containers in the closed cabin or trunk of a vehicle. Cryogens should never be brought onto a bus or shuttle. Cryogenic liquid cylinders and dewars must be transported in the open bed of a truck or similar vehicle. Do not use a personal vehicle to transport any cryogen container. ## Cryogen container transport between and within buildings Small quantities of liquid nitrogen or liquid argon may be transported in and around buildings provided they are contained within an appropriate low pressure dewar (fitted with a lid) and carried by their handles. Do not transport cryogenic liquids in open dewars. Do not attempt to carry additional items while holding the dewar, such as books, beverages, samples or tools. Larger, low-pressure dewars may come with casters/wheels attached to the bottom. Otherwise, the dewar may need to be secured to a dolly or cart. The dewar should be kept as low to the ground as possible when using a dolly or cart for transportation. Do not transport low-pressure dewars on the top shelf of a hand cart. Check the entire route ahead of time to ensure that it is free of any obstructions or obstacles that may cause a cart or the dewar to tip. Heavy cryogenic liquid cylinders must be transported with an appropriate cart designed for the specific cylinder model. Never roll cryogenic liquid cylinders. Appropriate PPE is still required when transporting cryogenic liquids around buildings. Before transporting cryogenic liquid cylinders, the user must ensure that all process valves (gas supply, liquid supply, pressure builder, and vent) are closed. ### Resources * [Cryogen Poster (PDF)](https://ehs.utexas.edu/sites/default/files/Dispensing-Cryogens-012220-v.3.pdf ""Dispensing-Cryogens-012220-v.3.pdf"") * [No Cryogens Poster (PDF)](https://ehs.utexas.edu/sites/default/files/Poster-NoCryogens.pdf ""Poster-NoCryogens.pdf"") * [Elevator Cryogens Poster (PDF)](https://ehs.utexas.edu/sites/default/files/Poster-CryogensElevator.pdf ""Poster-CryogensElevator.pdf"")",,,,,,,基于公开网页资料自动抽取，导入知识库前请人工复核。提取通道=direct；quality_score=0.6658。,Cryogens | https://ehs.utexas.edu/working-safely/equipment-safety/cryogens,网页,Cryogens,University of Texas at Austin EHS,,,https://ehs.utexas.edu/working-safely/equipment-safety/cryogens,2026-04-27,,draft,cryogens;liquid nitrogen;training;transport;oxygen deficiency,en
WEBX-014-001,Cryogens,设备安全,低温安全,通用,4,低温;窒息;易燃气体,What PPE and hazard controls are required for cryogenic liquids,What PPE and hazard controls are required for cryogenic liquids有哪些要点？,"A **cryogenic liquid** is defined as a liquid with a normal boiling point below -240°F (-150°C, 123°K). The most commonly used industrial gases that are transported, handled, and stored in the liquid state at cryogenic temperatures are argon, helium, hydrogen, nitrogen, and oxygen. There are a number of general precautions and safe practices that must be observed because of the extremely low temperatures and high rates of conversion into gas of all the cryogenic liquids. There are also specific precautions that must be followed where a particular liquid may react with contaminants or may present other hazards associated with that particular product such as asphyxiation or flammability. As always, end users should have and be thoroughly familiar with the SDS for their specific product. All operators must be familiar with the instructions provided with the equipment to be used with the cryogenic liquid. ## Hazards * Extreme cold: can cause instant extreme frost bite to exposed skin or eyes. * Asphyxiation: can immediately displace oxygen, especially in poorly ventilated areas * Expansion: cryogens, such as liquid nitrogen, can expand up to 700x when changing from liquid to gas. Rapid changes in temperature can result in tank or vessel explosions. ## Minimum PPE The required apparel and PPE for handling cryogens include: * Full face shield over safety glasses * Long sleeve shirt or lab coat * Loose fitting thermal insulated or leather gloves (these are not the same as heat gloves!) * Pants without cuffs that can trap liquid next to your body. * Closed toe shoes that cover the entire foot. ## Training EH&S offers a recommended Liquid Nitrogen Training found on MyTraining under the course code **UF_EHS866**. The course covers the following topics: * The hazards associated with liquid nitrogen, * Parts of a liquid nitrogen tank including the safety features, * Safely dispensing liquid nitrogen and handling cryogenic tubes, * Safely transporting liquid nitrogen within a building, * Other cryogenic liquids requiring additional safety considerations.",,,,,,,基于公开网页资料自动抽取，导入知识库前请人工复核。提取通道=direct；quality_score=0.4654。,Cryogens | https://www.ehs.ufl.edu/departments/research-safety-services/chemical-safety/cryogens/,网页,Cryogens,University of Florida EHS,,,https://www.ehs.ufl.edu/departments/research-safety-services/chemical-safety/cryogens/,2026-04-27,,draft,cryogens;liquid nitrogen;SDS;PPE;asphyxiation,en
WEBX-015-001,Autoclave Safety,生物,设备安全,生物,4,高温;高压;生物危废,What training records and operating controls are required for autoclaving biohazardous waste,What training records and operating controls are required for autoclaving biohazardous waste有哪些要点？,"Learn how to safely operate an autoclave and treat biohazardous waste for disposal according to applicable regulations. ## General Autoclave Safety An autoclave is capable of rendering items sterile of any living organisms by using hot, pressurized steam. Autoclaves are commonly used in laboratories to sterilize glassware and instruments, media and solutions, and biohazardous waste. The hazards associated with autoclave use include heat, steam, and pressure. Familiarize yourself with the hazards and know how to protect yourself before operating an autoclave. Do not operate an autoclave until you have been trained how to do so safely. Watch Arizona State University's excellent [autoclave training video](https://www.youtube.com/watch?v=rM_JTgLSKXk). All operating autoclaves are required to have: * A designated responsible person who will train users and inform them if the autoclave is out of service. * Documented training for anyone who operates the autoclave. Use the [autoclave training log](/system/files/resources/autoclave-train.pdf) to document. Training for autoclave users must include the [EH&S General Autoclave Safety Guidelines](/system/files/resources/autoclave-safety.pdf) in addition to any site-specific procedures for the autoclave in use. ## Autoclaving Biohazardous Waste Steam sterilization with an autoclave effectively inactivates most infectious agents. A properly operating autoclave renders biohazardous waste sterile so that it can be disposed of safely via municipal waste. By following operation and monitoring requirements, you help protect the health and safety of autoclave operators, waste handlers, the general public, and the environment. All autoclaves used to decontaminate biohazardous waste are required to: * Follow the [General Autoclave Safety Guidelines](/system/files/resources/autoclave-safety.pdf) and training requirements. * Follow the [Autoclaving Biohazardous Waste Guidelines](/system/files/resources/autoclave-biowaste.pdf) and training requirements. * Implement a site-specific procedure for autoclaving biohazardous waste. A [template SOP](/system/files/resources/autoclave-SOP.pdf) is available. * Maintain autoclave records for at least six years. It is the responsibility of the principal investigator, lab/facility manager, and/or department to ensure compliance with all autoclave safety guidelines and the UW Biohazardous Waste Management Plan. Steam sterilization of biohazardous waste with an autoclave must be done in accordance with [Seattle Municipal Code, Section 21.43.050](https://www.municode.com/library/wa/seattle/codes/municipal_code?nodeId=TIT21UT_SUBTITLE_IIISOWA_CH21.43INWAMA_21.43.050INWATR) and [King County Board of Health, Title 10.07](https://cdn.kingcounty.gov/-/media/king-county/depts/dph/documents/about-public-health/board-of-health/boh-code-title-10.pdf). Chemical integrators The only chemical integrators approved for use by the Seattle-King County Health Department are listed below and are available for purchase from [Fisher Scientific](https://www.fishersci.com/us/en/home.html) or other lab supply vendors: * 3M Comply Thermalog or Thermalog-S * Steriscan * 3M Attest Steam Integrator 1243A * 3M Attest Steam Integrator 1243B * Steris VERIFY™ STEAM Integrating Indicator * Crosstex STEAMPlus™ Class 5 Sterilization Integrator * 3M Comply SteriGage (no longer manufactured but existing integrators can be used prior to expiration) ## Autoclave Compliance Tools Use the autoclave tools and templates developed by EH&S to keep you safe and compliant: * [General Autoclave Safety Guidelines](/system/files/resources/autoclave-safety.pdf) * [Autoclaving Biohazardous Waste Guidelines](/system/files/resources/autoclave-biowaste.pdf) * [Autoclaving Biohazardous Waste SOP Template](/system/files/resources/autoclave-SOP.pdf) * [Autoclave Training Log](/system/files/resources/autoclave-train.pdf) * [Autoclave Biological Indicator Quality Control Checklist](/system/files/resources/autoclave-qcbi.pdf) * [Autoclave Log Sheet](/system/files/resources/autoclave-log.pdf) ## Autoclave Audits EH&S Biosafety performs routine audits of sites that use an autoclave to treat biohazardous waste prior to disposal. The purpose of the audits are to ensure autoclaves are operated in a safe manner, that required monitoring processes are implemented, and that compliance information is appropriately documented. ## Services Available EH&S biosafety officers can assist with training, consultation and help with any biosafety questions. If you plan to generate mixed waste (i.e., biohazardous and radioactive), please contact EH&S first. ## Emergency Response and Reporting UW personnel are required to submit an [**incident report**](https://oars.ehs.washington.edu/) to Environmental Health & Safety for any work-related event that results in an injury, illness, exposure to hazardous materials, property damage, or fire, regardless of the work location. UW personnel are highly encouraged to submit work-related near-miss events. Visit the [**Incident Reporting page**](/workplace/incident-reporting) for more information. **Notify EH &S immediately **(after first aid/medical care/emergency services)**** if the incident involves recombinant or synthetic nucleic acids or genetically modified organisms. * During EH&S business hours: (8:00 a.m. to 5:00 p.m., Monday to Friday) call (206) 221-7770. * Outside of EH&S business hours: call the UW Police Department at (206) 685-8973 to reach EH&S on-call staff. ## More Information ### Training * [Biosafety training](/training/biosafety-training-online) * [BBP training](/training/bloodborne-pathogens-bbp-researchers-online) ### Regulation and policy * [WA State Definition of Biomedical Waste](http://apps.leg.wa.gov/rcw/default.aspx?cite=70.95K&full=true) * [Seattle-King County Municipal Code](https://www.municode.com/library/wa/seattle/codes/municipal_code?nodeId=TIT21UT_SUBTITLE_IIISOWA_CH21.43INWAMA_21.43.050INWATR)",,,,,,,基于公开网页资料自动抽取，导入知识库前请人工复核。提取通道=direct；quality_score=0.6938。,Autoclave Safety | https://www.ehs.washington.edu/biological/biohazardous-waste/autoclave-safety,网页,Autoclave Safety,University of Washington EH&S,,,https://www.ehs.washington.edu/biological/biohazardous-waste/autoclave-safety,2026-04-27,,draft,autoclave;biohazardous waste;training log;biological indicator,en
WEBX-016-001,Autoclaves,生物,设备安全,生物,4,高温;高压;生物危废;剧毒,How should autoclaves be loaded operated and restricted to compatible materials,How should autoclaves be loaded operated and restricted to compatible materials有哪些要点？,"# Autoclaves Print this page Autoclaves are used to sterilize biological materials before disposal. If steam isn’t reaching the items being autoclaved, then the items are not getting decontaminated. Proper packaging of materials and cycle selection (to reach appropriate temperature, pressure, and steam) are crucial for successful decontamination. Hazards associated with autoclaves include explosions, burns, shattered contents, and emission of toxic fumes. ## Be Prepared Read the Operator Manual and request training prior to operating any autoclave.**** Check the compatibility of materials including**** chemicals, electronics, and some plastics because many are not permitted and will emit toxic fumes. Make sure the autoclave’s exhaust is on before use. NEVER autoclave bleach-treated items (toxic chlorine gas will result). Elevate materials away from the drain by using a rack and use polypropylene or metal pans to hold your materials. ## Loading and Unloading Materials If autoclaving bagged waste, make sure the bag is loosely taped so that steam can enter through the bag opening or add water so steam is generated inside the bag – if you tied too tightly, the bag can break open and leak out whatever is inside. Make sure containers with liquids are loosely capped and only half filled to avoid exploding the vessel that contains the liquid and to prevent boiling over. Before unloading the materials from the autoclave, wait at least 2 minutes after the steam pressure gauge has reached ZERO, and allow it to vent steam out slowly (with the door only open a few inches) before you fully open the door. Use the door to protect your body and don’t lean over to see what’s inside. ## Personal Protective Equipment (PPE) Wear a lab coat, foot protection, and long-sleeved autoclave mitts at a minimum. When handling liquid, the addition of a face shield and apron is appropriate. ## Maintenance and Cleaning Ensure that the drain is clear and the door gasket is in good shape (no cracks, etc) because autoclave won’t be able to decontaminate anything if the drain is clogged. Intermittently test the efficacy of your autoclave runs by using chemical steam integrators (no incubation) and biological spore strips (incubation required). These tests help the most when used in combination and on a regular schedule. Also make sure your autoclave is receiving annual maintenance. For assistance with developing a testing schedule, contact EHS. ## Things to Avoid * **Do not use damaged glass** items (such as a cracked flask) * **Do not over-pack** the autoclave or the bags/containers going in. * **Do not allow items to touch** hot autoclave surface or cold surfaces after removal. * **Do not autoclave electronics, batteries, volatile chemicals include bleach, or other materials that can emit toxic fumes** ## More Information * Read more about decontamination in Section 3.4 of the [Biosafety Manual](/research-safety/biosafety-biosecurity/biological-safety-manuals-and-other-documents ""Biological Safety Manuals and Other Documents"") * You can request training from experienced operators in your department or the vendor * Video that provides an overview on [Autoclave Safety](https://www.youtube.com/watch?v=T901F2W7wks) * Video on the use of [Biological Indicators](https://www.youtube.com/watch?v=-DX1LAKJVto&feature=youtu.be)",,,,,,,基于公开网页资料自动抽取，导入知识库前请人工复核。提取通道=direct；quality_score=0.6548。,Autoclaves | https://ehs.cornell.edu/research-safety/biosafety-biosecurity/biological-safety-manuals-and-other-documents/autoclaves,网页,Autoclaves,Cornell University EHS,,,https://ehs.cornell.edu/research-safety/biosafety-biosecurity/biological-safety-manuals-and-other-documents/autoclaves,2026-04-27,,draft,autoclave;biohazard;bleach incompatibility;cycle selection,en
WEBX-017-001,Centrifuges,设备安全,设备安全,生物,4,机械;生物危废,What operating and maintenance controls prevent centrifuge rotor failure and aerosol exposure,What operating and maintenance controls prevent centrifuge rotor failure and aerosol exposure有哪些要点？,"# Centrifuges Print this page A Cornell campus laboratory was seriously damaged when the rotor of an ultracentrifuge failed while in use. Flying metal fragments damaged the walls, the ceiling, and other equipment. The shock wave blew out the laboratory’s windows and shook down the shelves. Centrifuges generate a lot of energy and can walk off the counter, launch projectiles, and spray aerosols if not operated correctly. Even the low speed centrifuges go fast enough to pose dangers. Mechanical hazards can include stress to the rotor metal, fatigue, corrosion, and appropriate tube selection and it is normally one of these things, or an improperly balanced load, that lead to accidents involving centrifuges. Hazardous materials can include biological materials and chemicals, which present additional aerosol and exposure risks. ## Be Prepared Read the operator manual for each centrifuge you operate – it has specific information about how to maintain that model. Older models do not have all the safety features built into the new ones and the consequences of a failure can be more problematic. ## Double-Check Equipment Example of a Safety Cup Check that the rotor is compatible with your centrifuge, avoid incompatible chemicals, use proper tubes, and fill tubes to the proper level. Is It Sealed? The use of secondary containment (sealed safety cups or buckets), gasketed lids, and O-ring gasketed screw top tubes for your samples all increase safety in the event of an accident inside the centrifuge. When operating the centrifuge, use a log (especially for an ultracentrifuge) to track use and stick around to watch for signs of an improperly loaded centrifuge. ## Properly Load and Unload Samples When working with potentially infectious materials, use a biosafety cabinet to load and unload your tubes in the rotor/safety cups where practical, inspect all equipment for wear & tear, verify that tubes are properly balanced, and secure the seating of your samples. If you have an odd number of tubes, such as 3, 7, or 15, you can balance them as shown above, or simply add an extra tube containing water (a blank) to make it easier. Image courtesy of Rutgers University ## Use Your Senses If you detect smells, sounds, small vibrations, anything that concerns you… 1. Stop run immediately and check for error codes first! Know what the code is before opening lid. 2. Turn off the equipment 3. Notify your supervisor and seek the help of an experienced colleague 4. Do not open lid until fully stopped and allowed to rest for at least 30 minutes (which allows most aerosols to settle) ## Cleaning Up a Spill _Review the GBP for[Responding to Biological Spills](/research-safety/biosafety-biosecurity/biological-safety-manuals-and-other-documents/responding-biological-spills ""Responding to Biological Spills"")_ for general guidance. After letting the centrifuge rest for 30 minutes, 1) don your PPE, 2) use tongs to handle sharps, 3) remove sealed buckets and place in BSC, 4) disassemble and place other affected parts in disinfectant in BSC, 5) recover samples in BSC, 6) disinfect the bowl (if affected), 7) and follow all waste management guidelines for equipment and PPE. Example PPE to unload a centrifuge when working with infectious materials ## Things to Avoid * **Do not use abrasives or corrosive detergents** * **Do not scratch** the surface of your rotor, bucket, tubes, etc. * **Do not leave the rotor wet** * **Do not neglect** your centrifuge…keep up that maintenance plan! ## More Information Visit the EHS [Biosafety Manual](/system/files/private/BIO-WP-BSL1-2.pdf) Section 2.1.12 for more information on centrifuges",,,,,,,基于公开网页资料自动抽取，导入知识库前请人工复核。提取通道=direct；quality_score=0.6844。,Centrifuges | https://ehs.cornell.edu/research-safety/biosafety-biosecurity/biological-safety-manuals-and-other-documents/centrifuges,网页,Centrifuges,Cornell University EHS,,,https://ehs.cornell.edu/research-safety/biosafety-biosecurity/biological-safety-manuals-and-other-documents/centrifuges,2026-04-27,,draft,centrifuge;rotor care;balancing;safety cups;aerosol,en
WEBX-018-001,Laboratory Safety Manual,通用,安全手册,通用,4,综合安全;高压;机械;低温,What general laboratory safety controls are recommended across equipment chemicals and procedures,What general laboratory safety controls are recommended across equipment chemicals and procedures有哪些要点？,"# Laboratory Safety Manual Laboratory Safety Manual ## Purpose of This Manual The purpose of this manual is to supplement the basic regulatory requirements of the OSHA Laboratory Standard for the development of a Chemical Hygiene Plan and to provide laboratories with useful recommendations that can help achieve compliance with the intent of the OSHA Lab Standard. Throughout this document, areas where regulatory or University requirements exist will be clearly identified using words such as “must”, “required”, “shall”, and “it is the responsibility”, etc. All other information provided within this document are recommendations that Environment, Health, and Safety (EHS) encourages laboratories to follow as best management practices. Colleges, departments, other units, and individual laboratories are free to establish the guidelines found within this document as required policies for their units or laboratories. To take advantage of the Internet, this document is formatted to be a “front door” to other resources, including useful web links. Where appropriate, web links will be embedded within the document and identified as a hyperlinked word that can be clicked on to view the webpage. Please note, by clicking on these external resources you will be leaving the Laboratory Safety Manual and will need to click the “Back” button on your browser to return to the manual. For those internal hyperlinks, including the table of contents, you can move around the document by clicking on the back and forward hyperlink arrow buttons located in the upper left hand side of your toolbar. If this toolbar is not visible, then go to your menu command “View”, then “Toolbars”, and then select the “Web” or “Navigation” button to make the toolbar and hyperlink arrow buttons accessible. You can search both the PDF and web-based versions of the Laboratory Safety Manual using the function CTRL-F. If you encounter a broken web link, please send an email to askEHS@cornell.edu and include the section and page number of the manual and the name of the link you were trying to reach. If you have any suggestions to improve this document, including sharing useful web links or would like to request a section or topic to be added, then please send an email to the Chemical Hygiene Officer. This Laboratory Safety Manual should be considered a living document and will be reviewed at least annually and updated with your participation, comments, and suggestions. IN CASE OF AN EMERGENCY, CALL 911 from any campus phone or 607-255-1111 from a cell phone. # TABLE OF CONTENTS TABLE OF CONTENTS ## Chapter 1.0 - Introduction * [1.1 Chemical Hygiene Plan Accessibility](/research-safety/chemical-safety/laboratory-safety-manual/chapter-1-introduction/11-chemical ""1.1 Chemical Hygiene Plan Accessibility"") * [1.2 Laboratory Safety Responsibilities](/research-safety/chemical-safety/laboratory-safety-manual/chapter-1-introduction/12-laboratory ""1.2 Laboratory Safety Responsibilities"") * [1.2.1 Environment, Health and Safety](/research-safety/chemical-safety/laboratory-safety-manual/chapter-1-introduction/12-laboratory-1 ""1.2.1 Environment, Health and Safety"") * [1.2.2 Chemical Hygiene Officer](/research-safety/chemical-safety/laboratory-safety-manual/chapter-1-introduction/12-laboratory-safety-responsibilities/122 ""1.2.2 Chemical Hygiene Officer"") * [1.2.3 Deans, Directors, and Department Chairpersons](/research-safety/chemical-safety/laboratory-safety-manual/chapter-1-introduction/12-laboratory-2 ""1.2.3 Deans, Directors, and Department Chairpersons"") * [1.2.4 Principal Investigators, Faculty, and Laboratory Supervisors](/research-safety/chemical-safety/laboratory-safety-manual/chapter-1-introduction/12-laboratory-3 ""1.2.4 Principal Investigators, Faculty, and Laboratory Supervisors"") * [1.2.5 Laboratory Employees](/research-safety/chemical-safety/laboratory-safety-manual/chapter-1-introduction/12-laboratory-4 ""1.2.5 Laboratory Employees"") * [1.2.6 Building Coordinators](/research-safety/chemical-safety/laboratory-safety-manual/chapter-1-introduction/12-laboratory-5 ""1.2.6 Building Coordinators"") * [1.2.7 Department Safety Representatives](/research-safety/chemical-safety/laboratory-safety-manual/chapter-1-introduction/12-laboratory-6 ""1.2.7 Department Safety Representatives"") ## [Chapter 2.0 - Engineering Controls](/research-safety/chemical-safety/laboratory-safety-manual/chapter-2-engineering-controls ""Chapter 2 - Engineering Controls"") * [2.1 Chemical Fume Hoods](/research-safety/chemical-safety/laboratory-safety-manual/chapter-2-engineering-controls/21 ""2.1 Chemical Fume Hoods"") * [2.1.1 Perchloric Acid Use](/research-safety/chemical-safety/laboratory-safety-manual/chapter-2-engineering-controls/21-0 ""2.1.1 Heating Perchloric Acid"") * [2.1.2 Fume Hood Inspection and Testing Program](/research-safety/chemical-safety/laboratory-safety-manual/chapter-2-engineering-controls/21-1 ""2.1.2 Fume Hood Inspection and Testing Program"") * [2.1.3 Installation of New Fume Hoods](/research-safety/chemical-safety/laboratory-safety-manual/chapter-2-engineering-controls/21-2 ""2.1.3 Installation of New Fume Hoods"") * [2.1.4 Removal of Existing Fume Hoods](/research-safety/chemical-safety/laboratory-safety-manual/chapter-2-engineering-controls/21-3 ""2.1.4 Removal of Existing Fume Hoods"") * [2.1.5 Maintenance Procedures For Fume Hoods](/research-safety/chemical-safety/laboratory-safety-manual/chapter-2-engineering-controls/21-4 ""2.1.5 Maintenance Procedures For Fume Hoods"") * [2.2 Other Capture Devices](/research-safety/chemical-safety/laboratory-safety-manual/chapter-2-engineering-controls/22-other ""2.2 Other Capture Devices"") * [2.3 Glove Boxes](/research-safety/chemical-safety/laboratory-safety-manual/chapter-2-engineering-controls/23-glove ""2.3 Glove Boxes"") * [2.4 Water Protection in Labs](/research-safety/chemical-safety/laboratory-safety-manual/chapter-2-engineering-controls/24-water ""2.4 Water Protection in Labs"") ## [Chapter 3.0 - Personal Protective Equipment](/research-safety/chemical-safety/laboratory-safety-manual/chapter-3-personal-protective-equipment ""Chapter 3 - Personal Protective Equipment"") * [3.1 Laboratory Responsibilities for Personal Protective Equipment](/research-safety/chemical-safety/laboratory-safety-manual/chapter-3-personal-protective-0 ""3.1 Laboratory Responsibilities for Personal Protective Equipment"") * [3.2 Training for Personal Protective Equipment](/research-safety/chemical-safety/laboratory-safety-manual/chapter-3-personal-protective-1 ""3.2 Training for Personal Protective Equipment"") * [3.3 Eye Protection](/research-safety/chemical-safety/laboratory-safety-manual/chapter-3-personal-protective-2 ""3.3 Eye Protection"") * [3.3.1 Eye Protection Selection](/research-safety/chemical-safety/laboratory-safety-manual/chapter-3-personal-protective-3 ""3.3.1 Eye Protection Selection"") * [3.4 Hand Protection](/research-safety/chemical-safety/laboratory-safety-manual/chapter-3-personal-protective-4 ""3.4 Hand Protection"") * [3.4.1 Selecting the Proper Gloves](/research-safety/chemical-safety/laboratory-safety-manual/chapter-3-personal-protective-5 ""3.4.1 Selecting the Proper Gloves"") * [3.4.2 Double Gloving](/research-safety/chemical-safety/laboratory-safety-manual/chapter-3-personal-protective-6 ""3.4.2 Double Gloving"") * [3.4.3 Types of Gloves](/research-safety/chemical-safety/laboratory-safety-manual/chapter-3-personal-protective-7 ""3.4.3 Types of Gloves"") * [3.5 Protective Clothing](/research-safety/chemical-safety/laboratory-safety-manual/chapter-3-personal-protective-8 ""3.5 Protective Clothing"") * [3.6 Respirators](/research-safety/chemical-safety/laboratory-safety-manual/chapter-3-personal-protective-9 ""3.6 Respirators"") * [3.7 Hearing Protection](/research-safety/chemical-safety/laboratory-safety-manual/chapter-3-personal-protective-10 ""3.7 Hearing Protection"") * [3.8 Foot Protection](/research-safety/chemical-safety/laboratory-safety-manual/chapter-3-personal-protective-11 ""3.8 Foot Protection"") ## [Chapter 4.0 - Administrative Controls](/research-safety/chemical-safety/laboratory-safety-manual/chapter-4-administrative-controls ""Chapter 4 - Administrative Controls"") * [4.1 Standard Operating Procedures](/research-safety/chemical-safety/laboratory-safety-manual/chapter-4-administrative-controls/41 ""4.1 Standard Operating Procedures"") * [4.2 Form 10](/research-safety/chemical-safety/laboratory-safety-manual/chapter-4-administrative-controls/42 ""4.2 Sponsored Programs"") * [4.3 Procedural Controls](/research-safety/chemical-safety/laboratory-safety-manual/chapter-4-administrative-controls/43 ""4.3 Procedural Controls"") * [4.4 Housekeeping](/research-safety/chemical-safety/laboratory-safety-manual/chapter-4-administrative-controls/44 ""4.4 Housekeeping"") * [4.5 Personal Hygiene](/research-safety/chemical-safety/laboratory-safety-manual/chapter-4-administrative-controls/45 ""4.5 Personal Hygiene"") * [4.6 Eating, Drinking, and Applying Cosmetics in the Lab](/research-safety/chemical-safety/laboratory-safety-manual/chapter-4-administrative-controls/46 ""4.6 Eating, Drinking, and Applying Cosmetics in the Lab"") * [4.7 Working Alone](/research-safety/chemical-safety/laboratory-safety-manual/chapter-4-administrative-controls/47 ""4.7 Working Alone"") * [4.8 Phones in Labs](/research-safety/chemical-safety/laboratory-safety-manual/chapter-4-administrative-controls/48 ""4.8 Phones in Labs"") * [4.9 Unattended Operations](/research-safety/chemical-safety/laboratory-safety-manual/chapter-4-administrative-controls/49 ""4.9 Unattended Operations"") * [4.10 Access to Laboratories](/research-safety/chemical-safety/laboratory-safety-manual/chapter-4-administrative-controls/410 ""4.10 Access to Laboratories"") * [4.10.1 Visitors and Children in Labs](/research-safety/chemical-safety/laboratory-safety-manual/chapter-4-administrative-controls/410-0 ""4.10.1 Visitors and Children in Labs"") * [4.10.2 Volunteers in Labs](/research-safety/chemical-safety/laboratory-safety-manual/chapter-4-administrative-controls/410-1 ""4.10.2 Volunteers in Labs "") * [4.10.3 Visiting Scientists and Other Similar Users](/research-safety/chemical-safety/laboratory-safety-manual/chapter-4-administrative-controls/410-2 ""4.10.3 Visiting Scientists and Other Similar Users"") * [4.10.4 Pets in Labs](/research-safety/chemical-safety/laboratory-safety-manual/chapter-4-administrative-controls/410-3 ""4.10.4 Pets in Labs"") * [4.11 Chemical Purchasing](/research-safety/chemical-safety/laboratory-safety-manual/chapter-4-administrative-controls/411 ""4.11 Chemical Purchasing "") * [4.12 Ordering New Equipment](/research-safety/chemical-safety/laboratory-safety-manual/chapter-4-administrative-controls/412 ""4.12 Ordering New Equipment"") * [4.13 Work Orders and Ticket Requests](/research-safety/chemical-safety/laboratory-safety-manual/chapter-4-administrative-controls/413 ""4.13 Work Orders and Ticket Requests"") * [4.14 Changes in Lab Occupancy](/research-safety/chemical-safety/laboratory-safety-manual/chapter-4-administrative-controls/414 ""4.14 Changes in Lab Occupancy"") * [4.15 Laboratory Design and Construction](/research-safety/chemical-safety/laboratory-safety-manual/chapter-4-administrative-controls/415 ""4.15 Laboratory Design and Construction"") * [4.16 Ventilation Rates](/research-safety/chemical-safety/laboratory-safety-manual/chapter-4-administrative-controls/416 ""4.16 Ventilation Rates"") * [4.16.1 Room Air Pressure in Labs](/research-safety/chemical-safety/laboratory-safety-manual/chapter-4-administrative-controls/416-0 ""4.16.1 Room Air Pressure in Labs"") * [4.17 Energy Conservation in Laboratories](/research-safety/chemical-safety/laboratory-safety-manual/chapter-4-administrative-controls/417 ""4.17 Energy Conservation in Laboratories"") * [4.18 Green Labs](/research-safety/chemical-safety/laboratory-safety-manual/chapter-4-administrative-controls/418 ""4.18 Green Labs"") * [4.19 Research Area Inspections](/research-safety/chemical-safety/laboratory-safety-manual/chapter-4-administrative-controls/419 ""4.19 Research Area Inspections "") * [4.19.1 Self Inspections](/research-safety/chemical-safety/laboratory-safety-manual/chapter-4-administrative-controls/419-0 ""4.19.1 Self Inspections"") * [4.19.2 Inspections by Regulatory Agencies](/research-safety/chemical-safety/laboratory-safety-manual/chapter-4-administrative-controls/419-1 ""4.19.2 Inspections by Regulatory Agencies"") * [4.20 Research Area Space Registration Using HASP](/research-safety/chemical-safety/laboratory-safety-manual/chapter-4-administrative-controls/420 ""4.20 Research Area Space Registration Using HASP"") * [4.21 Laboratory Security](/research-safety/chemical-safety/laboratory-safety-manual/chapter-4-administrative-controls/421 ""4.21 Laboratory Security"") * [4.21.1 Security Guidelines](/research-safety/chemical-safety/laboratory-safety-manual/chapter-4-administrative-controls/421-0 ""4.21.1 Security Guidelines "") ## [Chapter 5.0 - Emergency Preparedness](/research-safety/chemical-safety/laboratory-safety-manual/chapter-5-emergency-preparation ""Chapter 5 - Emergency Preparation"") * [5.1 Cornell Emergency Plan](/research-safety/chemical-safety/laboratory-safety-manual/chapter-5-emergency-preparation/51 ""5.1 Cornell Emergency Plan"") * [5.1.1 Unit Emergency Planning](/research-safety/chemical-safety/laboratory-safety-manual/chapter-5-emergency-preparation/51-0 ""5.1.1 Unit Emergency Planning "") * [5.1.2 Fire Safety Plans](/research-safety/chemical-safety/laboratory-safety-manual/chapter-5-emergency-preparation/51-1 ""5.1.2 Fire Safety Plans"") * [5.2 Emergency Evacuation Procedures](/research-safety/chemical-safety/laboratory-safety-manual/chapter-5-emergency-preparation/52 ""5.2 Emergency Evacuation Procedures"") * [5.3 Emergency Procedures](/research-safety/chemical-safety/laboratory-safety-manual/chapter-5-emergency-preparation/53 ""5.3 Emergency Procedures"") * [5.3.1 Laboratory Emergency Shutdown Procedures](/research-safety/chemical-safety/laboratory-safety-manual/chapter-5-emergency-preparation/53-0 ""5.3.1 Laboratory Emergency Shutdown Procedures "") * [5.3.2 Medical Emergency Procedures](/research-safety/chemical-safety/laboratory-safety-manual/chapter-5-emergency-preparation/53-1 ""5.3.2 Medical Emergency Procedures"") * [5.3.3 First Aid Kits](/research-safety/chemical-safety/laboratory-safety-manual/chapter-5-emergency-preparation/53-2 ""5.3.3 First Aid Kits "") * [5.3.4 Fire or Explosion Emergency Procedures](/research-safety/chemical-safety/laboratory-safety-manual/chapter-5-emergency-preparation/53-3 ""5.3.4 Fire or Explosion Emergency Procedures"") * [5.3.5 Fire Extinguishers](/research-safety/chemical-safety/laboratory-safety-manual/chapter-5-emergency-preparation/53-4 ""5.3.5 Fire Extinguishers"") * [5.3.6 Power Outage Procedures](/research-safety/chemical-safety/laboratory-safety-manual/chapter-5-emergency-preparation/53-5 ""5.3.6 Power Outage Procedures"") * [5.4 Chemical Spill Procedures](/research-safety/chemical-safety/laboratory-safety-manual/chapter-5-emergency-preparation/54 ""5.4 Chemical Spill Procedures "") * [5.4.1 Incidental Spills](/research-safety/chemical-safety/laboratory-safety-manual/chapter-5-emergency-preparation/54-0 ""5.4.1 Incidental Spills"") * [5.4.1.1 Incidental Spill Cleanup Procedures](/research-safety/chemical-safety/laboratory-safety-manual/chapter-5-emergency-preparation/54-1 ""5.4.1.1 Incidental Spill Cleanup Procedures "") * [5.4.2 Spill Absorbent Materials](/research-safety/chemical-safety/laboratory-safety-manual/chapter-5-emergency-preparation/54-2 ""5.4.2 Spill Absorbent Materials "") * [5.4.3 Spill Kits](/research-safety/chemical-safety/laboratory-safety-manual/chapter-5-emergency-preparation/54-3 ""5.4.3 Spill Kits"") * [5.4.4 Major Spills](/research-safety/chemical-safety/laboratory-safety-manual/chapter-5-emergency-preparation/54-4 ""5.4.4 Major Spills "") * [5.4.4.1 Major Spill Cleanup Procedures](/research-safety/chemical-safety/laboratory-safety-manual/chapter-5-emergency-preparation/54-1 ""5.4.1.1 Incidental Spill Cleanup Procedures "") * [5.5 Emergency Eyewash and Showers](/research-safety/chemical-safety/laboratory-safety-manual/chapter-5-emergency-preparation/55 ""5.5 Emergency Eyewash and Showers"") * [5.5.1 Testing and Inspection of Emergency Eyewash and Showers](/research-safety/chemical-safety/laboratory-safety-manual/chapter-5-emergency-preparation/55-0 ""5.5.1 Emergency Eyewash and Showers - Routine Availability, Activation, and Reporting"") * [5.5.2 Installation for New Emergency Eyewash and Showers](/research-safety/chemical-safety/laboratory-safety-manual/chapter-5-emergency-preparation/55-1 ""5.5.2 Emergency Eyewash and Showers - Emergency Use Procedures"") * [5.5.3 Maintenance Procedures For Emergency Eyewash and Showers](/research-safety/chemical-safety/laboratory-safety-manual/chapter-5-emergency-preparation/55-2 ""5.5.3 New Installations and Modifications"") * [5.5.4 Using Emergency Eyewash and Showers](/research-safety/chemical-safety/laboratory-safety-manual/chapter-5-emergency-preparation/55-3 ""5.5.4 Using Emergency Eyewash and Showers "") * [5.6 Injury/Illness Reporting](/research-safety/chemical-safety/laboratory-safety-manual/chapter-5-emergency-preparation/56 ""5.6 Injury/Illness/Exposure Reporting "") * [5.7 Medical Consultations](/research-safety/chemical-safety/laboratory-safety-manual/chapter-5-emergency-preparation/57 ""5.7 Medical Consultations"") * [5.7.1 Information Provided to the Physician](/research-safety/chemical-safety/laboratory-safety-manual/chapter-5-emergency-preparation/57-0 ""5.7.1 Information Provided to the Physician"") * [5.7.2 The Physician’s Written Opinion](/research-safety/chemical-safety/laboratory-safety-manual/chapter-5-emergency-preparation/57-1 ""5.7.2 The Physician’s Written Opinion "") ## [Chapter 6.0 - Information and Training](/research-safety/chemical-safety/laboratory-safety-manual/chapter-6-info-and-training ""Chapter 6 - Info and Training "") * [6.1 Training Options](/research-safety/chemical-safety/laboratory-safety-manual/chapter-6-info-and-training/61-training ""6.1 Training Options"") * [6.2 Cornell Learning Management System](/research-safety/chemical-safety/laboratory-safety-manual/chapter-6-info-and-training/62-cornell-learning-management-system ""6.2 Cornell Learning Management System"") * [6.3 Laboratory Safety Certificate Program](/research-safety/chemical-safety/laboratory-safety-manual/chapter-6-info-and-training/63 ""6.3 Laboratory Safety Certificate Program"") * [6.4 Research Administration Certification Program](/research-safety/chemical-safety/laboratory-safety-manual/chapter-6-info-and-training/64-research ""6.4 Research Administration Certification Program"") ## [Chapter 7.0 - Safe Chemical Use](/research-safety/chemical-safety/laboratory-safety-manual/chapter-7-safe-chemical-use ""Chapter 7 - Safe Chemical Use"") * [7.1 Minimize Exposure to Chemicals](/research-safety/chemical-safety/laboratory-safety-manual/chapter-7-safe-chemical-use/71-minimize ""7.1 Minimize Exposure to Chemicals"") * [7.2 Understanding Chemical Hazards](/research-safety/chemical-safety/laboratory-safety-manual/chapter-7-safe-chemical-use/72 ""7.2 Understanding Chemical Hazards"") * [7.2.1 Chemical Hazard Information](/research-safety/chemical-safety/laboratory-safety-manual/chapter-7-safe-chemical-use/72-0 ""7.2.1 Chemical Hazard Information"") * [7.3 Safety Data Sheets](/research-safety/chemical-safety/laboratory-safety-manual/chapter-7-safe-chemical-use/73-safety ""7.3 Safety Data Sheets"") * [7.3.1 SDSs and Newly Synthesized Chemicals](/research-safety/chemical-safety/laboratory-safety-manual/chapter-7-safe-chemical-use/73-safety-0 ""7.3.1 SDSs and Newly Synthesized Chemicals"") * [7.4 Routes of Chemical Entry](/research-safety/chemical-safety/laboratory-safety-manual/chapter-7-safe-chemical-use/74-routes ""7.4 Routes of Chemical Entry"") * [7.4.1 Inhalation](/research-safety/chemical-safety/laboratory-safety-manual/chapter-7-safe-chemical-use/74-routes-0 ""7.4.1 Inhalation"") * [7.4.2 Ingestion](/research-safety/chemical-safety/laboratory-safety-manual/chapter-7-safe-chemical-use/74-routes-1 ""7.4.2 Ingestion"") * [7.4.3 Injection](/research-safety/chemical-safety/laboratory-safety-manual/chapter-7-safe-chemical-use/74-routes-2 ""7.4.3 Injection"") * [7.4.4 Eye and Skin Absorption](/research-safety/chemical-safety/laboratory-safety-manual/chapter-7-safe-chemical-use/74-routes-3 ""7.4.4 Eye and Skin Absorption"") * [7.5 Chemical Exposure Limits](/research-safety/chemical-safety/laboratory-safety-manual/chapter-7-safe-chemical-use/75-chemical ""7.5 Chemical Exposure Limits"") * [7.6 Chemical Exposure Monitoring](/research-safety/chemical-safety/laboratory-safety-manual/chapter-7-safe-chemical-use/76-chemical ""7.6 Chemical Exposure Monitoring"") * [7.7 Toxicity](/research-safety/chemical-safety/laboratory-safety-manual/chapter-7-safe-chemical-use/77-toxicity ""7.7 Toxicity"") * [7.7.1 Toxic Effects](/research-safety/chemical-safety/laboratory-safety-manual/chapter-7-safe-chemical-use/77-0 ""7.7.1 Toxic Effects"") * [7.7.2 Evaluating Toxicity Data](/research-safety/chemical-safety/laboratory-safety-manual/chapter-7-safe-chemical-use/77-1 ""7.7.2 Evaluating Toxicity Data"") * [7.8 Chemical Labeling](/research-safety/chemical-safety/laboratory-safety-manual/chapter-7-safe-chemical-use/78-chemical ""7.8 Chemical Labeling"") * [7.8.1 Non-Original Containers](/research-safety/chemical-safety/laboratory-safety-manual/chapter-7-safe-chemical-use/78-0 ""7.8.1 Non-Original Containers"") * [7.8.2 Labeling Requirements](/research-safety/chemical-safety/laboratory-safety-manual/chapter-7-safe-chemical-use/78-1 ""7.8.2 Labeling Requirements"") * [7.9 Chemical Storage](/research-safety/chemical-safety/laboratory-safety-manual/chapter-7-safe-chemical-use/79-chemical ""7.9 Chemical Storage"") * [7.9.1 General Storage Guidelines](/research-safety/chemical-safety/laboratory-safety-manual/chapter-7-safe-chemical-use/79-0 ""7.9.1 General Storage Guidelines"") * [7.10 Transporting Chemicals](/research-safety/chemical-safety/laboratory-safety-manual/chapter-7-safe-chemical-use/710 ""7.10 Transporting Chemicals"") * [7.11 Chemical Segregation](/research-safety/chemical-safety/laboratory-safety-manual/chapter-7-safe-chemical-use/711-chemical ""7.11 Chemical Segregation"") * [7.11.1 EHS Modified DOT Hazard Class System](/research-safety/chemical-safety/laboratory-safety-manual/chapter-7-safe-chemical-use/711-0 ""7.11.1 EHS Modified DOT Hazard Class System"") ## [Chapter 8.0 - Chemical Hazards](/research-safety/chemical-safety/laboratory-safety-manual/chapter-8-chemical-hazards ""Chapter 8 - Chemical Hazards"") * [8.1 Explosives](/research-safety/chemical-safety/laboratory-safety-manual/chapter-8-chemical-hazards/81-explosives ""8.1 Explosives"") * [8.2 Flammable and Combustible Liquids](/research-safety/chemical-safety/laboratory-safety-manual/chapter-8-chemical-hazards/82-flammable ""8.2 Flammable and Combustible Liquids"") * [8.2.1 Flammable Storage in Refrigerators/Freezers](/research-safety/chemical-safety/laboratory-safety-manual/chapter-8-chemical-hazards/82-0 ""8.2.1 Flammable Storage in Refrigerators/Freezers"") * [8.2.2 Flammable Storage Cabinets](/research-safety/chemical-safety/laboratory-safety-manual/chapter-8-chemical-hazards/82-1 ""8.2.2 Flammable Storage Cabinets"") * [8.3 Flammable Solids](/research-safety/chemical-safety/laboratory-safety-manual/chapter-8-chemical-hazards/83-flammable ""8.3 Flammable Solids"") * [8.4 Spontaneously Combustible](/research-safety/chemical-safety/laboratory-safety-manual/chapter-8-chemical-hazards/84 ""8.4 Spontaneously Combustible"") * [8.5 Dangerous When Wet](/research-safety/chemical-safety/laboratory-safety-manual/chapter-8-chemical-hazards/85-dangerous ""8.5 Dangerous When Wet"") * [8.6 Oxidizers and Organic Peroxides](/research-safety/chemical-safety/laboratory-safety-manual/chapter-8-chemical-hazards/86-oxidizers ""8.6 Oxidizers and Organic Peroxides"") * [8.7 Peroxide Forming Compounds](/research-safety/chemical-safety/laboratory-safety-manual/chapter-8-chemical-hazards/87-peroxide ""8.7 Peroxide Forming Compounds"") * [8.8 Poisons](/research-safety/chemical-safety/laboratory-safety-manual/chapter-8-chemical-hazards/88-poisons ""8.8 Poisons"") * [8.9 Corrosives](/research-safety/chemical-safety/laboratory-safety-manual/chapter-8-chemical-hazards/89-corrosives ""8.9 Corrosives"") * [8.9.1 Hydrofluoric Acid](/research-safety/chemical-safety/laboratory-safety-manual/chapter-8-chemical-hazards/89-0 ""8.9.1 Hydrofluoric Acid"") * [8.9.2 Perchloric Acid](/research-safety/chemical-safety/laboratory-safety-manual/chapter-8-chemical-hazards/89-1 ""8.9.2 Perchloric Acid"") ## [Chapter 9.0 - Particularly Hazardous Substances](/research-safety/chemical-safety/laboratory-safety-manual/chapter-9-particularly-hazardous ""Chapter 9 - Particularly Hazardous Substances"") * [9.1 Establishment of a Designated Area](/research-safety/chemical-safety/laboratory-safety-manual/chapter-9-particularly-hazardous-0 ""9.1 Establishment of a Designated Area"") * [9.2 Safe Removal of Contaminated Materials and Waste](/research-safety/chemical-safety/laboratory-safety-manual/chapter-9-particularly-hazardous-1 ""9.2 Safe Removal of Contaminated Materials and Waste"") * [9.3 Decontamination Procedures](/research-safety/chemical-safety/laboratory-safety-manual/chapter-9-particularly-hazardous-2 ""9.3 Decontamination Procedures"") * [9.4 Guidelines for Working with Particularly Hazardous Substances](/research-safety/chemical-safety/laboratory-safety-manual/chapter-9-particularly-hazardous-3 ""9.4 Guidelines for Working with Particularly Hazardous Substances "") * [9.5 Prior Approval](/research-safety/chemical-safety/laboratory-safety-manual/chapter-9-particularly-hazardous-4 ""9.5 Prior Approval"") * [9.6 Campus Prior Approval](/research-safety/chemical-safety/laboratory-safety-manual/chapter-9-particularly-hazardous-4 ""9.5 Prior Approval"") * [9.7 Select Carcinogens](/research-safety/chemical-safety/laboratory-safety-manual/chapter-9-particularly-hazardous-6 ""9.7 Select Carcinogens"") * [9.8 Reproductive Toxins](/research-safety/chemical-safety/laboratory-safety-manual/chapter-9-particularly-hazardous-7 ""9.8 Reproductive Toxins"") * [9.9 Acute Toxins](/research-safety/chemical-safety/laboratory-safety-manual/chapter-9-particularly-hazardous-8 ""9.9 Acute Toxins"") ## [Chapter 10.0 - Hazardous Chemical Waste Disposal](/research-safety/chemical-safety/laboratory-safety-manual/chapter-10-hazardous-chemical-waste ""Chapter 10 - Hazardous Chemical Waste Disposal"") * [10.1 Hazardous Chemical Waste Container Requirements](/node/1424) * [10.2 Hazardous Waste Pickup Procedures](/node/1425) ## [Chapter 11.0 - Hazardous Material Shipping](/research-safety/chemical-safety/laboratory-safety-manual/chapter-11-hazardous-material-shipping ""Chapter 11 - Hazardous Material Shipping"") * [11.1 Regulated Hazardous Materials](/research-safety/chemical-safety/laboratory-safety-manual/chapter-11-hazardous-material-shipping-0 ""11.1 Regulated Hazardous Materials"") * [11.2 Hazardous Materials Transportation Requirements](/research-safety/chemical-safety/laboratory-safety-manual/chapter-11-hazardous-material-shipping-1 ""11.2 Hazardous Materials Transportation Requirements"") ## [Chapter 12.0 - Pesticides](/research-safety/chemical-safety/laboratory-safety-manual/chapter-12-pesticides ""Chapter 12 - Pesticides"") * [12.1 Pesticide Certification](/research-safety/chemical-safety/laboratory-safety-manual/chapter-12-pesticides/121-pesticide ""12.1 Pesticide Certification"") * [12.1.1 Exemptions from Pesticide Certification](/research-safety/chemical-safety/laboratory-safety-manual/chapter-12-pesticides/121-pesticide-0 ""12.1.1 Exemptions from Pesticide Certification"") * [12.1.1 Exemptions from Pesticide Certification](/research-safety/chemical-safety/laboratory-safety-manual/chapter-12-pesticides/121-pesticide-0 ""12.1.1 Exemptions from Pesticide Certification"") ## [Chapter 13.0 - Biohazards](/research-safety/chemical-safety/laboratory-safety-manual/chapter-13-biohazards ""Chapter 13 - Biohazards"") ## [Chapter 14.0 - Radiation Hazards](/research-safety/chemical-safety/laboratory-safety-manual/chapter-14-radiation-hazards ""Chapter 14 - Radiation Hazards"") * [14.1 Where Ionizing Radiation is Used](/research-safety/chemical-safety/laboratory-safety-manual/chapter-14-radiation-hazards/141-where ""14.1 Where Ionizing Radiation is Used"") * [14.2 Potential Hazards](/research-safety/chemical-safety/laboratory-safety-manual/chapter-14-radiation-hazards/142 ""14.2 Potential Hazards"") * [14.2.1 How to Protect Yourself](/research-safety/chemical-safety/laboratory-safety-manual/chapter-14-radiation-hazards/142-0 ""14.2.1 How to Protect Yourself"") * [14.3 Control of Ionizing Radiation](/research-safety/chemical-safety/laboratory-safety-manual/chapter-14-radiation-hazards/143-control ""14.3 Control of Ionizing Radiation"") * [14.4 Radioactive Waste Disposal](/research-safety/chemical-safety/laboratory-safety-manual/chapter-14-radiation-hazards/144 ""14.4 Radioactive Waste Disposal"") ## [Chapter 15.0 - Laser Hazards](/research-safety/chemical-safety/laboratory-safety-manual/chapter-15-laser-hazards ""Chapter 15 - Laser Hazards"") [Chapter 16.0 - Physical Hazards](/research-safety/chemical-safety/laboratory-safety-manual/chapter-16-physical-hazards ""Chapter 16 - Physical Hazards"") * [16.1 Electrical Safety](/research-safety/chemical-safety/laboratory-safety-manual/chapter-16-physical-hazards/161 ""16.1 Electrical Safety"") * [16.1.1 Common Electrical Hazards and Preventative Steps](/research-safety/chemical-safety/laboratory-safety-manual/chapter-16-physical-hazards/161-0 ""16.1.1 Common Electrical Hazards and Preventative Steps"") * [16.1.2 Safe Use of Electrophoresis Equipment](/research-safety/chemical-safety/laboratory-safety-manual/chapter-16-physical-hazards/161-1 ""16.1.2 Safe Use of Electrophoresis Equipment"") * [16.2 Machine Guarding](/research-safety/chemical-safety/laboratory-safety-manual/chapter-16-physical-hazards/162-machine ""16.2 Machine Guarding"") * [16.3 Lighting](/research-safety/chemical-safety/laboratory-safety-manual/chapter-16-physical-hazards/163-lighting ""16.3 Lighting"") * [16.4 Compressed Gases](/research-safety/chemical-safety/laboratory-safety-manual/chapter-16-physical-hazards/164 ""16.4 Compressed Gases "") * [16.4.1 Handling Compressed Gas Cylinders](/research-safety/chemical-safety/laboratory-safety-manual/chapter-16-physical-hazards/164-0 ""16.4.1 Safe Storage and Handling of Compressed Gas Cylinders"") * [16.4.2 Safe Storage of Compressed Gas Cylinders](/research-safety/chemical-safety/laboratory-safety-manual/chapter-16-physical-hazards/164-1 ""16.4.2 Fume Hood Applications"") * [16.4.3 Operation of Compressed Gas Cylinders](/research-safety/chemical-safety/laboratory-safety-manual/chapter-16-physical-hazards/164-2 ""16.4.3 Operation of Compressed Gas Cylinders"") * [16.4.4 Return of Cylinders](/research-safety/chemical-safety/laboratory-safety-manual/chapter-16-physical-hazards/164-3 ""16.4.4 Return of Cylinders"") * [16.4.5 Hazards of Specific Gases](/research-safety/chemical-safety/laboratory-safety-manual/chapter-16-physical-hazards/164-4 ""16.4.5 Hazards of Specific Gases"") * [16.5 Battery Charging](/research-safety/chemical-safety/laboratory-safety-manual/chapter-16-physical-hazards/165-battery ""16.5 Battery Charging"") * [16.6 Heat and Heating Devices](/research-safety/chemical-safety/laboratory-safety-manual/chapter-16-physical-hazards/166-heat-and ""16.6 Heat and Heating Devices"") * [16.6.1 Heat Stress](/research-safety/chemical-safety/laboratory-safety-manual/chapter-16-physical-hazards/166-heat-and ""16.6 Heat and Heating Devices"") * [16.7 Cold Traps](/research-safety/chemical-safety/laboratory-safety-manual/chapter-16-physical-hazards/167-cold ""16.7 Cold Traps"") * [16.8 Autoclaves](/research-safety/chemical-safety/laboratory-safety-manual/chapter-16-physical-hazards/168 ""16.8 Autoclaves"") * [16.9 Centrifuges](/research-safety/chemical-safety/laboratory-safety-manual/chapter-16-physical-hazards/169 ""16.9 Centrifuges"") * [16.9.1 Centrifuge Rotor Care](/research-safety/chemical-safety/laboratory-safety-manual/chapter-16-physical-hazards/169-0 ""16.9.1 Centrifuge Rotor Care"") * [16.10 Cryogenic Safety](/research-safety/chemical-safety/laboratory-safety-manual/chapter-16-physical-hazards/1610 ""16.10 Cryogenic Material Safety"") * [16.10.1 Cryogenic Safety Guidelines](/research-safety/chemical-safety/laboratory-safety-manual/chapter-16-physical-hazards/1610-0 ""16.10.1 Cryogenic Safety Guidelines"") * [16.10.2 Cryogenic Chemical Specific Information](/research-safety/chemical-safety/laboratory-safety-manual/chapter-16-physical-hazards/1610-1 ""16.10.2 Cryogenic Chemical Specific Information "") * [16.11 Extractions and Distillations](/research-safety/chemical-safety/laboratory-safety-manual/chapter-16-physical-hazards/1611 ""16.11 Extractions and Distillations"") * [16.12 Glass Under Vacuum](/research-safety/chemical-safety/laboratory-safety-manual/chapter-16-physical-hazards/1612-glass ""16.12 Glass Under Vacuum"") * [16.13 Glassware Washing](/research-safety/chemical-safety/laboratory-safety-manual/chapter-16-physical-hazards/1613 ""16.13 Glassware Washing"") * [16.14 General Equipment Set Up](/research-safety/chemical-safety/laboratory-safety-manual/chapter-16-physical-hazards/1614-general ""16.14 General Equipment Set Up"") * [16.14.1 Glassware and Plasticware](/research-safety/chemical-safety/laboratory-safety-manual/chapter-16-physical-hazards/1614-0 ""16.14.1 Glassware and Plasticware"") * [16.14.2 Preparation of Glass Tubing and Stoppers](/research-safety/chemical-safety/laboratory-safety-manual/chapter-16-physical-hazards/1614-1 ""16.14.2 Preparation of Glass Tubing and Stoppers"") * [16.14.3 Insertion of Glass Tubes or Rods into Stoppers](/research-safety/chemical-safety/laboratory-safety-manual/chapter-16-physical-hazards/1614-2 ""16.14.3 Insertion of Glass Tubes or Rods into Stoppers"") * [16.14.4 Assembling Apparatus](/research-safety/chemical-safety/laboratory-safety-manual/chapter-16-physical-hazards/1614-3 ""16.14.4 Assembling Apparatus"") * [16.14.5 Mercury Containing Equipment](/research-safety/chemical-safety/laboratory-safety-manual/chapter-16-physical-hazards/1614-4 ""16.14.5 Mercury Containing Equipment"") * [16.15 Ergonomics](/research-safety/chemical-safety/laboratory-safety-manual/chapter-16-physical-hazards/1615 ""16.15 Ergonomics"") [Appendix A: Chemical Hygiene Plan](/node/1472) [Appendix B: Contact List](/research-safety/chemical-safety/laboratory-safety-manual/appendix-b-contact-list ""Appendix B - Contact List"") [Appendix C: Responsibilities](/research-safety/chemical-safety/laboratory-safety-manual/appendix-c-compiled-lab-safety ""Appendix C - Compiled Lab Safety Responsibilities"") [Appendix D: Standard Operating Procedure Examples](/research-safety/chemical-safety/laboratory-safety-manual/appendix-d-standard-operating-procedure ""Appendix D - Standard Operating Procedure Examples"") [Appendix E: Lab Move Guide](/research-safety/chemical-safety/laboratory-safety-manual/appendix-e-Lab-Decommissioning-Process ""Appendix E - Lab Decommissioning Process"") [Appendix F: Glove Selection](/research-safety/chemical-safety/laboratory-safety-manual/appendix-f-glove-selection-guidance ""Appendix F - Glove Selection Guidance"") [Appendix G: EHS Video Library](/research-safety/chemical-safety/laboratory-safety-manual/appendix-g-ehs-video-library ""Appendix G - EHS Video Library"") [Appendix H: How To Understand SDSs](/research-safety/chemical-safety/laboratory-safety-manual/appendix-h-how-understand-sdss ""Appendix H - How To Understand SDSs"") [Appendix I: Hazards Of Functional Groups](/research-safety/chemical-safety/laboratory-safety-manual/appendix-i-hazards-functional-groups ""Appendix I - Hazards Of Functional Groups"") [Appendix J: Peroxide Forming Chemicals](/research-safety/chemical-safety/laboratory-safety-manual/appendix-j-peroxide-forming-chemicals ""Appendix J - Peroxide Forming Chemicals"") [Appendix K: Incompatible Chemicals](/research-safety/chemical-safety/laboratory-safety-manual/appendix-k-incompatible-chemicals ""Appendix K - Incompatible Chemicals"") [Appendix L: EHS Segregation Scheme](/research-safety/chemical-safety/laboratory-safety-manual/appendix-l-ehs-segregation-scheme ""Appendix L - EHS Segregation Scheme"") [Appendix M: Sample Prior Approval Form](/research-safety/chemical-safety/laboratory-safety-manual/appendix-m-sample-prior-approval-form ""Appendix M - Sample Prior Approval Form"") [Appendix N: Laser Registration Form](/research-safety/chemical-safety/laboratory-safety-manual/appendix-n-sample-prior-approval-form ""Appendix N - Sample Prior Approval Form"") [Appendix O: EHS Reference Library ](/research-safety/chemical-safety/laboratory-safety-manual/appendix-o-ehs-reference-library ""Appendix O - EHS Reference Library"") [Appendix P: Phenol First Aid Guide](/research-safety/chemical-safety/laboratory-safety-manual/appendix-p-phenol-first-aid-guide-and-ppe ""Appendix P - Phenol First Aid Guide and PPE"") # Chapter 1 - Introduction Chapter 1 - Introduction ## Regulatory Framework and Chemical Hygiene Cornell University Policy 8.6 – Environment, Health and Safety establishes institutional responsibilities for maintaining a safe and healthful working environment and ensuring compliance with applicable environmental health and safety laws, regulations, policies, and guidelines. This Laboratory Safety Manual supports that policy by providing practical guidance for laboratory operations and by supplementing the University’s Chemical Hygiene Plan. Laboratories that use hazardous chemicals are regulated under the Occupational Safety and Health Administration (OSHA) Laboratory Standard, [29 CFR 1910.1450 – Occupational Exposure to Hazardous Chemicals in Laboratories](https://www.osha.gov/laws-regs/regulations/standardnumber/1910/1910.1450). This standard requires employers to establish health and safety practices designed to protect laboratory workers from chemical hazards. Under the OSHA Laboratory Standard, a **laboratory** is a workplace where relatively small quantities of hazardous chemicals are used on a non-production basis, and where work is conducted on a **laboratory scale** , meaning that containers and processes can be safely manipulated by one person. The standard applies to laboratories engaged in research, teaching, and diagnostic activities, but not to facilities producing commercial quantities of chemicals. A **hazardous chemical** is any chemical for which there is statistically significant evidence that acute or chronic health effects may occur in exposed employees. Hazardous chemicals include, but are not limited to, carcinogens, toxic or highly toxic agents, reproductive toxins, corrosives, sensitizers, and chemicals that affect target organs. Additional guidance on hazard classification is provided in the Hazard Communication Standard, [29 CFR 1910.1200](https://www.osha.gov/laws-regs/regulations/standardnumber/1910/1910.1200), including Appendices A and B. The OSHA Laboratory Standard requires employers to develop and maintain a **Chemical Hygiene Plan (CHP)** , designate a Chemical Hygiene Officer, and ensure laboratory personnel receive appropriate information and training. The CHP describes how chemical hazards are identified, evaluated, and controlled, with emphasis on engineering controls, work practices, and personal protective equipment to keep exposures below applicable occupational exposure limits. At Cornell, Environmental Health and Safety (EHS) maintains the University’s institutional [Chemical Hygiene Plan](/node/1472), which applies to all laboratories covered by the OSHA Laboratory Standard. The University CHP establishes the baseline requirements and expectations for chemical hygiene across campus. Colleges, centers, departments, and laboratories implement the University CHP through laboratory-specific procedures, Standard Operating Procedures (SOPs), and additional controls as appropriate for their activities. Local procedures and supplemental documents support the University CHP but do not replace it. Most Cornell laboratories that use hazardous chemicals fall under the OSHA Laboratory Standard. In addition to personnel who work primarily in laboratories, other employees who spend a significant portion of their duties in laboratory environments—such as maintenance, custodial, or support staff—may also be covered. Graduate students who are paid to work in laboratories are considered employees for the purposes of this standard. In areas that use hazardous chemicals but do not meet the OSHA definition of a laboratory, the Hazard Communication Standard, [29 CFR 1910.1200](https://www.osha.gov/laws-regs/regulations/standardnumber/1910/1910.1200), applies. ### Additional references * [OSHA Laboratory Standard](https://www.osha.gov/laws-regs/regulations/standardnumber/1910/1910.1450) * [OSHA Hazard Communication Standard](https://www.osha.gov/laws-regs/regulations/standardnumber/1910/1910.1200) * [NIOSH](https://www.cdc.gov/niosh/data/) * [ACGIH](https://www.acgih.org/home) * [Cornell Policy 8.6 – Environment, Health and Safety](https://policy.cornell.edu/policy-library/environment-health-and-safety) * [Department Safety Representative (DSR) Program](/research-safety/general-laboratory-safety/department-safety-representatives ""Department Safety Representatives"") # 1.1 Chemical Hygiene Plan Accessibility 1.1 Chemical Hygiene Plan Accessibility The OSHA Laboratory Standard requires the [Chemical Hygiene Plan ](/node/198)(CHP) to be readily available to employees, employee representatives, and, upon request, to the Assistant Secretary of Labor for Occupational Safety and Health, U.S. Department of Labor, or designee. Laboratory personnel working with hazardous chemicals must know how to access the CHP, be familiar with its contents, and be able to produce it for state or federal regulatory inspectors upon request. While a hard copy may be maintained in the laboratory, electronic access is acceptable and encouraged. Principal Investigators and laboratory supervisors are responsible for ensuring that personnel working in laboratories under their supervision are informed of the location and contents of the University Chemical Hygiene Plan and understand how it is implemented through laboratory-specific procedures, Standard Operating Procedures (SOPs), and any applicable department- or college-level laboratory safety manuals, policies, or procedures. # 1.2 Laboratory Safety Responsibilities 1.2 Laboratory Safety Responsibilities Maintaining a safe and healthy laboratory environment is a shared responsibility. All individuals working in laboratories are expected to follow established safety procedures, complete required training, and perform their work in a manner that protects themselves and others. Principal Investigators, faculty, and laboratory supervisors are responsible for establishing and maintaining the conditions that support safe laboratory operations. This includes ensuring that employees and other laboratory personnel (such as visiting scientists, fellows, volunteers, temporary employees, and student employees) receive appropriate training, have access to required safety information, and are provided with the resources and oversight necessary to work safely in laboratories under their supervision. Environment, Health and Safety (EHS) supports laboratory operations by providing technical expertise, guidance, training, and program oversight. A listing of EHS staff, responsibilities, and services available to campus personnel can be found on the [EHS Subject Matter Experts](/about-us/subject-matter-experts ""Subject Matter Experts"") page. Principal Investigators and laboratory supervisors are responsible for implementing and ensuring compliance with the University Chemical Hygiene Plan, Cornell Policy 8.6 – Environment, Health and Safety, and applicable department- or University-level laboratory safety policies within laboratories under their supervision. # 1.2.1 Environment, Health and Safety 1.2.1 Environment, Health and Safety Environment, Health and Safety (EHS) provides institutional oversight, technical authority, and programmatic assurance for environmental health and safety requirements at Cornell University. EHS establishes and maintains University-level policies, guidance, and standards (including this Laboratory Safety Manual), develops training programs that meet regulatory and institutional requirements, and provides technical consultation to laboratories to support safe and effective research operations. EHS maintains the University [Chemical Hygiene Plan](/node/1472) and fulfills the institutional Chemical Hygiene Officer responsibilities. EHS also carries out institutionally designated safety officer functions, including the Biological Safety Officer (BSO) and Radiation Safety Officer (RSO) roles, as required by applicable federal, state, and funding-agency regulations. EHS administers the University Radiation Safety Committ ...",,,,,,,基于公开网页资料自动抽取，导入知识库前请人工复核。提取通道=direct；quality_score=0.9599。,Laboratory Safety Manual | https://ehs.cornell.edu/book/export/html/237,网页,Laboratory Safety Manual,Cornell University EHS,,,https://ehs.cornell.edu/book/export/html/237,2026-04-27,,draft,laboratory safety manual;engineering controls;PPE;SOP;equipment safety,en
WEBX-019-001,Biosafety in Microbiological and Biomedical Laboratories (BMBL) 6th Edition,生物,安全管理,生物,5,生物;综合安全;生物危废,How should BMBL guidance be used for protocol-driven biosafety risk assessment,How should BMBL guidance be used for protocol-driven biosafety risk assessment有哪些要点？,"# Biosafety in Microbiological and Biomedical Laboratories (BMBL) 6th Edition Mar. 18, 2026 ## At a glance _Biosafety in Microbiological and Biomedical Laboratories (BMBL)_ has served as the cornerstone of biosafety practice in the United States since its initial release in 1984. ## BMBL Foreword We wish to emphasize that the sixth edition of BMBL remains an advisory document recommending best practices for the safe conduct of work in biomedical and clinical laboratories from a biosafety perspective. The BMBL is not intended to be a regulatory document, although we recognize that some may use it in that way. The core principle of this document is protocol-driven risk assessment; it is not possible for a single document to identify all of the possible combinations of risks and mitigations feasible in biomedical and clinical laboratories. The BMBL should be used as a tool in the assessment and proposed mitigation steps in biomedical and clinical laboratories. This edition of BMBL includes revised sections, agent summary statements, and appendices. We harmonized the recommendations included in this edition with guidance issued and regulations promulgated by other organizations and federal agencies. Wherever possible, we clarified both the language and intent of the information provided. In order to serve the needs of our community better, this edition includes new appendices on the following topics: inactivation and verification; laboratory sustainability; large-scale biosafety; and clinical laboratory biosafety. Over 200 of our scientific and professional colleagues contributed to the preparation of the sixth edition through participation in technical working groups and serving as reviewers, guest editors, and subject matter experts. We wish to thank them all for their dedication and hard work. Without them, the sixth edition of BMBL would not be possible. We also recognize the hard work and contributions made by all who participated in preparation of the previous editions of BMBL; we have built on their solid work and commitment. It would have been impossible to publish this revision without recognizing the visionary leadership of the previous BMBL editors—Drs. John Richardson, W. Emmett Barkley, Jonathan Richmond, Robert W. McKinney, Casey Chosewood, and Deborah Wilson—without whom the BMBL would not be the respected resource it is today. The Steering Committee members, Drs. Christy Myrick, Richard G. Baumann, Margy Lambert, Patricia Delarosa, and Theresa Lawrence, were instrumental in identifying authors, selecting additions to this edition, and reviewing submissions. Their significant contribution to this edition is sincerely appreciated. Dr. Robbin Weyant contributed significantly to the final editing and production efforts. We are truly grateful to Ms. Shaina Mangino and Dr. Mallory Pomales of Eagle Medical Services, LLC for their expertise and patience in assisting us with this undertaking. Their superb organizational and editing skills were critical in the creation of this document. We hope you find the sixth edition of _Biosafety in Microbiological and Biomedical Laboratories_ complete, timely, and most of all, easy to use. Thank you for your patience and understanding during the long and comprehensive revision process. **Brandon Hatcher, PhD, RBP, CBSP (ABSA)** Director, Office of Laboratory Safety Centers for Disease Control and Prevention Atlanta, GA bhatcher@cdc.gov **Jessica McCormick-Ell, Ph.D., SM(NRCM), CBSP, RBP** Director, Division of Occupational Health and Safety Director, National Biosafety and Biocontainment Training Program National Institutes of Health Bethesda, MD jessica.mccormick-ell@nih.gov **Paul J. Meechan, PhD, MPH, RBP, CBSP (ABSA)** Retired ## CDC-NIH Partnership to Publish the BMBL CDC partners with the U.S. [National Institutes of Health](https://www.nih.gov/) to publish biosafety guidelines for protecting workers and preventing exposures in biological laboratories. In addition to the partnership with NIH and world-renowned organizations, CDC produces [online training](/lab-training/php/courses/) and offers other [downloadable resources](/safe-labs/php/resources-tools/) that may be useful to laboratorians nationally, or around the world. Print the [Full Version of Biosafety in Microbiological and Biomedical Laboratories (BMBL) 6th Edition](/labs/media/pdfs/2025/08/SF__19a_308133-A_BMBL6_00-BOOK-WEB-final-3.pdf). **Letter of Clarification to the BMBL** CDC and NIH have issued the following letter of clarification to the BMBL which further explains the guidance (or best practices) for specific laboratory procedures: [Clarification on Service Animals in Laboratories: Compliance with Federal Laws and BMBL Guidance](/labs/pdf/Clarification-on-Service-Animals-Laboratories-Compliance-with-Federal-Laws-and-BMBL-Guidance.pdf) Mar. 18, 2026 Sources Print Share [ Facebook ](https://www.facebook.com/ ""Share to Facebook"") [ LinkedIn ](https://www.linkedin.com/ ""Share to LinkedIn"") [ Twitter ](https://twitter.com/ ""Share to Twitter"") [ Syndicate ](https://tools.cdc.gov/medialibrary/index.aspx#/sharecontent ""Embed this Page"") Content Source: [Office of Laboratory Science and Safety](/labs/index.html)",,,,,,,基于公开网页资料自动抽取，导入知识库前请人工复核。提取通道=direct；quality_score=0.6612。,Biosafety in Microbiological and Biomedical Laboratories (BMBL) 6th Edition | https://www.cdc.gov/labs/bmbl/index.html,网页,Biosafety in Microbiological and Biomedical Laboratories (BMBL) 6th Edition,CDC/NIH,,,https://www.cdc.gov/labs/bmbl/index.html,2026-04-27,,draft,BMBL;biosafety;risk assessment;containment;CDC;NIH,en
WEBX-020-001,Laboratory biosafety manual 4th edition: Risk Assessment,生物,安全管理,生物,5,生物;综合安全;生物危废,How should laboratories conduct biosafety risk assessment using WHO LBM4 guidance,How should laboratories conduct biosafety risk assessment using WHO LBM4 guidance有哪些要点？,"[Download (2.8 MB)](https://iris.who.int/server/api/core/bitstreams/59039e42-9801-4068-86f6-1ac3f7e47aab/content) ### Overview The WHO Laboratory Biosafety Manual (LBM) has been in broad use at all levels of clinical and public health laboratories, and other biomedical sectors globally, serving as a _de facto_ global standard that presents best practices and sets trends in biosafety. The LBM4 suite consists of one core document and 7 subject-specific monographs which were developed in order to accommodate diverse interests and requests for learning more specific details, supplementing the core document. Readers are encouraged to start with the core document and learn the subject explained in each monograph accordingly. ### Composition of the manual: how to use LBM4 * [LBM4 core document](/publications/i/item/9789240011311?sequence=1&isAllowed=y) * Subject-specific monographs * Risk assessment * [Laboratory design and maintenance](/publications/i/item/9789240011397?sequence=1&isAllowed=y) * [Biological safety cabinets and other primary containment devices](/publications/i/item/9789240011335?sequence=1&isAllowed=y) * [Personal protective equipment](/publications/i/item/9789240011410?sequence=1&isAllowed=y) * [Decontamination and waste management](/publications/i/item/9789240011359?sequence=1&isAllowed=y) * [Biosafety programme management](/publications/i/item/9789240011434?sequence=1&isAllowed=y) * [Outbreak preparedness and resilience](/publications/i/item/9789240011373?sequence=1&isAllowed=y) The document is also available in Ukrainian and Vietnamese, please click the links below to download: [Ukrainian](https://iris.who.int/bitstream/handle/10665/337966/9789240011458-ukr.pdf) [Vietnamese](https://iris.who.int/handle/10665/352640) WHO Team Biosecurity & Health Security Protection (BSP), Viet Nam Editors World Health Organization Number of pages 114 Reference numbers **ISBN:** 978-92-4-001131-1 Copyright [ ](https://creativecommons.org/licenses/by-nc-sa/3.0/igo/deed.en ""Click here to see the details of CC BY-NC-SA 3.0 IGO"")",,,,,,,基于公开网页资料自动抽取，导入知识库前请人工复核。提取通道=direct；quality_score=0.4975。,Laboratory biosafety manual 4th edition: Risk Assessment | https://www.who.int/publications/i/item/9789240011458,网页,Laboratory biosafety manual 4th edition: Risk Assessment,World Health Organization,,,https://www.who.int/publications/i/item/9789240011458,2026-04-27,,draft,WHO;LBM4;risk assessment;biosafety;PDCA,en
WEBX-022-001,Biosafety Manual,生物,设备安全,生物,5,生物;生物危废;机械,How should BSCs and sealed centrifuge systems be used for primary containment,How should BSCs and sealed centrifuge systems be used for primary containment有哪些要点？,"%PDF-1.6 %���� 9325 0 obj <> endobj 9343 0 obj <>/Filter/FlateDecode/ID[<89DBFB3A60490D40B5032397A62530D8><26792A305DEA2746ADD9AE6F25E8B739>]/Index[9325 33]/Info 9324 0 R/Length 100/Prev 8487606/Root 9326 0 R/Size 9358/Type/XRef/W[1 3 1]>>stream h�bbd```b`��""ցH�PɲD2j�H�b0�D�)�E&�H�� r�J ��zĞ VyDꦂM[ &]��� L� *��@�g�7� @� �AH endstream endobj startxref 0 %%EOF 9357 0 obj <>stream h���WS������{�  $!X��B�� ��(t�I���tqmmxŨT� ��Q�j׊��T��Uabۭ���ؖ�lz���nZ������{��[��w����}�܋��B�E2���P ���Q�(�X�g b�s1 q � ����j%ငKyT�eYLd�+`�~�(R#UE�^���,��N�\\*����B( RF ��m!�`��z .s�.(�������y�0;�8pƨ���\�$;:��.��ei��ݒ����.ҵ���ml$�'a�Q�G!,�*�`j��F#��K}Ҡ��:��f""z 1���&��]Q+!,U�LLd&d����(K��L�c�ώ�Rפ�0�����e ��Z �I��WU�_����SuE�a��d�]���_De�""����:��qe:�Q ���kL� ޯ�Ц�LW@B�ܥ�j\\.8�Ʈ���(���>�V�� s N�W�C��a. ��L13�=�'�G��&ǣ��A�]� �@�V�aJ�=<�KQ�I�s�(���:3�S��{�����ߠ�� ���Ɛ+h�9�#��C_A��E�a�1�Et�n�}�� ���.X�H� E�����'���xd���nM�)��)|F7$��lXpP��ۍH֗��)%��r�`��[�O�):8��W|=����q����V>:{�uE��;KG���d��O�o>xl�yq�J�P�Z S�[E���Zt�]��)\S�RP�ѢzogqմK����n��펝Gn�}��#g�*�j��!�B2M�l9S�܆��@�^+/�i/�09�����P��d�iL�M�'b�����z�������A+ ��p+�f��9װ���kv��5���6��Kl��KN����I��ԁ 7��)s ��6��s��a*ʻ+�p �_��ȗ�)��O 7�Dl��ʖ3� �F�j��1Nf c��\ 8��������'����|$ �`��ˠ�N�k�=h�6SG��)g�)�3l˻\��h�Բ����G�y$�V��G�܆�Ӭ�l�j�An3�'M�P�""bGs�ʽ�k�p����ˑ�X�����$�p6q��7^M�[�)�:�s��d��S��)���AC�ޱ ���Wn�&�l,�,�rcØ����2�Kk� �����ݾ T��Z]m�4O��z�h �iOMkJ��""u���5n��l""��| � �ִ4G_#��!.WV!�T� �$����p�5eg�I<\�eM)d��-��3?V$;@�悖�i{�e��T�Vg;_x9��s�*�bota�<����o��� �����%ʿ��_�������wםf�}���ȵKp���JC)T� ��O��7VE�ɰ���*S�}ɷѹ×T3��M7�$~���Q���/L �2Cts����==��@ϐX &^��� �dp;�F]d �-&�V�҇N��F����,�u=�踭�-�&��p}!� -�%S�4�S��g��Q|C(F�` �h���hÍ�Dۄ�����!sm�ͱ��V�H�A�����RL�.�3 [K����n�rXkf��t�� G�Xߌ���.������[ a�K;١� 0`-8��������A�=Z�c�B�ƹt�Ta/N�'V�vFf��m\""k~��lGo�4""��`�iz*��In���\ h� �=xn*�P~�纊�����Z$tZ�{ ���m�J""�o ����Ao�'���!Z�^9�3 �a4Nط""��h�9�cY�p4H1� xa ,""p A1�A�䱙� Ƞ<0�h�""$�qQ)��9 g<��""�ln��;��� �R�$�S?�4:��Q H|%��<�G�4����cK4w�g7@W�o""�q:A��'c�QH�Q���.�|E��:y ��Pva���D��r�y+P�+�A��=�)��e��!��X�<� )���YH&""M���{�X� ��:��8b*G`l �s�� �qdDA�局 b�����=��+}�>/Metadata 641 0 R/Outlines 742 0 R/PageLayout/OneColumn/Pages 9276 0 R/StructTreeRoot 1101 0 R/Type/Catalog>> endobj 9327 0 obj <>/ExtGState<>/Font<>/XObject<>>>/Rotate 0/StructParents 0/Tabs/S/Type/Page>> endobj 9328 0 obj <>stream hޜWYo�6�+|l�oX�����Xn�6ȃ�fae9�����w�� I��1�#��!��!儔$""NHE�^�-�Ð�D ��#F (�@0f�S�0cQ\ �# (I�dhK)µB�J�4̑z��������G:��!A�BXpg��� \��$[y:���e�H2:�[Donk���5a4 ����i|����h���������<.���Y��/��� �_�|^YAG�˅O��Kb��*ֱ� =˒�8Mϖy9 ._ ����G��6x ܳd�fo� �4��0Kf�~������n�$ ������r<�r䏃|��e���s�f ���sQD/�$Kg��)�$�q�w��Q�b�E���\��zQ����a��(�i��|�����O�A�J��gi�*G�I�l��U�����w������&����<k � �koa�y��zB�|zt@%h����e6� �� z'~R�.~��8Nu�d���3ڂ�j�g��7�ZhQ0U����X~�U�� >�s��֌V� �&��sp�Y�n��[�)Ѷ�0R��n@g@\���Gǚq\P��i[� ���/�Q/T�#�cO�[�q��1�]ݸi :bSuS ���œ t����$Oz���r���_�G�l�C����%m7K6M}hn�^n�=�!�䆐�p���:�kMmE�ef�s�0�u$X3�i�V�֨�� �$3��� t����ià�� � QN@���x=�V�|�S�E�h3�1� �{-�`�|#��E� >� ��y������=�p�}ё�W�{� q�_��=�Xl��\�P�:bO�jl�h���+�sa� ��j ↇة�H-����2Pu�<�S.�""K*�3����+���1V�+0�@�@Y�""�H5 ���:[�e&����oX�cD�p�0G��+A���*ȡBIU��U򊛺�_��` O�`|5�����9�1#��z�QU� ��\hU������I�zI ���NN�` e�� endstream endobj 9329 0 obj <>stream H�\��j� ��>� w�ٜ%P�r� ���NR�eby��6l�*����s���)d�o ݀�@�q�;��@�ڂ. ]��b����q�i����""��w8=�8�Y�W�ȁf8}ކ3�aK�� t x��g�^삠+v��!�a� {Bhk� ��5Y�liFe�̓T���?����}YV�-ަ��x��B��� �m̒�N��(�}H)&�,�#� ��o0 endstream endobj 9330 0 obj <>stream H�\��j�@ཞb��""��ܹ7ap���u� �4v�$de�� ��B �����q@���C��.�> �1�����o���Dw����օk�f����o��������6��?YU��G�x���{ض�)>f����S�_�ï������q������m6����C_��k}�._n{:��z7ߟ�=����>FW,���4Coc�ĩ�/1�V�q�[zm�ط�]7�m�s󻞲���W����2+�3�3r�\""�0� �w�{�=�+�+�s�T�] ]~ͼF.� d�쑅Y�s@����ِi�0{�=�~˼E���&4 B�� 4 B�� 4 B�� 4 B�� 4 B�� �P��pC���  ��8��`�� 6 ����@�?� �����@�?� ����]�.e��K٥�Rv)��]�.e��K٥�Rv)��]�tq+�Vʭ[)�Rl��J��r+�Vʭ[�2le��F��o��F��o��F��o��F��o��F��_�����R�a.���1���~<�xt� �>υ�}�ґ� C�Y�S����I5�Kw�/�+� �� � endstream endobj 9331 0 obj <>stream H�\��j�0 ��~ �Cq�� ��� ��e{ �VR�""�9���8�� lK����җ����Apt fy�9.�z �s >�|���&���[�SKCTƀ���y�Ó�= �~g� h����;�~pB�PAӀ�A���f']�S� �z�O�&����݌� �d ����$0/�B����N���YV�޴U%���=���&�G�a�-��l�X�����RL �vԯ  ��q� endstream endobj 9332 0 obj <>stream H��W[o�6~����`�;��(P7I/@��0 A <�I=$V�(I��� �Rdǉ�tok�B� ~�;7zZ�&/���t6o��瓗M3�^���IUa�&�i�� kÝ.$��p)LɌ�) ��S �GW7�_l�f1;Y�٤ ����j�,�{�b����&U%�d���s�X.�`a� .p\9V]��,��� ���� �u�� Nk �I��i�\B��𠮛� N+�(#F:fm���DW����.n�b���O�¢c���̒�[� P�@φE Q��B ��8�Fs���� ,Ϯ� ""����=�J�} _G�zf��^2�q�&�����>��r�=.�3��&1Q�e!5#�܉Ҕ��/F����ո!��l�С��h�J��������~O�j(��;˪��u+,Zɽ$M+Y={@�J�A ?(Q J��R ��a5,��E������aj���뇢B�,�YV�,�a��0�j�e5̲fY ���X6�)Euz���(��e7��C6��D��Ќ�@:{Urm� �O措��4��.xQ��Ҡ3)ɍ٬�:���AQ����� 3���+�� �[���s<�f����:06>�S�y6>�Lcs>;�>U���O �C`��e�f)�.������X蜤V,<� ��xv�� �U��o�I�T ҂�*/ )��ο�0��8bE�2�8������a����;v�Rُ%�����]*�R_�E�%�}��~��w��K""� +9�k�M�K��n�� �8�!) ��kv�H\20i�����V*������ec��C�(,�^����l���w݃�ֱ)�N� �'^4w?�%���: �f�U3;go��bv�|f��#�Vs�$3��wH�6��!uҶo�������?���p3�qW��+�E`8F/@�E�sp�eٻ /0�q��8^�)�ht�Gs�& #<��Q �S�ﯮ��%/C.�;댞y�7 ��E���E�(>stream H�\��n�@��s_� &��;3�% �@""q� ���^��b[� p���_�JEJ�{�a$&��w���\�}��C�ܹ�1���XGw���˖�k�z�x6����!�����6��;�YU��G�x�Ƈ{�4�)>g����c�]�ӯ�����0����Mn��k��sz�/����]> {�7�z;=^ҙw�| ���%1u���p��x�.1��v�{z���5�]_������Un^,ҟԞ���6�B���ao�[��c��o�7�;;�*���x_�d/��@�������M���v@��a�4{�=� f��~E��a�tz8�N�S�8�N�S�8�N�S�8�N�S�8�N�S�8�N�S�8�s�Yh��s�Y���~�_�W��~�_�W��~�_�W��~�_�W��~�_�W��f�Y�T8� ���1x� ���1x� ���1x� ���1x� ���1x��4��h3،�4�����y�i��a��� �?� ������ �?� ������ �?� ���:���r�%�/ 6�/=��6>W�q���?/������6���G�} �*��߼��}�.~nȡ \:���  r�7& endstream endobj 9334 0 obj <>stream H��V x�W��;3y�'!������D�x�%4��QB%U����$F�G �A�T㵔�&T]�z?ki��L� �ե�v�Hf�L�Y|kw����?��sν�{ν���""H0jdbx�}��Ǹ��I�����f�P`�:;OHMȚ�q�� ݔ��W�O ��||��삌R��:��'� �MOIk�4�*����>Z��>�z�˃��E��� �����|����G�B��-'%_g��Н����´��t�]�y.� l�n�̼w<|� ���r�u��.���Z>��TI1dp�}*��-�~� 2����9;I1Ƥ�`{��߄��4""F@4�&&;ܒ@*��l���t��e�����l�|�8G���Ц�_�`�{��A�Tfg�����������%�������?�S`PgA�Tu�]��u � �Vd�^����λ}�E� �^��A1�q� ��� #G}0:1��1 � ��� �'iR095-=c�63kjvδ��3�f͞�_0w��� �-^R\�tY���+WU�^���u�7Tm��>��y���۶����]_��S��W{����}���u� ���G� �� ����xR� ^o���Q�h� �F���POmb�-�� �s��Ns 79�b�a�d���n����ʠ��'�\�(6 �»m�9 �6��W0�WT�c����Am4�4� F�c������s 79�����YMd�X��� %@�'�ŻE�����lj�o66�k�6�n-Rs�y}������8��;*3��Uf����~� �LY���@�}�����[�ˁ��V_��~F�$.E�LM��$c�q�q�1�8�8���1��ͨ4�^�~3<5<�z�..N�� �og � # ��C�!Tv�v�������n,�Mc�_���zݛ|ڬ���ƴI����+��Yh; �F�lC1J�&��,�J��3|���@1,�Z<�S���������_���K��|��HE%�p�8�󸂋�������q{1��?�:~��/X�,db*r��i��t̀���Y��l������(�<,�|�a ����Ex���0��D�� ٓ��BI�!���`!�#9�3��q�1�� 4�\ȕ�ȝ�i��g���L��F�ASHK��ES)�rhM�s� �$ ͠\�Iy�Er�E�ɛ|�u� 4�/�� �' �NT@si ͧTH�=j�3 ��)"")IE]h-F^�'�%��ԕ�i S -�eTJ˩��Qw �P*� ZA+iU��Q ���}Z��h�m�:a�-���Y<��78��l0����b~�-#)ۈ���؈G�;���b�ϊi8��V�C���%~�~��T_ �������<-���cy`�9ߒm� X�[2-d�x�=�<�}�Z ��Ukmm����:M��$�۸ �?Z��2 ��2�r�҄=���$�VK�- |%Plg��I��fr�\��F�U��z�i'_N�i%�DZ���]��x��F�q""ƒ������K�OR��H^K�|u���gn�P ��=�##��C�{��|+""�GXhH�n�]�b�R!t ����۱����������������N&�0B(�}c���ه(�qam����^""z^k�\��{z��䭇u���S�9ťe��2�~1i ��Uy���ᶵ�Ůuv�QŤ;����ə�Μ㶺Z� @6�����epp �{��g�,}t��3�X ����=Rg9^���ۿ8y+Gz���m^!S ��G�Pz�����5!.i��� |�R�k!�I֍���F+�<�� �!N+����������WklT�>��w�y�yؒ처L�X��#llv�q�Y�w�k� 9n+� d� ��e{y�T��[*UI��kC#Ï֤�h��Fji~4�T5�*� � E���̝�Y6��|f�93s�3�Ά6a��P�X��q�=2j�ٛ���O��tt��ӽ��6+�俉Db!NGC��E�������V9{�t$�xͮV�3�H �+b=.b��N>�ȱ���NG;Bю֎jg�;��-��#�۔�*� �&,�M���w}�Uñ�Z7����i�RE�58�:L`�65Z!�V򟽕�n��L(���([/ś'}�l%�u�~M����;��X(�L�c�@,�L��eSm��/� ��O �&�j��Qc�+��v�x��%;����� �hm��n���� �5]l,��`��V0 ���� ;������C��n��/P�t��$/Qyq��4X �h2����x�q�g�^��h��|���w�� ��6~�寛�ŧ�� ��2�Н.����7�f^��z~fJ�s�4Ð-uH� ֈV뵴^o�'�N�w �UԄ���A��_f_�1!�H� ��j��@ � ���r�a�� �(�M�OT���~nT� � �g�ktc2�� d��y�C܆<�=A�� v�w�� ���s�&e�� � ����W��~��G4��FL��:��E�>>� >i�B��l������W�9A/c?������""N�����_)�\ ��A�`�v�oF+����/�~r1�p�#1~ L��V����T�s><�<�dLP/ۍ}���� -��?s�Rx��C���` ��,�>�9��KTf����U�e�{X'�7�;�/����˜8�u�<)e^�?�b�� /��0�h�+��f` � b����� �1��Ma��(�Sݘk�*���<�2�c<��̕Ӯdp���:yF��&���r!s���&ڼ&߱1�� Ȱ�ʲ��s�s��sD��L�,y ��""� ���K>��È�1c�������F�-r ��J���Ct�SF+�zuy�1N�9 8פ4��]ݢ~��| X�?Gƨ��s0'Ok�]���]qe�����@�2V�;��J�� GCy��_@�o?�y9�� pv�b3�#xj�F/�V�=X 3 � �K �qm��}W�-��@{� ��a W�s[��+�sy��H��p^��V!?�B>�9����]�w��;N��bN��Wa�5t�\�>��x_���B��$��õ�뙛���a���z�w�k�����Z!|�ƌ��'CS!K��@)�%��~�ߨB�p��R^��� �*QOE݇�y�2�^\2,|:�9x���Q��q~����Dދz.r :��բnma�g:�ϸ�{ �I��K{�~^ԏ#Z���� � � �Y�8ڧ�6��{���:ޣi��������1�� � d�����tFO� � ����#<����-꒨A<�؟�+�ϕ�քyN�+���O�&d��2�F�y�ʁݴ�h����v����O�,�k�c�˧�w�c�������� �����o,s�9d�1�G�u:����:� ��F�^�����;���ȵZ�����A��z;���,�)�1��D��s{��x~��m'� ���� �-��Ƹ�i?C-��Y[�{�נ߬ �!mBQ���g�?����j��_��P�wl,���U��@�X �N 5�B��I��y?SVWB? ��+�7�}�{ޝ4W�G_�wR������:m �O���$e��Y�%�}PP���Z�we1���T�G�I� �� ��K(���k��h�.j ڊ�}B�@��᝺�����(�ulG;jl��""��B ���}�Nz���J�ֺw�3�����x� ���l~���+�/aj�{h �h��Oh@���0�*�� �ݺ�zv]���ݥj�=Z�D'yN�٬���dvR��Z���O� j� �0�B��A� :.bx��'�u܃�B� rV.�Bp �@ �s \u�ͱ��������eX{k/f;�Ѐw��<�C�s�AA��΅�0 �3 _ړs��W �ޅ8���_��6����e ��&��x/b� �^��>�i�X�c�B���s`.o �ڏq�\�yL b��Y7v^�cǜ��M�O�F�����u �E��z����='Ή�z��_��>V�z�ҭ @�� )�� ���O���m*����i� 'n�8i��׃�]�ne���h���%���V�6N�ŋK��u�J�)ꦪ� �i��4 U�E��7$�P��/��K9�36�A+��G�{����k_ǹ�> �����\?s 8 ���y<�k�2ߣ�i���c�ғ�rO��V�֬'�a�_�6�WײG��> ��?��ƻ.# |6�Է����qGF��Y�jV��լf�k#��s�op �l� �`w o;�c >6�QN �f��-K�Q��j�xU�C��Q�.l��O��@;qT� <������j;Ꙫv�.Vu=̑�ۂ���'�/*�9-��W�aH�.iY9��2]� ���b>'D���]V]ѱ���q ����AU�O &bJ!�d!���9���ߟ�A  �q�}��a��@� ��X2#C�ʢ6j�)3� � ��&@c �?9���W0{�fFa ��0ZD��|{v� �2���7z-�E��=d��&�QT@o�@F��lxU�+JcL�俺S��P�|O)�mm���ˁ��@K>М �e�4�V��ٖ'�ê��Z0��զj��L ���-��F�~8���� �J�d�YY��h�X�˿��B����-w�~?z���D6� �����+�R@V�]����Ho��]����J�~Y���:K ��A8�l�K�ƚD��b�ܛ�ӻȝY/��5�7��K ��Bݜrҍ� ���ǂ��\A���Bq�Y�������~���e/�C��i/�Ab�>:���$���n� ""Mc5��^��x��;�s�<+� ���3�x��_��:D�K/s/��i�{�9�p���}����Pk������A������,����#ϰ�z'���X 6���i�]��=�� .2#̈� ����Nʼ�p�IG{�E��"" � ��A�W����%1��F�c;�\�cT�]���W+6t��w�c�l .���)�6CU ��a�Rd,�/���)C��AĒ����?��Dq��ƛ��ODK�J�=L�bfۊ��J4bF��ajNo�%�����2f���!� M��Z endstream endobj 9335 0 obj <>stream H�|�y\G��{��p r�3=3�xĠ��1 ��u]]�M6FMDP�(j�D�oQ<�>��x 3��:���$̤�s�����^ի�W]���z�  q ?��n��]� ���Ĵ��*%Y� �aR�� K����*M c���^i��� �) 7�:4��#�� ����o�3 �m�^�ޢ#�PM��' ;�wZF楐U�=h]?�b�Q����E� �2ӫO�PM��o闐�T�=��� `���PF��1SAu?�LJ����vW �7d9E� Fe��@D����$K��H�QVE� ��ًL� !��CK ��)W���P�J;��< ��.T�{߆0�%x����hQu!�����$��/bP6(�}|��*U �^�Z�&�f��""��蚵j�y���1���n��i�^��?�0��&M�5oѲU�6m��vo�� �����?����>�ܥ��_t� �� �=��{���75�_��e|9xH��aÿ12k�����͘����Lȝ8irޔo�~7m����fcn��� .Z�di��+VʫV�Y�n���E�6oٺm����v�ٻ� zq}�}��P*Zu _�> �O9P^Z~��5{�x(?wՙ�6�:�Y�� p�;���N ��d�┝���4�� � ����/����;��0 �p��W؂��H���p �h:� �d2��i&͢�4p�JFxh.��<�O��|ȗ�ȟ�""<�/����R*�e��V�JZE�i ��u��6�F��s�C��6�f�B[)�*�6�N�D�)���P(���FU(�v�n�C{i }O�Tk���Qu�O����&2�A:��� �q�4���lt���Q*�ct�N�I��(�)�J��N�i:Cg��jR-�Mup�� ����<�'s O�oy*��x:���J���X�sx.��<�����""^�Kx)R }y/���W�j^�ky �� ��� ��4�ěy o�m��w�N�Ży��}�=��|��a>�G����q>�'��K � ���Q�� EV ����*F�G�U����3|����ȗ�2���W����5���� �ɷ�6��w�.�c'����:O�""]��d� V���j����aj5\��VSk��I5��jQ���/�/�/�w�����������������n��l�A0���*@MLb��1 ���;R�# ��8� $�^��J]�V��w&�?��r~���Ŗ�r _�|��7�&���|��� �""��/�K�2��_��+'pu����u���Y:[��\���9F���D=IO�S�T=MO�3�L�7=K��s�\=O�� �B�H/v�:yz�s^/�����V��n�*�Z��k��z�^�78���%�sι�7�Mz�ޢ��/�6�]��_�z�ޭ��{�^��c9����N�$N�N�4������YY��#�bl���=v�|� �v�.��aw�ݸ�� {c ���?��8�|��0 Y�ٜù\��p]����g����>?�ܐ�l��sq ����b\�Kq.��p�4y��7�q�67�M\@ ����p �������}�>w �""��-qK�\��}閻����r �� h@ ��:��C ,�P *C��օjPݭ�և��8��P ��U5+Z�n�!�����CdBdC�[ܘ��E�ė�!?�~�?Bm�u� ԇ�Ach�AS�7 �O�O�g� ����x� aL�)�L�ix��G�( ��xO�)<�g�,���x/�%��W�*��5���xo�-��w�g����>�GX��� > ��g� _`!a1�`)L�2��� _�ʲ ��+YUV��e V�C.���q$(B�iB""�ɗ񲆬)d�L�� Y e�L��2�*Qe�BU�U���8��T�(��(�R(��I�A��EٔC�T[֒�T��R=�O �!5��Ԅ^��Ԍ^��2CfR z�~A-�MjEoQkjCm� ��'��:P�@:��/`�D�� u�nԝz��ԓzQo�C}� ��� � ��g��yd ��A��m��<6O�S��<7/L�)2Ŧ$�&��aR� ���a �A4���;4���p�%���4�ޥ�4�ޣ���ާ�W�k��~C����G�{���@��l�sa ̇��bX��a),������� V��#��B.��y �� �N(�3Ҍ2��\ xo�ͼ�������Ff���9`�7�a�xd~�1ALS�41C�s�B�X,��2�(��mb��)v�}���b�8(�#�'sԜ4g�Ex,N�3₸""��-qW<� <��� �� (�""(����9��/y'�r��r~��*�@)��K(�WP! � BDl��2+�S-���l�o-������,��^Q� Ir� !G����#��Ȍ��89^N���T9=*�Y��'�Er�\u�J�+W˵r��""��]r��Z�C~+����9,����<%��K2O� � y_�g�H�� %�V������q_ũ���U�JU�T��R9�����&��j���檥j�Z��U;�^uP U'�YuQ]U7�]�Po�������������jP�������?�,���G Q��(������/}���_͏��?�����\����o������ �.~���� ��G�c���f��h���f��g�Ef�Yi֚uf��d���f��kׇ�n���N��~c�����G{� 9�CV����pd8� �G�1{ܞ�'�){ڞ�g�9{�^��%{�^�Wm��f��u{�޴��m{'��+AL�^q��y�57߽N��QU/�IOy�C�<�c���x� �J^e��WՔ����y��poF #E��HI�4Rf��+Sa �Z�yս/֋��^M/�K���d/�K�ҼZ^���ezY^���G� �|�O�i>�g� �� �3܅{p?� ������ f��ncg��s����q�:���Dg�3-� s��ζ�NX7�'�� �WT�=��s0��������J��̽��~��=�-�����z} �9�l�)��)MC3��W1�m�i{�<� ��j���8��hjNA$�ϴ���2ZN9��V�JZE�i ��ZZG�im�<ڄ9����Ŵ��im� �9}A_�N����%��v�_a }C{�[�}G��^��}��P �CTH�� �cTDǩ�N�I:E�����Y:G穔ʨ�*�U�E��Հ.�t������w�J��kt�n�}|������ [�.;�N�����sX��� �q*���� 3� ��ZV#����jj5��� +�jnY�V�j%h� ��DV[�V��� �Zj�vk ]K�jS{�e�m ���ksIm����M�m׶��o�o�o�u�zv}����nd7�TZ���V�i�Z��>V_+͊���~V+��i����1(��ZL!�ɮ)� q�S~1S� �-��+d+�ZF�H%�eٖ��L=W�2� ����71�k�Z����5� >�5N>�x�Vw�]f~�?�� ���""]Q|�)Њ������� Saz�^�W��z���k�:�^o�u�ޤ7�-z����d�l'�)���2A&�$�l��uu=�%?�;�w�,�+�MtS�L��  ��� �C�2h�zԌFr54p���Q�Mr^��� �ܖu �����'�Bs��\�t8/$t��0 V���z�6$#A]�Y� �� ��&$�:�XyF��s0zA @Ox �al���}��p4���;1B�&8��7�:x ���6� 4�7���d�`> bU�� X����T��0*qvA""�����U� � � �x &��`��vvBu��>�s���g��D������@gH�m���6&� ��1�3�A[^+ �`� �`!�v3q��svp6�a8̂�8 ������:3�6�ז#];��'�!{�i�Co��| ��Jsa |Õ+f;��1�= �� /��/� �¿0G�L+�U��9�>� ��G"" �q��1��<��J%���j�Pw�!<�<3�g�b*�m���g��5�\c�Ql�P�*�Vzos�_����t� fp� �N�5�����N�Ğ����9���� K�s� �����S�8$����""K �������ǼO � w�89N�s�y\� ���c�3w�X�������5� ep���V�U�Sރ����T�# �@ a��p f�""��<�7�*|�*�#�Z�zKCX�=����x9M���o�tͶK�SO]U� ��_��w�7׻щ�^tq����-��=�Ļ<&�M����5�������A!��R�}\�5�����%xQ�~*�a{ {$�Lg�a8����eb6.�ulq3�s}+�""^�؏��sV��;g�*�t��b8+��b/[��""�3��$m&|��*�""�E�[�W� /�F��`�5J�J�Y�]\P�e���� JT@�����SGL Z�:e�q4OM�4q�f*�m~�M��D����m�I�1��&����ڎƩ�����t?�;_��s�9������p�p��� �� ����U���Ƿ�b������+Xu���?��f��Q�Fc+l&%�/~ ���[��>��O����t f�Gp�� ��q�'�к>�>� �1��w1���/��cky�T���b:$x1Bc�5u�.N��S�쇏����[�↓�9F�CRO*�i�~��o��Y��w~��� �c\=t�71��_O� {�ɗt �ӪW�Z5��:�*����i��""���W�B��u� ���9��� �7�_� ^���3�u ֧2�����0��`���'p� ��! BN,H�D�Ob-�S��7 1���g�.`�*F/ 5dNO��Y<� C9g��` �J1�$�0�& C���oj� W�:���71���=����/�0�xz\x~֠M�þAc�$6�X�u;�>��H>��� ��<�`�w�H:�<|�'Ǌ��g�:Ͱ��<����""9��>X K�OI.��=�O��G�Ύ�M��m� )�.�F� hg5������.4`� qW�ϰ�k �� ���ȅrh0|N(��7���B6�q�����F��:�3X����a3�};�5x.%ǌ!��]~Pln����j�y<�V�/_VW�^Z�r.Y\\]�\$-����e���bk��\X�/��昲�23����(WX�ęꈫ�Cjj��p� �O�*CRd�����/)�����Ӓ�$Y#4ָXXb�ՐĒ��5��c���� �p�v;N`���!��8 ����J8 ���YA)؟U�DV6���Vi0A���Pk؛����F�6)VK��f��U���Ԗ�h8Tj��j\\* �J=*H5ϩ�@PW� Aը�a�n�K�ƕ�Iz�NS����U�#߉zC���*~�����'���. `�(�z�5�$׮����sie$�DP�atb�&����XT%�Q%�v��*��~)�Q�;��)��ʎ8�Ʀ�ж�>j��c��` 3�=*�U���%̠��=S""����WB�O;6��7�r���x:��kPsۜg�f��Be� -�J�'�6�{@���~bg�}�53WD�F�櫆JQb�}� �&��O鞡��}�@-O�R ����t�K�h)b bL���:���5��?�E�t ��o�c^7��n�|()C""�pk4�3�) �팩4�q�g9��gx�37=.a&��; �E�p���Ģ��v�J���?�o�$5�vDYX�����} ��{�x3�Z�r�t����Ť�֐�I�+�'�Iݗ4f`V��""�oJ��,�����L��f���f�T����o >�<�¡���6�w(J�<^+��D$Q�Jw25�#1QR��NS� ��M�� *U#�c���ċ�J!����քLnꈎ� �`{t��b�Eȋ�1 Y�R��5�i�\a��� ]�tLֹ�N���$��1K#Л�i��V�����{�|�#�J�H�Hӆ���3��5�9|�Й�V5���'�A?d��,� B���j��YJ. �$�!����A���H�$C0\���d db ��N��Ʃ� ���S��GX|�C]�=ߞ_�)���� �� ?�ihK�Z�����u�+� �ң������Хe�jө2�Nh""�0������yCy�������nwm�Z���q/���&n�9� u���\n6���;��+_���;��Lޓi^����""t��N�g�=�$I�G���$��3�k��.�w���f�Jv���e��˩ȡ9l�s��P��3 �������>I.��n�߷��U��/I �9"";�(� Th I�zǶ�y�K��&��uMv�������u5�����-hp7N�����Of��K����Kr/]��%]�tu�%���E˗�� FAZ��qE��Um\� ���""+W�;�*W��!-,�""'��,�29 i޳M�q�k\�����7 ����7��������##?}o�� y=�� 4���Av����yl�c�矜�*����E%�Eo��;ۛ� :�i��z�x���o/� Z�z�b���������/tx�Ϟ�f�?��8�Mo��`V@�\\} ��<�����y��d�p���� � ek�y� �����59S���p�Q���]�I��S�j��t ��(��""����a�Z`����ofvg?�3��x������؆�oq�1�P>BJ�4�(4�,�KɧJBBAQie��(��P�a���FJӖ�D��Ju��ZMTi��ڴx��f݊]齙����w��Q}e�셵-k��>3�� �񦅝� ��0��e�<�c�g k1��[���jCk�� ����9N�7 {=�7���k����% �HN�NOpc���R#ꨰ%l5���=RLk""��O��Ep�� i�Fl�/\�F 1R���Лpȴ�0�V� �Y>YKhTc���H�?�*E�|�~W��S*t�3�J�jl�m��M4��Ӌ��EO�k�%��>���""�ho͸��c��/<�jF]��~hH� ��d�⡶TuM5���N��-�y[0Q[4�TD8x�l z�NmU^����q����P'�z*��ڝ�'�^�W�������d!`�P:�m��� �g4ĸfaEʍ���<���U}~� ��k�2o���h� �����9�=�۳O xpca���k�4�ڏ�_����NF��M�6?�_ܒl�ɸ�S�c�V�d�U�3�%""�~A��}�N�S�~������u""�?�G̒��G� ���c3U��P���a�SPfш����C""4 �2���P����rvޗ�S�wt(�H���%��E.5�����4*��T�}$��Z �*� D+/�:8B,�1��LN&H>_ұ 5�������q�r����W��x�F�\�X���7o�N`���X^��9_o�_��E ��%>L� +�@""�6Pùnս���_x�ؚ���#_�I��M�i�y��AK�` ��l=xL�^�;�d�K��1���pT��� @ ur�H�尼E߭� � ��?z�w2t����i@�""`""$!���}X ������8�����ę���1���?����(qA�BUf � �z��ֳ�����͒������h�}��� F�IL��S�\s4V� �|>V�u� �7�p�pAv>� -�F���Z� �-ű����3v����˷ ���;�6�3��+s t�Ry{��o\�oT��� =�]����/;�͝��������M� ����/}��d��gO'�Ȑ�K��O�� Jn��r�C!�W�""`]�� �#qR�p� �n���H�+�7�C�i��<��O��LD$�)G� V�`Z����:�n��ɗ�פ��eY.c㇌7�4�U�bҥ/>��3f� n�0�m������r���!ݘF��D�UF��g�YG�8>� V�\�m������U8�|��c%1��ʧ��F �b% Ǩ�����_���Q4�F��"" 3��?��q�D����P$W��h��1C\%�91�R><���0Т�e &1�L IJ��'Q��B �&>#�(1�@�qL� Ӫ�8s�'��E ~F���H�M�|>ඖ轥[dTilS�m��M5���e=>W�V�I����6�d��V�S�|�Q��� +1/�˼L�� ��ӛ������C�1�c'{�w��U hL�Wo7O��m�r��' ��������خ/H.lP�����q��r|��b5�p�9�+D���A�1�T�WA./ Z$� ����o��8J�`���Ku��6u��s����u���뷯 ?�É�8� �tnsKt ��3�P6 B�uPJ )�jyV�DZ��hY t4Ck)�(��5�@ceh�4i����;vH3E>��#+������u���E{|�6�o�`��\>�F�$H�[榍p*�7pZ� w������q�8�t""�b��5�K�CrX&�� �f�w�rg�E pR��N,�""�(f���T2��(Z�� ����_�K*��!��(R}eF�|�]� ?<�Е� lz���O���e��t�:�Ҕj�`W��� .����{c� l9z �3�~���P�ӺN`���I4\4X��F�,�, m����1�[�TOlR�\ �0��h{���w��} ���Y�֌JJD�4����3F茑���%�Ʃ�8^��-�aj8��a܅7n�?��LE�!dZ�*o��=$�Z�?fW�\��h����r�ܮ����ݬ�z��ͦ�Ȯ��Q����:l9붝�H����x��H��e��G��t3Eґ�3L�v���������jDu6�ݶ@[i�d{���n��U� ~�6�<��p�d����,VUj:<����U&���:�*Κ�i��]�Tty�AFؓ� 5��k ��J�sԑI��.I�!�CD�c�fб�&t,E�d|""U|�ҫ5��OH���gJHN�kz+5�1�'��.Ѥ�1�_�z��a� =`D� F���N��o������/�d���#�6�RSg' mZ��:bwG3 5�O�3?8�_��;Ѽ���v_ ���AK�G��;sEK����!��ۺl������塢��@ ���$� �O����6S���)��I�w����#����5l�}�P@ � E�� &�Ѳk�V *��^��f����z6��RL��NM��� �izTP:Q���:��-҉�,�51 �I�P��$����*-��q.V��=""�}����e�|��76_�񇅵�Қ��*��ĜTk""�_���h��w{��mw�0�q�cdw�³�UzS�x��w�;��MHm_1#��|({�]4���kEf[�T�`Z�� � ��X ����d�D0-ǹ�g�'�AnŊ��lǌ�(e�OOOy��i�i �Ћ�:�] |ò��1kń3�},GD?3��q�m2�GX8 E�A�`VA��|���X�Ku�� X [I�{�滩 ��a� ��mbll��1���h!��k\Rƕ��/��}5h�Whz���>�$^ �b߂ً!g��q�Lj���#nV��^�}H4�l ��*�%f��V_� ��4�%�{����Ž��UPL���Bb�N��t� Qb�Bp��Az,X�:q�):L^%�`:|�#�V@-1�%���g���{��H�iC�Z�[ߡ�����9Mԣ��/����ts�:(�F1?^,J \g�H�� M8ദH.νHZ.����5� ~$�a�bi�O0���9������4�� @L�6�[z�!�8� �� ��PZ^[x�u�\�W�����C�����#�� |�wj�E���� ��}��+� ��)���#�� {���:�0� NI �%$�!L� 8�~�vm��zx��Ɖ��n 뒶� ��_�b�wX#Vbm �i�K���yb�n��%�2�1@ C���̷ڷ��Z���7��m�X o� '�v�UC\�2��!>�j���$m%�oD��i_�SѩVS(J�+� *?j�e� I��E�� �~���;����]�ӟ������1�?��>������}g�?���l����;����#��A�x �V��d����)��@Iڂ���� HP�F�!J�T�(���m5�US[u� +�c�?K�i�Ikc��gk-����ϯ�}~�����}�G��,k�PI�^;��� ��_�����@��F�WJ�l��L�7e��@��hh��A �A��u�k���ٸu�g=�=G�'��YY��&KnEm��n���Ô͛nै�����E��4w���*5E(T$�(]б>H�_���u@J!���f 2����(5o��>B�L5����S��xS�)�D3�""��ŀ�E � A�P� j���2p��DE��NI򪲉��v��Y[D���3*��Rg�G � N�{x���+���y��/G\�[|v�Pν�� ����75M��;׵5i�#�����'�!���Y�s���h)� {21u����hA���~K� ˹��dn�T��'�����'����� ��Ϻ�;B ����S #���rn8�m�h��9� � ����a?�:Ŏ8�7l+�RPQ�����R��� t�*1QYJ(*b('�DAĢ���~:��缙`K<�2Ng0��6���!����=�~�~�2<���lk�q��Y��2ƍ����>�a3�����~� *�P��]v��r}k�x���F��)��cS[��jj��0?_��]�X�@��S�B�k1�kMҌ�1xQS�C �y� V=���!]�5h��Ԅ{0Ù��� �� �XS��=��_[����X���ra�7m٬K� ]r�RY��?]��z(Wyf�U>�feD�Jp��9*�p�*�N7z� �{�M�hy��ع�8�9���� �n�9ݡ;��n�1�m���O&�g�[�s�Z���,s�m�m�s��&ɒ�(�H*5���ǚ$��!�.�(���7�m�����XV��! B�e i������wG��]�x*5���(է}b* �q�>)�sK]�Fŵm��[��*""j�AG�O�V��^a� ��� � �Z�� �0g�T��_c|��ZX��Čp� �x `����kZ�eȩ�u�oh  �U�1-;� n*� @}�1�ia�;OU�:.�D敧���ъ;7��u#�C�~N��h͝�y1�;�[{9�b�SkZ�|@��D��`��]���� �D�m�e.�.���Ru QN��x>i}E?�|��9{�q]��`�����3D��K�Q%@���< @�������/�Z����AB�k�A��;�<�SB��v��Shk������B+ ���M�t1Ľ��� �M�b7͸]$f�l� �`""�P¢��.�HE q?)ĭr�� �~�)E�՜�]��Q��^`�qM.��eW/eK�z�XXS��z;e\���@���-"" �B�a,�� ��E�qU���*�� ����߽ܲ���ߢ���3�� ~���������uoC�Q���ӕ���j��{E guM�Fbu�*s����7�=�Z�I��p��8��ڇz��>� p��MQ�e��'H���l衂Bp&H��:��tQi����t�����2��wG��tӽ�� �\PX�{wV`gX�KVP=2�=��B�\\!I�I�*Ti�������.EU��>�P� 5�L$�� ����X�J� �������ǡ��� �����������~�G�Q�C ��v--n�����`�M�^ ��&���.�� �l��Y�R���XT�8�W �n~���:����iW _KT��|�P��*�R�:�L��{ї���� ����s�>B�-�� N����dɫ(aYW�%��z=#[�G�8\rp����s�C�\���p�q0W/Gɏ��v3�&�W��9Z��G��g!`̼C� 3��b�{_H]��� $�Uz m�Wd��3���3��4I�*s�M갽Y�Q9��""����v�� k%�9f��Υ$8�h�w��w�,/����� u�|n�nPL���1�����:r�f_b����� R� R�X=�X��K�?�v����t����$ ��.>�º����榁U˻Dn��kH�}�?&[�*-3 {ʣ5���+�x[�����i�!���:���\���Q/PG�Q�Lq��9뺘?[���΀�e�<*�VdW� Ck36ʝ��<��d�i ��e3�կ(iY�G�����AॠL��jD�4E�;PG�]�x/����y���y ��(�@q�n���vQyh~�����'��L��]����Sg��a��26&T.�b�""J��F��_��56�� ����}gvfg�;{����n<����5 �Ը�`jq1�m�r1�6M09�-��T�*k+�E-�Q�1)�PdU � �m�ҋJU���K�=�wf�ĭ�z=�sdY�|�{�7PXr�Zc�́����٪�@% 䩘(1�i��U����M�eT�# T�* l��YuR�m[�����""�I�$�����V�?�P���*5UQvz-�����3K[S�������Y3�������|�)����鶙7^��*�%�}��/����v�qy�B��A� �5�B�a�&��bn+���)�Pb(9��?��=^�n#:�H""R���!�bV���"" ��)` �(�r�P~R�}�@mHS�S��.Bs��޿?> Ts�p�T���M�_36������h�U��؅���ͭ���D`sߞ�]��#=����λ��gNW4�� ;�� Ža�)�8�� >���r�M?BבY�r� �K��4( �#������Loӝ&*""D</��3'p ΋�H��,��1�,���.F� �Q9�t�؊d) ���B^I �\�:9��0�9Y�#8�rY� U�%�mChQS���RǇ��;)g���7R����������t}��s�w�;�j�F��5��5b��c�� %C\� m�Fl) P��R��H��3 �`F36h~M��q���*� `��[8��Xe��� �K�+z7wm�����=3���7�꾐vR�R�j�/��Tc���ߘw�M>�L��n�&.hQ i�w>Coܹ0�%�g�`.Ù�p�yA����y6O�b?��%��%Y��fbkB�vĩf�'�����Q1�1^1'�K��Cq��\�b ��Q����1�vq,~���@'h9�NK(�;C��x ī֢�D�qS� s�xF�te�A��8�/�s��i�|a`|� ��Z�.#4{��y���Eho�7v(z(� ↢C���b�5EM�ZS���-���3�=Y�F�_eM�|����i� N�!�j mZ7u��ۼ�Xz�h�-��򴠱�{��m��f�^�5���Kl�Fy Mۀ1 �V��EոIT*�\v)p�Y�S� }��ű����mQ=��%k�[jn�~�Z~@k�ř����l�5��矆޸��y2��;:�t�w#��Ņ�|�g�1!LnoK�]�n�[�""�gĠ(���'�M �CSD��T� W��jo#Xm#醬¤��$5b��d��(5ʼg~�~M��,K��6����H����d���i�����'��K�K�D�͹���""ڗ��g ��e���b �x(�UE���hK��rBD��)$=���R��c��j��jr�^�h �d5�' �Y��vŬ�� e�XA�} )��#�#7�R0+Q�b�ç�� M+��8�Z�4������E�Eț�f��B�� y jl����y��@g&36o��O�<Ҫ?��J '!�Y�X4��yd�p��-� Y�Ri/��-_�O�ǯ������q`��ζ���^5?��=�M] ק �cg���w^�?�ώ>�����=``Q#B��@d���( �3�(��3ߡ�J���3n��I3�?�qH!�x�%R�e��$�G��p�1 �x����>���z��J|�c�3T'����E��)ÃX+ ��(GL���Y0��$?9 �Ñ�7�""eIxc�8�&^���Q1\�I�Z�Kd2g4 ��l, �D�vK�mT�c��M3 _l ������� m�s 8|����hO>�(�� ���n�v�J�O �\�^.��`�����@����b��� �v*&��9<+��A����p�3X�X�[ ���[���Hͨ���3�� �G����2��|���Z`���!���`�f��;��I�)�w���3��~_|�r�Q�_�� �ծw ��v�Ϲ�ihFџ�'N9!1�I޼�<�h ù����y o/�����fY/����AΌ ɢ������i�&W����c`����o�[�&Y""`���� d�&�Oj-�D�� �� ��� �� Ԁ��Q_B�a&� ?�*�4^Q`�%:��D'=�@���+`�on�J} k�gyw� (���*$��>[ D�dJQ,JZ<D7�R�[�w�����o�}jJ���q3����z�ŭO \W ^{p�f��#�%�s�� ��|Bߣ�J� 0�vJ�X?���_=�W�� ��"">���d���Ŗ�����ږ�'V�K��[�/ŭ2# �o��>����پ��.�s�>��w��ٱώM��M��% -%��� I۰�h� �h����B���VU�B N�iE�:mE� �n�i�6iЮ v���lt���.�]N��}~� �tg̭�{��j���o��~����P�\��fe��e�ĵ� �:�M\��M^�W���t�I׵1�eX&J���j��;������몆5!Ѣ��H����` :ԧ�T�h��& �4��^(��c�,J� ""�;��""� ���QS� ��?�Д�>�&��mW�+3%޶���' �g*E � ��R�o�~ɶ}���N�����&9���H{S��1n�`�Ć5�� @�!a^ l��Bq:�-$�l�El t�y[.��C<:�N#��>#���wz��""*�G���""��ޚع��x��ltV �~yS�����""�����'�/�?�D�R]�)��""��j�L���߱����G�0(K�����h� �H �9*IfDNH��$o�MMM��w&:�[�#Ƒ�d����7Bh�a\ƽV  r�J'�9�� =��U�Jе�uɼLȓ#�y� �q-L � �F�܏���� �48ƭ{d]�� ݏ7��x � �E�(-c��5ȋ���ŜW����R�i��� o�\�֌- @�ҭ���PrJ�� ���tg��yP����$�e �T�∈M1۹}�׸����ro0?e�c���Л�4 m�Q�uid B��O�ɭkј�����`M���4� ߙ��7 ]�#t��S{!�<}{����޷F �(rWC$�>{l��ܶCS�m����ns�Yn���O�kUJ7�� �m����r[S� �����e�-y��6�v�g���[�v��n�1�4�[Q�k�t.��f����|����E5�k��8�K7d�^kH��8R ��=�^r�� _+4AwK��Uq@�]��+XU�1eBq+�8�D��yG��O�<\v�, ׭��?A|�2?@��� NP�������a�Եˣ���u�*])�{>q�{���� � n��˿K�;ص�8�m�Hf�#��D��e�9I#ĺ����������D��>��� �\<� ޵J�XpL��]�_��9��� ��᨞ jԥ�]����y)5�5MQC��%�tim~��� `���P -D S�feN!������ɜ�x2^�R(��6��N 0k�Ď*����|;����}A��q���F#��(��yH+a:ƚ���f ��P5Q �i��""Y��5���c�v�# ���Q%*C�L�_,-|~��'�DC����j}ϝߞ���N�zԳ:�z�����گ��N��������J� �3�+����+h��}��CSHTv�m��:ι� x /pA�.L e� ��(I���@��P=�eBlX�Bh��eu �zY��RPRxH2.H0I/E�Y��.��x�p=� G�:��b�7� ���q �V��Z�n �YI�w���˸��� ����R׮xr��������AX@b�פ��[x�Ӣ=�.'e9u��{i��8�+�׼�\U�?�:�-0���8@�F�c��٫��4Q� �����J����UsC��x)��*�i �l&�*�U�vY��� w���H$ȅ�;*%bӮ>�5��#�>�~O݆}d �:���A�ۥI�,^�>�>6����vEP'����1������Y��ܞ���D�d�l���?踉���:<���H���/H'�끳�]D�� 5sԫ�̎�L#���9�0-IDLIe�ˠf`� ݰoHC~�/4��j< R0��B�""�6e�P�rnĔ���:h����QF^ ���2�M�g�3äD�I�����E f��������Թ��,р�|�h$ x:%�U�fS�� �%u�� �QD^���;x��:reb����G+�TC��c_�A4b���?���� �V9���0�����8�-z\ 狸���.���y5^� ���0�b k���H��p#����W���q � ���|Y�n�U�V_�T�.ﴈի�,���(ݱ��8��5 �>�������{t��k��q���W�� E�W�&���~H/�� ����Ċ��-�I8H���MR{�1� ��_�{[��q��C���Xԇ�����}ᯚ��'ՋĔ���tz:3��%�&��Uʸ8L�8S��n�$3&ζ*�/�ʩ� ���'}T��Z�4�13�O«?����;��wI|>;���?�b�����\��8�M 3 J=R��-l%κl���j˺Nt��Q �E�)Q��m��@����S�M�Mh��y50ik��;� ���}yy>���|���'͗z�y `A aK3AVn�q��3�� ���̕h:�w�y���Q@-�Q�6��N���)@�f2�Q�o�� U૽�Ȱ ��;8N�wGe�c�8����G�HJ@$=� 0������|NNE>�O��WV���� R#xd��@ 3���s�(s�Q�%��bK��g��0�YQ9ji4+��B � ;�r 3�ô�L{d��@��I0^�Z�9�n���X�P=} �ڢ���/���şiG� �������y�g��0�=k�/|t� d}.�������=�� ��K�6I�^��%d��.�B�/�{��Q5 Q�[/!��'ܡT���Y{^��L�M����Y7'�;d�|?%��5vF�����D2ϭ���3�S�oG���QB�D\�夜�B�@#<��SǼmAj(�AP�A� �C: �?�S %'�)QrH@J1���d��%)f��VI���U$� ��"":d �q� x ��U|A`�Y""F�=���, ī{G��^�{�Q��� �̜ �US���ܫ�ͬ4_��S� �8�pԗ�F��9iģG�TQ .��3���W���v�aT��b�'�O��__����kh��Xo����m�C j���V_x+l$$����Y�=��7}н��_$)�* ^,�cG;�.��E�X���'˯�N�}B�Xi:�����޻:��mǳ��a��\��Ƀ��Τ��^L]O� }����k����mk[�2����v�r<{̀�E���ǰ����Đb��5�Hq�9��{���b�-_(X����[���g��(9J2�$%%���iW4 ����k{� j'�_h��~��Q�kͣ� Dm�>I��&7""�&�E`(Q ��=ī� � �[���L��Q��v�. |v|�Z@ӓHEUQV�++���]� v���������:zV�� �B�4;�BRM��Xru|�C$T��jn|�J�� �*����""$ �A \�i��bՋ#E�x�<~�mc�Xi�� ��sh.��)� ��� ���� ùݛ l;�����W��� �+�1�:�{F�+�� 7H��uza��zc�����������c �{�� �(R�bz�twO �D[0l�!�Y���䑖6��H�%�#t�΃�0 ���@S��eOm��}� TMS9� R�k��2�}���L�f$��U����p�9���r�im�����W�;j �豾�/ J��n<�8C5��>?�޹��x��B4ĥ҇&��y�����Ń.�#(���!m`�������=DK��U뎀�c�r���e��=�A�`��p�!�fP�rNQ`j���?"" ��x���s8�fA�0�6�+��uٸ �L9>G;�z� ���O�ߋ���88�C��ӥӠ���2� =K�4�P5�a� 5�a�.p�]3�j�Y�a��!*Fl̫4�z��ol�/o�?����fu 椺b�h(��� �$̎K���|����-a�(�p.� �a�e�k����V �` y���^�������&$ф�+�v�a� o�'[Ϸ�w�����r����D���P�Ydbd�n��P+La�m'p����m���AJ�E���Qu?��8 8 ��'|S�g�W8B  �m���:S2�6`Lu����8��u3�B����l0#/��32o�^�{!�����*0� ��aJ�IC�I&�l&g�y�cQ# ��;�t�EV^�uen�wo >��]XOZF�g�<�[׹�����w���7 ϯ��T���'�)(�W�!W�!Wx��葟���/�/z1�+G <ͣ��"" ���_�4���]p�*��֋�r�&V��� �;$�m�QH#�$��R�0��'� � � ��ˌr�̨��WY�U�Q�����~����1>z�e�4Fs����m�8S�!�^�/��W��uȗ:}���[iP�ibᄽU�""ju����m������89����8���;��>;9'���,iF ���ۺc@Q��&aP�U���kU���$:5lҘ:MdM���L�61Ujh%�M �MRZ��jR��}6t�f�޻�|�|���������˻���L� �MVA �� �(IQ����iϴ6��7M~�u��l�`l:�B�H�D�{�3��� ����v ��,�by+E�YC�YG�YG7�}+S��'�H���b+V�Ќ�Oy7�>ߘY���������N�=14��r�G�N��L+h߲޶��w����u�;��s��:��7�5hդ��%U=�Wy���ވ{NԪ�+�|L�������N��>ﵷ5�g�^���W�� ������t�|��Y���ܔv�;��� q�v���H5��F�� em�˶��A#� j+ ��mY� ~��fȮ �4��$CD� �'qjvY��\\`V�ZI����֠E�""R � R y�G�5 �Y�j(�% I!���2ựj���a�b1�~�»՚.���+3�B�M��� ˷����돠� ���L�.R�a8I�g�ZCc���!v�>X}\�zϱm���;Vk�*�/Mn����Տcm�����O/��0������˷���?8�����z6�dn�6 5�c�D�G�Y�g� /�R�PR�����7$Q��o5�+<`6��Ka������e\/����M&�J0,�7L΄y I�r���$5 ^;�4?����$�AO K""�-C^s:�I�� 6"" ��+*, ,H !' N s�����. w���9�͚P/�]�g@�Ϭ�K� �""���[3����_�ό����9�l�&��?V|/�@� ����-�8 ��n�E� � �����F��)��u�� otS������1��[/ X;` � �hM�'���ǃm���pn {|ǰyj�ՙ�.��""��&1W�p`��[��r� �}�7�I�b)�v�q,s:�v�EǛ�w�w�O�����(�=|_t��`�t$��ʨ�J�K�����C�xT T�ɠ�p�v�[L:M�h���F��WA������ ��# _���z� �����^Tok�Ah5Y�y��p-X�:Ο1���Vq��]"" 7�3GG��h��ro����v��Y�W�#��8���� � �K� �AvpT�ȢD%$J��JΆ�q+[�-�b-�ƍ4�?VӸ=i��p�S�in<��f��@6S=��O�.-��u[-��*e�.F ��U���t�DJו�+�el]6�5i[[���� ~��[ �hk8PݓC�EB�@0��u�� ������.�Ii��b;;�{:h�q��]����G} yOp��Z~of����� ���x���^�6���S�8��������G���3���՞g���b�i�g��]}�No��%�,��/m|Y��7�_�ó��ܓǯ�W�;��� kr��CV �����13�0 ���э� �Λ�=Y�� �m�eǳKY�n��~>�7�NFcҊSҤ4���bÈ�芫�^ǲ��-�9t����Za?�;c�����P~�w7�5Uu��M��9R^Vה�+n"")5����$ԕ�_��A����e]��$��n��Ab���Cr��%At*N֙ 0l ��-��Y�{�c3����d ё0���GX%�=2��4��R�$�,FnF����@<���ʔ|ji��.��Pi�2 ����,]���3�4�fۣo��nvh�^�x���=t�GW���� ��j�����{�_AU���L��#���?h1�hwnw~_n_��w67�����;ov6wR��-&/�ٴ��ɠ�okg�b^�IសC�H0}��^&,���\�������CaG����A� �q��6�w�K���.7 �1$�5~�^c:ؿЖ.Ѩ=��tkef��(��-ףV�a�Cx�Ŷm]q���HY��+��DI$%�""-��G+��TT��ʇ cK�څ�tM �0;Y�%Ag͚n�`���ڠ{��K�8m�a[\�Y�a@� M�a@�`��`CW�;���40��璼��9�~���c��ܭ�D,c�ji���89����� #�ON�zv[��C4�R,��Y_�=3Q'�[�h�>��R�c�F�� �Q�����m߈��۫��-� Z�""ha���A���oѿ _�oџ�|rW�3R�lVH=:: z.2�A�s�9��ą�E�:��E���DB�|���d�Rȋ�r )2���m�Hq ~���T�Gظr�J}�J}�tn�)mԒ�qJ��X�Ų��y,�)E #Dè�I�Ԟ��꠻4�ŢUuUӴ��5��{�b[�����/b�BN�� R���4�U�H���1 ��������u]�>.��LϖQ 1�3��ҵ���XB�] ÿFa�G�ӓ�eU���E�)��~��'��A""K���J�Fޛ�J�� ����*A? ?�K��@r��V7V�ק6�����A�%�'������*I;D���h����x����MQ��8���)w�w��5��;BC�O�0l�Ȃ��D�e�{�b膛��ޟ�o�#�砟�&_8���B�Ғ�r�Z�#-��������dR��r����~�N< � � A���]ͼG !�,PH bS k�ǃZ� �>�`�p �J��\���$�{4x���M<�rm $fѮV���h � ���a��N��yaA𔄺0/, 7�@�W�Ub߰�Ո+���}N ]ܔ@�� �Ż���?ߺ#s���Jd�~/E1�/�c�:B#AP��2�绩5�vC� fЖIW�%�ËY[W{a�ن�ִ,��ݚ�(���}�M�B�:s��m��aMc��� ��J��#^�H �e�a�6�k�݁���b�J�J5�7��Mo"">��*O��""yE�$]�<�4/�ҭL�P���>�/�Wm�c�۴}���z���ᢺ�� l�h�� �冧�J�ӐF�K��3 �v䲃����M;Ukg����� �k��f'���ᶱz������))��+*�ae.��`��<��dPi7��fa����v�?�j�ߕ�+�O�ʘT:�g���ӧw<���7�4ԃՠӼ������Ǻ�q�M�Vz �/� �%}�̱ h�R=�{Ћ8Z�Z��E@��@���;6j��^�\���<ǝ����_q��]�B�?���.���?���нŒ{����/�M�̌�h��� y>�DK� �#�F+eڼXJ�fJ��Lq5��S�w�?09>�s��G�@D>3�z����z�8�ȑ,�*_B/�:zT�� <]g\Y8JcW�t> ya�^B�7_��d�Xں��F> � ������ �2���k��$-�aPWK � �^�/�~�L��ʷI� :ײ w��ӄԣ�i�t������e�K������g�;���EYL�e�hT$�.B��""J�WEZ$ /ċ�E� ��""� ��HH^$$/��"" ��`�%{���ka���v����� �wτ��S��c�� �7P�X6V �сx��F���!�݅w���=�w֧�Ɩ���C��� �{m� �|�M��M�� ��7 �'��� ���<��Ǡ���(P�N4��@~0f/7��}��""��4�cX�v��-��'�F�|���.�礧���̩������s�g��7!CT�w��&�D�W�a#�(6f�]~Nv��y��z ê�^�Mh����f�m�Y �V%��{�겶�є�h52�9�+��*Ђ��!�p������}#�rR���h�o�!��v������n��Fר��jk� �D��s��VhF�v� c$S����0|H0�+e�t geE�a)����1�J�b&���*X�(&�a� �]h>�M3��Y<-�1��y<'�G�^ ̲ӡi~6>�΅���� �L � �N��Z�� �,�/ � 8���@����� �y��Շw��\�h+fH4r �������/��z/����ѿ�ᙩ��Rvۓ(��Y9J�(�<�T&��8�՘�l�* v�L_�coV>�[1�b�( �8䓤��3i ���K]��ex���4S��� u�=R����ʹ [��AR��� ��]���?^�u�Y�$� P4���)�����s��ƴ+S��|.��f� ��|.'��1f��!Q*q0ok��PF�4T�Q�07!�膺X��B=W/]�LWx(��x�^ �|��t��a�O��� ��η:E�j����LŊ��7I ��x �-HY �=�˄� DG��6� ���e����z���n~m�H�Y'�f��F�r,�����m���1'a�=��疎����6=��P.��܌~����|x`���n~jma�2���jsB^�� n)�a��J�v�e�`�9���˴��X��:mJ��%tJ8Qb�xkȖҌ��4�p�G���2Ƌ�F�z]OS�bZz��U� tI���\��*�%Ԃ)�Z: ՘�kh�E������n�<�B�9S�T]eբi4Sˠ ���Mf��D�����1��(m���T( �$���,�)��J|H�0%� ֥�& Einp||$�<� ��o[����3z6t��ZӉB$�|�r���+�W�~nצ���y��Q}��7{�p2�*�w��F��GX޶�Y�m�Q{�yH�DpՋ[ N��U������ b_犽xu�p��O1B�_�PEr��#��w����A�K���r��u�6=a�l�5�U����vN��y��.�=�4p �T�T\���Pw ���|l��sY�C� ��+� �,�G�Ǹ���b �Cx�9������jF#9�F��P��� �skR�&B̿'����C��G  �)�����n/�ٗ�/�� ��q��y�������k}���}>X�ˁ�3&v8��m���R�WH�9Rڂ%������mUP�R����Qm��RUI�� ф�(A�Z8_�J�d�����ynw�����-�Ol-V����� �V��o�� ~)cJ��I�V��a��>�'���o��$����y�aX�y䨎4\��\߯eD�+ DU�R�� ;bGkF-R�.4FF����S�ܫ�+k�'#OFW�V�g���[""��Ϥ��ޔ�ai����#t!x�p]�_ \�*ty���'�Rݚ+U/-*-/I]�B!�W�E���8ou�<�T�H. ���4c '��.�л���u<�`�S(���V�����t���lz�V�h�����Mf� .�Y��t��ǿB~�c; �zD׾�z �� N��r4 � �p�<3�u齛��tꓳ@z��W �'����P+Dߟ��i� Ճ��ϑ]�==g�٪O��>UT����[�½����j�z��ޮ���٬ci�Z�/��������#�""��)��d�������xc���j�c�!=:02bm �Mq�X�@�U��h� ��vTRN< ^��%�(�$� 0�3D�� �����[���; M됇� ^R7�1���&(��h �r��b7c��ߪ��l7�t�� g�0{��Y���N�-����� �{�1�C� ��C���*���;����� ���b^g��D�3��2��'�= {�Ƭd��sm�/�Yh�3��о� �O��s���e�xp��ɬ� �YQ�d$�Qݽr. �J6;�w���AH3�{UE����[_'ݹ yh����t ��Ə SgDU�ۡ�.l��h>�g.5��XRZk�M�)mO�&N'�ݡn� �� �`�=������t�� �`Vf3�zd/��� V�؍] ��7����Y+h� 3n�f\f,� [���� ��6�A %l�I�B=�<9�/���i�L���O ���?+�=tu�y �{�� ��Đ:V� XD}`��d�-E��@��́�r���Sۺ,d� 6��x�Utj$N�(�+���|��?���ֺ�=��ReN��ʞ�k ^�Py�,�}>%����""�ޜjK&ź�n�ĉ�g� �$ܳ��nW��>����@ 9e�X�0��S��:�R�F���u�щ��R&W�i3Y�#������D�B�5�y�Q~�젻�-z��iC�� ���S�w�KT��F� !�ϖ�ZZ_, �C�!��%'�!���a�L����d y� #n°[��哲[�~��{X�Q ��tS��N�8�tX��_�I���+�L_��Ŷ� ������<%����r5&�2;��T���N�V�ks�6[��:�����W���]�.�J�O�&�M^� ]�2�:�N��SoѮ=�d�!t}@�袹��֬�����at��s�� ϐ�@i��m:9�W A �!�}� $~�~�&%��z������L�8 ^ ������y>$�WEe W��<�<=� _�O�����r�����u�T�}��q�飭З���rm8�~����Zch�>01��9��g7�QrB[�c��zq�I��qԉ�Z`�D�'GJ� �����%��>;���͆�����߈ �*� x�I�Ls""�z������f)�\R ��>��^D#���ΓF+U�E�Een�X��O�H�����<��h� 6c�$ � L�y*P�� v`� ^G2�:�J�� �����*`��,�E4�k����(�/ͳ�20n8�0.��4�HK�_�r.��sD�QhO��O���b=+��B9 k��\���f�g�g�}""ڧ�^�9�j�y �I(�!�i�.��H�� ̩�>��z�T��h|7< �D��N/(G�ோ ���y�����""��x��?7xOj��1�.p��[y/�� Z��Q1x����8s5)�G�F� /��8�{�`��|���>��_�X��$�K�{�L3��7�Q����бz�QF�F*��|�0v�(u�ua��>L� �}�C� w�ϖS�u�_������1U�l�-�_�(�g���G*�=�M�<��p�b�n�/��'�`>�-��0#� � #y�� X:B1��6ҁ#�F�i�A`.�����zҀ5'��������� *l݉�~gH �l�G�c0��-w`l � 무��#��ì�R���|N�s�O�lރ<;t��i�g�ZeJΔ6;���ai�����& ���6�,��ʶʺd�)�""�C(kN7vc�� �NZM�\\{����gv�zY��=mRgpFz.���wx:��z�,SE;=N j��@r��<��U�[p�n��f�13�}_����zR�K�(�w�v:��� J.��0�_6 �^���۠ �� {""� ��z� D|B  �T��k�:�@�X�[ �Q����h�ķԓ� ���ң�t�]���k �uI2�3���6����Ŕɱ��3����Ԡ�:z�NY�JG?C�����~����c ��(�S|�c��|�����G��c ����Vڎ3�S��v̵�:�Y���#���F���=e�j�m�6�����s��d. �TA�m_���RGS�G�]5�>��n�^��d�Q?�����x�`�Ci�O������ Q@��k�i37�.�ᓹo%��.Q�h��{ּ�=M�eܜJ��T�s�Wɧ?FI�[�eM��z �����7�i�}���Km��w�5(�+(]�i�o�(>��A%K9��ǈx-�yJER� 9� ��p1t�2�}(7�x_@Yڋ�� �� �>��xu!��S�Cn6�G�P�%� d�dv�!����c`� y���1��z�s�B�]*��S��=�S��G���U�H[��i�A?����Mf,0���yn�^ ���ÿ���I��3��>�'��u�< S`vBN� ��T�[i/�K}s�h���<!��`��.�+��Y��i'8�!�� ��Kb,d�����2�T`���\f�� �8������� �y�]��PC�21z��I��;��!���0�n���g�^�y!u}$m+�.�����鋀_�K������� ���W�^�n5�qǣ��wQ�ԡsd� �r��W�e^�Z�`Xu���܉�d��7��������2mGy é�����X��n8z��3� q�кw�XV�z�B �CNe�{9ӻ 2��>���� �k?j,�d@�) ��C=��(�U��Z���%׹,W������~ =� ̍���=JF9.��6�ӡm�/�kL�m��j��'�v� ��O�=W� D 2G]�\�~�E;�u����n��|�w�.Ĉ8�o�Qh�.�@ߧ�#H�{�E m��J���ĸ'���:=�Q�����f���� ���� ��Xs{ oF�x �W�Uc�:�_棌��*�e�w � �|��w�W˷x���w�áo�/��oϡo ��o��[��r��M�\o�/|�8 � s�t r�dΣ9�����G�� y���h���sg�_��}���Y�sap_N q�V5��m��Q�h/�ஊ+���}� ��<~P ��B�PD�!�� A,hE��Pр2��Z�i}�!��R�ӂ0�RGPlIJ[[k�%*E��i����~�޽ɏ����|r��o��ٽ��|�6�k'�=m��h��M��ǰ��-1wW��$v?��L�Ӣ��(�6�i������ϑS+-�cD��Y⿗X.U��|9W��ܹ�� ����h9����2PI���Q�ui\��|.�{����)oUZ�ݔ�$*�i�{��K8o�sw�pNK�;�w���;�y��͖�ߖ�0.���r9q�7| ~M�(Ēςobg�?�A��e e�\��X��3�7l6���� �{�r�X�m�j�y�� ߷�ύ>d͌��-�)%0 ��VXX���{2�a�5�� 'y���`s�{��zߣܖr[bsq2O�/��*Ycm q|L%fO�& 6mJ��һL��7o��5^MPML���'9Zʜ�R�9���� K.��~*]R+�&�:���@s@�J�&��P'�]��pF��Z�N���;P;��""Ɖly�v����G�1�y3�֏H��@� r���uY/��6�ː�;�`���J�oʏ�ղ�. ��Ҫ��g�K>w��� )��Cq�Z����R��*ʫ&'�g��Q�g�)�[;)�s\����l �sǍ��ޔb����M�lZ� o�*A-9�a��?��G�""ڕY[��p}�Ꚛ���,r��<�\M����m]��]�Ί�bO�6��""m�zO�_�����x������] ���#�շ�vo>��WYG���d�����r�%}�I҇��+�9:�w�כd�e�W�� ya�d�!\DGH+�)��+���� �l��LI�H�SR�m���2!y�L`���ؑ�r^�X�O�5�o��~V �g��h�a���7���C|�!�t(�y���c!��%�z����9��R�>�<Р� e�7���;t �W��?$=����eP���A�Ȫވ������k�S�]&��vXk�����x���� |��q]�HS�G�Fh�h�h>�n6��� #�g덅r�� c�ф }z={5�z6y@J���se��������y �֪ϒ3�x�4G��Y��K/ 4&,�� P�A��m@7ʼ�z�B�i��<Ҷ����[��֏�� �Ѿg���;V&Dc�� گ W������]���?����9��a�~i� .�z�Eku������,��� mp�ڏ��ս�Z/nstu��9�Z���9�?o ��I��f�q�ݬ����~��M��]d� �%9�}��)n���$�����7��)�^��%t|s�:1��[o�}#��p%���x���HM� ��7""��{�!8�]� R���[�U̷o�TB|%��� u$Ļ����OiC=Ys�h�Tg� �ՖN�d�hݣu�օ���y��lǏ��E���.j�-�� {�}�i��%�M�Mn��[��,��3���b�ڽs>���i�R].�~ ��>�ޫ�K�T��|��)�� �3� lwׂ��gq��L� �R@� ���q�u� �1ŎK��1:�]���UFW�v�\Lu���J���<���q��I:�g8� �o�2���3�U�s浕��e�Ҧ�� �� �\Nc�j�|�5�ñ.a.�_��s���J�� ]���5Z�7߰RaM�+�� �ۥ?࿥��o`�h�*E�n�'�۞""�����R`'ؗ?��B[�����.""=Y���a��r��_�`�M�~��r/�B��5p�Ho<�|>gt��y�`K9'��9}e��U�oKk�Cy�S#yV��۽�B�$O�s���\C�ܠ �y���P?.�O87=X�B�Ŝ�bꭥ��j�icX���>g�43s����'�c�dU��p.w��HE�6�m�\��OìE*� 8���n&���]}�z�6��5�@�v!�a�Y�tX�T��� ]�T�w���` tO̻�3��no�g�\���� ���{L�`���r���3��Գͼx�[�9e�]�ϯ�U����y2���g� b����6={��k����u=��� y�Y���s�0���99y ��|OD��ފ]�;Nr���6��]����t������E~��z�|���f�����c�J���b�� }�?� (�R� ���,��W�� �h�Y""]bG�-����U6*���IY林eV�l��0��d(�TK�0�$�� ��ΐYߚ(�sJ��o�V;P��k�\m,]k�$����]���E�R���sf0�P��RG�x�xOH_����uMX��F3:mz�E�]��?�l��Eߐ���D ��Ϛ�� �<�¿�_� sԦϳ6-�M�;�������v�{��ܰ�r���w:��'R�9I�:���sč��ݐ��d��=,mc ����>�5�=$��ɎmD� 21�HsL�l2���3��=��ҾP�����n\Z9��M~rT�ym�'��k�#9I 7�?g�� yL�ƙL[fdf�۳���JJ8g}#k����Ŋ��o�;� k�t���U�(�a�tc��DhP7r�?au�U��D��]�dh,��H��h��Jw�����mD���2�&�� �Ν� ����2��-�������,�ڱ ��G�;�}A�{���.w�S_#��cķ��6�e괙�'�|�ԗ��2n?���O�wB�LV2��HBF*���/�{�b�'����ޓ9���ٌΞ���l�J(�ٿ��L�vk.�����2�Y�]��-�*�o�̥ �����ڣ%� lM��;92�y��x�Y!q�V�Y������4��Ґ�Wx6a��]�<��q�����VZZ]%/�P:3�<��?Hg�o���G�J��ޒG��b�x��� �W�4rYJø�x�7�(��8��Oe�!�w�,1xy@�O��s$�𸔹������|��vGq&EF�<�����^����N���:&�A�풧�O�Kev0�)����΂��V���oڟ�x�9�봯��������z���9|���n(��cc�xX� M�^����}����+�`e��bk� k�DFIcl#h�uh�A9??S �A���O�7��,1�Ui�*Mɻ����� ��/���? ���X{w�<m�F�$��ep���������L2�k��K�k�4i��$��79j��c\\!Α j}Lf{cM^�&$�^J26� ���4'�%ͼ)<���]�f ����v�*;?vE�K� �G� 磧�]��~*]��E�jdm����dx�e��Zr���]�R���=E -� ҿ\q���{��3PD\�o,�J���9�1:ZO�e�S��;+�XA�B#� ��[�/�� ��M�cF3��`r�:��R'�c��� 勦-��U�f�2k1��8m���[� eb3� �.�3�P�jںx�ј���� �> c���{U:V`g2��R4Q�F���8������Ma���J���)�k����3Ar��APΝ*R}�0^�������U��3s&k��ه �I�t�xI�$�7�� �%�u�%Yg�|�`��8ޭm�&��6�BU� �h ""VZDS���Hȑ���O�N q�VB�ƶ*(њ���Q* E�J��;��sϽ���� ]P|V��yf�xnv � � +�܍�y� �9���꿖��/1�6p����+i�Q��/���m�k�F��I���@[��/ƞ�dv/����~� � ��0��x |�� �?3�Y�t/>_���� ��O��b��k86�E��*��^��X����U�h�*�{~D��i�{cDփDk�`jk��Dkq�W�#���$ڀ< ��;6�7ؔ!ڌ���D[�O� �q�A���O�o�&�q�h�~��D{�Gr�(���?@���0ց���a �q���""�����z� ��#DG� �3�� }[�""��� �� ��I��cO) �B�P( �B�P( �B�P( �B�P( �B�P( �B�P( �B�P( �B�P(��ш""{��� M��t S# *=��FK`�eH&��R�%t�F�_�UԙVk+��}sQ�A�(�%�F�f�E��KE]�}yQ�)���:����n@����_/�ȇ��YdS�6""#�:���LR��0����l�5]� ��ʈ�$0�~� � F�a�V �>D��앑��8.���<)�����/ ��� �Qz#��|i:t7^����&��H��L��Oe��m��Lz�g�hz��J��[ G  �:���O��6X���Jl߱������� ��=��������λ��^ nK���CV�5<���w�g�>�������n�K���v��ط®}�g)z�� v?Z&)z;L_�-�����$Z~""�xO����1�D9uU�wi5�F����{L���6�1��+ڢt+��1#��Yf(6*(t A��.�Rj��cqg �`�(��θ� ?K��I�«^a �WVn�DY�v�=w~#��O�E���tSqY��D���m�Qh�Vpo-���D� ����!�5�nw{M��E��a���Ŏ�s�\�v׬-��ʕR��� �j�W�l����Ҡt�/>���[Vm�8�-r�q�%��ؾflM3���� � W����-gdS7��� � R��� �m�E���&Z �jx#��s�Up ,��n�� �ݐy���F�aHt� �`���c�zD� s`�{�yl@][�A)�IY�9�E�RV��Y��%�p6R�l���yD�!� �����1��O�9�����[�G�T�Z�o$���k�+��|�>�(�""4 �Ӕ��v��S[g��o��lr>�S7go�������zv�5-vs��ֲ�9�0�F�Uۧ]��,�c��Fn�Y0��@.���H8 �z>0 L����&}�|�| �%)_�/������,i,i-q|�Bb��&ur蔃�K-,k&!�I;/�nȌ� Ȕ�j!cB��� �� �@� �2&lP���|�<��Ϊ5����Q+�ST[�jע���ht2�O&Z��� ���YΠ� {�B��vZ�M#nZ�M#Nh ���H́LI�2&4}ڭm%���� ��L��� --SD��!�N|��Fq��9�-6��AΕÞ�� �1� \L��w�;���&�4� .G^l�(Ν-%?P\ �J~�����!5(4aw.�㣕��U� ��+ � Qڴ����j��}f���_��9��������3�{�:��+w߃>�~#� �ج��M]Ӎ(P΢�Dy�������Y�������N�Ee*s�:#{`Ϫѽ�}jtAio_{�Kjt �������q�O�ױy|�0jdO`��T#--����k�UvEL4�*{]$� � �������Oʾ��Ye���7�mL5$�$�_$��z��}�t`����^�#�u ��:�_v�/u�/v�W�$�=�)���߉���+q�t\ ��{���q�*��Qg����nN������߈�/��bL�?9�+ީ:����*�}i�η���+ gC��F��*ct?�C�´y5�Fk��f�Q� 6 �1����5���(X8[G}M�Za΂n@��*a��U�oa& ���p�  w;�C ��߈����E�g��~@��-}��<�*�>�/���Ħ[0-P�I�O����9a&/ ��� ^&� �m�3�= ��po�ErR��#I��9b(, ' zJ8��q�� ��p�G�} 0!�[r�a�S���%����pM�k�&I*z�t+�_�<���IZ���F��_�}4C}�%%�/Bf � �'�e�Z� ��� ""y'��Z�����F;��t��y��p�ڄ�D�J$�����*���&a���hq��zb����_���]� �q��Q���\�tF� �*�^� ���MHo�����-���6�HE���m���㼚��+N����� ���e��KV�����s�ş5�2��A� �N���o�|�B�y���V~I �]�/��t[�UyF�V�+���w\cx�'� Km �4|""<����swxK�=�ި5kM�:m�V�i�j�Nc��X]^JY�`W7IX]'m�71iad]¨��ϖ�!�g������W�˃^������|J�)Ҽ��(ɏƼ��UZ��oU""C��<���D ��w���+T�\q2�5�.J�9�tT��O��e�/��l�߹;{3R�����""����V�����Jk�뒃��b��:.\f��H.{� �P,\��l27(��x��.%#6; q$@Ɔ�-e� �������� ��P_����Q�GQ�gE�S�_��C���L�D �� ٪Ib���I%�H�o��R�w�F�����ɀ~5�_�t�����MCE0X����2��""Z�9Vȍ%r#����wjf<�=9���f$�B�����y3���w,�����;�I�&�>)���Bj,+zS��ġl�20�3��XOݎ�3{g��Y��50uzJ�2֔�5%c �T��`�� *�������z<-#��b��鸭 �]��+u��# V�[��x:��:ӝiIᑖ�:L7֨ȉ]��+�\�j���D��#��,�Jh��4θT �:e+�x��U�c�Kj�Ɨ��J��@KJV�w�\d""E!_���U,� ZAL�Z�-��oX�rߛ�{·NhAU���K��_@�����*�-�`/�Kvh�Yt����xc�Fh�s�s�3���� U��p�3m���E�nվe""H��O�����:�`^-��Ⱥ��Z�rZ- fK+�0�>stream H�|�y\TG�5o^�3��(^3����U���.1x�uc$ј�DE%^�bVM����x��&:#��� 5���:0�=ȚO�0��TUWuu������ 3 !�o�Vm� �%""!�""�#>) �(�}2rb��y�$|�脑� ��m4��{G�M�6-\�h\O�ώ���pDhw� �}���? h�+�������7�е]�����ȏ &����ά��X)��1�Q�a9� ��8a��E������ �ҳ =~,�� �4�R!�W^-��h��J�� �uF��M_���Ә�M�RM���"" ��\\.rDm}:SV��� z�|��4�Z/?D�=j �QV������AI/��o5��Ͽz���j֩T�~���LfE�X�C4[�&M�5o񗖭Z�Ӧm����[���� �n��ºt�ֽG��{���??��a���>�����~6��A�\~G (G�s��""�@~�`�O�o��}�8S��m�y�9��B���J/%���Pe�rH�Un*w��Kj�`�Lm�vTC+�Ū��]��VŮn�>�~�A�]�v���Vs�a���Է� �.UK�v�a�'�� �uz�.�+� 삶����2�:va�n�����!�/*B+ٽr���D� /;�=qV� �G~���s��j}��5 7 E�B�5C>P^P~��#��=�L���L ꅭ�����w�9�N������N�)9uN<�~'�ήԢz�Nz[�?��#�����i@Ilɔ�l�{-JS�+K��,/^^��x P�՛]T<�x��Z��-q�t�p�:::�;�:Z;�:����@ٟڝ�G����Y�\�)�I�a�;g�b�c�a�j�b�[����*���Z�����8��Y��g��}���v���Z>�e� EVֱ�F� R�E���R�(l�,Hr! �Nʗ+�߭�C�A�^��16����f�n\\+t�1W� �� ����� ��o���+��*�?� f ����%�wM??���k���_O�P����Z�翾R�U J؄Y�- �r<�7H�<��lFM$ �3���3`��{��c'~� �a#2p���pD""#��(��E\�%\���h\C> �#��p �(B �'�""�0���a,�!�1_ 1 �0S1_b��a�# ����5 � ��rZA:�HO2\\(����V�T�ML>� ��u��6P�S52���h#m�K�J�i m�m��v�N�E�I�i��}�E��nP2ͣt��a:B�T��R6ՠ�T�P� �6�1:Nu�.ͧt�N�i:C�Q�� ��Ԁ�R5�Fd""3��\��p�H!�,d��t�.R ]��t��R0��F6ʧ�F�TDבM�� 5�f��t��y ���� 9��b^�Ky/��R�U�[y ��u��7p��F�ěy o�m�X�h��;x'�� ��ݼ���>���|@ ���|��>��|��� >ɧ�4����,��9���|�/r _��|��r>���z��#C&Y'K�^�e�}d_��l��|� ��o�M���[|����;\�%\�?�]����?����h���*�#����s�9�g���# 5� �H�����X�b�{/Ƙ`�؎=���z��{�:g�L�؎�*���AQrg2�������k���ޜ4 攷۫��xU�^��mhl�M�-l�M��6ͦ� ��f�,�mslk��I܂�Y���A>�u|���|����K~��o����U��ݿD/ �g�m�-�E�ض�%�Tp ��9v��g��v�}�>k������""��.�K�2�ܮ�+�*�:�;Rk�D���Kvm����� v�}žj_���7웑���Hud�2Rc߲o�w�v��l߳����#����~j?���/8�ӹ%gp+��,�� n͹���\��\���ѕX �����`_�}�� x'��8� ��p8���8 G� ��p� ܑ;qg\�Kp).��W�*\�k�E| ��:\�/K/�]ʥ7n��R!}�@�@G��'���﬷�;��.x��F���]�J�f�wͻ���8IAA4��@༶��C 1!! Zx� R��^H�4H���� � ;��Eq��z �N��u�|(�B(�bh%P*}� w�j��5|�O�>��A��v� :@G��� t��������8<O�S�4́�0��X�?�3�,��?�ϸ��/� ��܉�p7V� �½X���� ...",,,,,,,基于公开网页资料自动抽取，导入知识库前请人工复核。提取通道=direct；quality_score=0.8434。,Biosafety Manual | https://ehs.yale.edu/sites/default/files/files/biosafety-manual.pdf,网页,Biosafety Manual,Yale Environmental Health & Safety,,,https://ehs.yale.edu/sites/default/files/files/biosafety-manual.pdf,2026-04-27,,draft,biosafety manual;biological safety cabinet;centrifuge safety;primary containment,en
WEBX-027-001,School Chemistry Laboratory Safety Guide,通用,安全手册,化学,3,chemical_storage;综合安全;危废,What baseline chemical storage PPE and waste controls are recommended for teaching laboratories,What baseline chemical storage PPE and waste controls are recommended for teaching laboratories有哪些要点？,"[](/niosh/) # School Chemistry Laboratory Safety Guide Print Minus Related Pages ###### October 2006 ###### DHHS (NIOSH) Publication Number 2007-107 In 1984, the Council of State Science Supervisors, in association with the U.S. Consumer Product Safety Commission and the National Institute for Occupational Safety and Health, published the safety guide School Science Laboratories: A Guide to Some Hazardous Substances to help science teachers identify hazardous substances that may be used in school laboratories and provide an inventory of these substances. Because school science curricula have changed since then, the safety guide has been updated and revised to reflect those changes. This guide on safety in the chemistry laboratory was also written to provide high school chemistry teachers with an easy-to-read reference to create a safe learning environment in the laboratory for their students. The document attempts to provide teachers, and ultimately their students, with information so that they can take the appropriate precautionary actions in order to prevent or minimize hazards, harmful exposures, and injuries in the laboratory. [School Chemistry Laboratory Safety Guide](/niosh/docs/2007-107/pdfs/2007-107.pdf) [PDF 1.35MB] Last Reviewed: June 6, 2014 Source: [National Institute for Occupational Safety and Health](/niosh/)",,,,,,,基于公开网页资料自动抽取，导入知识库前请人工复核。提取通道=direct；quality_score=0.3495。,School Chemistry Laboratory Safety Guide | https://www.cdc.gov/niosh/docs/2007-107/default.html,网页,School Chemistry Laboratory Safety Guide,NIOSH/CDC,,,https://www.cdc.gov/niosh/docs/2007-107/default.html,2026-04-27,,draft,NIOSH;school chemistry;chemical storage;PPE;waste,en
WEBX-028-001,实验室危险废弃物如何处理,生物,危废处置,生物,4,生物危废;危废;辐射,实验室危险废弃物如何按生物化学放射性类别处理,实验室危险废弃物如何按生物化学放射性类别处理,"[ ](/En) [中文](/) * [Home](/En) * [ About ](/En/Data/List/xygken) * [Introduction](/En/Data/List/Introduction) * [Executive Team](/En/Data/List/Executive-Team) * [Organizational Structure](/En/Data/List/Organizational-Structure) * [Address](/En/Data/List/Address) * [ Admission ](/en/data/list/iso) * [Overview of International Students](/En/Data/List/overview) * [Undergraduate Programs](/En/Data/List/Undergraduate) * [Graduate Programs](/En/Data/List/Graduate) * [Ph.D Supervisors](/En/Data/List/Supervisors) * [Laws and Regulations](/En/Data/List/Laws-Regulations) * [ Research ](/en/data/list/research-achievements) * [Research Achievements](/En/Data/List/Research-Achievements) * [Research Bases](/En/Data/List/Research-Bases) * [Journal](/En/Data/List/Journal) * [ Faculty ](/en/t/index/kxyjen) * [Department of Biochemistry and Molecular Biology](/En/t/index/dbmb) * [Department of Genetics and Developmental Science](/En/t/index/dgds) * [Department of Microbiology](/En/t/index/dm) * [Department of Bioinformatics and Biostatistics](/En/t/index/dbb) * [Department of Bioengineering](/En/t/index/db) * [Bio-X Institutes](/En/t/index/bio) * [Life Science Experiment Teaching Center](/En/t/index/lsetc) * [ Join us ](/En/Data/List/xsyden) * [ Bio-X Institutes ](http://www.bio-x.cn/en/index.php) 安全工作 [Home](/En)> [安全工作](/En/Data/List/sysaq)> [安全知识](/En/Data/List/aqzs) 安全工作 * [安全动态](/en/data/list/aqdt) * [安全知识](/en/data/list/aqzs) * [应急处理](/en/data/list/yjcl) 实验室危险废弃物如何处理 # 实验室危险废弃物可分为以下几类： （一）化学危险废弃物：剧毒化学品及不明物、高危化学品、被危险化学品污染的废弃物。 （二）生物危险废弃物：实验动物尸体、肢体和组织；其它生物危险废液。 （三）电离辐射危险废弃物：具有放射性的废弃物（含放射源、放射性装置、被放射性污染的物质等）。 （四）其它危险废弃物。 **化学危险废弃物** * * * （一）化学废液按化学品性质和化学品的危险程度分类进行收集，使用专用废液桶盛装，废酸溶液放入耐酸容器，废碱溶液放入耐碱容器，有机废液放入合适的容器中（如5升塑料桶）。不能把不同类别或会发生异常反应的危险废弃物混放，化学废液收集时，必须进行相容性测试；废液桶上须贴标签，并做好相应记录。储存容量不得超过容器的70%。 （二）固体废弃物、瓶装废弃物和一般化学品容器先用专用塑料袋收集，再使用储物箱统一存放，储物箱上须贴标签，并做好相应记录。 （三）剧毒化学品管理实行“五双”制度，即双人保管，双锁，双账，双人领取，双人使用为核心的安全管理制度；剧毒废液和废弃物要明确标示，并按学校剧毒化学品相关管理规定收集和存放。 （四）废弃化学品须在原瓶内存放，保持原有标签，并注明是废弃化学品。 （五）化学废液通常分为有机物废液和无机物废液，应预先了解废液来源，分别收集和存放，不清楚废液来源和性质时禁止混放；废液桶上应有明确标识。 **生物危险废弃物** * * * （一）未经有害生物、化学毒品及放射性污染的实验动物尸体、肢体和组织须用专用塑料密封袋密封，再放置专用冰室或冰箱冷冻保存，并做好相应记录。 （二）经有害生物、化学毒品及放射性污染的实验动物尸体、肢体和组织须先进行消毒灭菌，再用专用塑料密封袋密封，贴上有害生物废弃物标志，放置专用冰室或冰箱冷冻保存，并做好相应记录。 （三）被污染的塑料制品应采用特制的耐高压超薄塑料容器收集，定期灭菌后进行回收处理；废弃的锐器（针头、小刀、金属和玻璃等）应使用专用容器分类收集，统一回收处理。 （四）其它被污染的生物废液，能进行消毒灭菌处理的，处理后确保无危害后按生活垃圾处理；若不能进行消毒灭菌处理的，则用专用塑料袋分类收集，贴上有害生物废弃物标志，放置专用冰室或冰箱冷冻保存，并做好相应记录，统一回收处理。 (五)具有危害的及繁殖能力的废弃转基因材料和突变体，应该按照国家规定，先对其进行灭活处理，针对不同的材料类型进行相应的存放和处理。 **电离辐射危险废弃物** * * * （一）放射性废源、废液和废射线装置应按国家有关标准做好分类、记录和标识，内容包括：种类、核素名称等。 （二）废放射源：单独收集，按国家环保局的相关要求密封收集，进行屏蔽和隔离处理；存放地点有明显辐射警示标志，防火防盗，专人保管。 （三）放射性废弃物： （1）长半衰期放射性废弃物和经环保部门检测认定为解控水平以上的短半衰期放射性废弃物，须经学校辐射防护小组审核并向环保部门递交处理申请，按照环保部门的要求进行处理。 （2）经环保部门检测认定为解控水平以下的短半衰期放射性废弃物，可按一般废弃物处理。 （3）必须处理的液态放射性废弃物须经环保部门聘请的专业人员进行固化后再妥善处理。 （四）废弃放射装置：在报废前须经环保部门核准，按照国家有关规定处置。 **实验室存放要求** * * * （一） 原则上对实验室危险废弃物进行集中存放管理，将废弃物存放于废液柜，保障临时存放设施的安全条件，保持通风，远离火源，避免高温、日晒、雨淋，避免不相容性危险废弃物近距离存放；对不具备集中存放条件的实验室，将实验室危险废弃物临时存放于实验室内合适位置，不得存放于实验室楼道和学生实验的公共区间。 （二）在常温常压下易燃、易爆及产生有毒气体的危险废弃物，由实验室负责进行必要的预处理，使之稳定后方能进行一般存放，并按要求做好记录。 （三）盛装液体危险废弃物的容器内须保留足够的空间，确保容器内的液体不能超过容器容积的70%。 （四）生物专用冰室或冰箱，不得放置其它物品，避免发生交叉感染。 **回收处理** * * * 实验室按需网站（http://www.aq522.com:8888/login）下单并贴好相应的标签后，学校派专人上门回收，实验室和学校在危险废弃物转移交接时，相关人员必须在场，并做好交接记录，填写危险废弃物转移联单，记录并存档。 危险废弃物标签图示 Address: 800 Dongchuan RD. Minhang District, Shanghai, China #### Links * [——Shanghai Jiao Tong University](http://en.sjtu.edu.cn/) * [——Study @ SJTU](http://isc.sjtu.edu.cn/EN/Default.aspx) * [——Core Facility and Technical Service Center for SLSB of SJTU](https://biocore.sjtu.edu.cn/) * [——Instrumental Analysis Center of SJTU](http://iac.sjtu.edu.cn/index_en.aspx) * [——Shanghai Jiao Tong University Library](http://www.lib.sjtu.edu.cn/f/main/index.shtml?lang=en-us) School of Life Sciences and Biotechnology, SJTU Copyright © 2017 沪交ICP备05029. All Rights Reserved.",,,,,,,基于公开网页资料自动抽取，导入知识库前请人工复核。提取通道=direct；quality_score=0.6629。,实验室危险废弃物如何处理 | https://life.sjtu.edu.cn/En/Data/View/6074,网页,实验室危险废弃物如何处理,上海交通大学生命科学技术学院,,,https://life.sjtu.edu.cn/En/Data/View/6074,2026-04-27,,draft,危险废弃物;生物废弃物;消毒灭菌;分类收集;放射性废物,zh-CN
WEBX-029-001,生物安全操作规范,生物,SOP,生物,5,生物;生物危废,生物安全操作中如何减少喷溅气溶胶并做好生物安全柜消毒,生物安全操作中如何减少喷溅气溶胶并做好生物安全柜消毒,[ ](../../index.htm) * [é¦é¡µ](../../index.htm) * ç ç©¶é¢å * [ç ç©¶é¢å](../../yjly/yjly.htm) * å®éªå®¤ç®¡ç * [å®éªå®¤ç®ä»](../../sysgl/sysjj.htm) * [å­¦æ¯å§åä¼](../../sysgl/xswyh.htm) * [ç»ç»æ¶æ](../../sysgl/zzjg.htm) * [è§ç« å¶åº¦](../../sysgl/gzzd.htm) * [èç³»æä»¬](../../sysgl/lxwm.htm) * ç ç©¶éä¼ * [æ»ä½æ åµ](../../yjdw/ztqk.htm) * [å®éªå®¤ä¸»ä»»](../../yjdw/syszr.htm) * [å­¦æ¯å¸¦å¤´äºº](../../yjdw/xsdtr.htm) * [åºå®äººå](../../yjdw/gdry.htm) * [æµå¨äººå](../../yjdw/ldry.htm) * [ç ç©¶å¢é](../../yjdw/yjtd.htm) * ç ç©¶ææ * [å­¦æ¯è®ºæ](../../yjcg/xslw.htm) * [ç§ç é¡¹ç®](../../yjcg/kyxm.htm) * [åæä¸å©](../../yjcg/fmzl.htm) * [ä¸èææ](../../yjcg/zzjc.htm) * [è·å¥æ åµ](../../yjcg/hjqk.htm) * å¼æ¾è¿è¡ * [å¼æ¾è¯¾é¢](../../kfyx/kfkt.htm) * [ä»ªå¨å ±äº«](../../kfyx/yqgx.htm) * [å­¦æ¯äº¤æµ](../../kfyx/xsjl.htm) * å­¦ç§ä¸è²äºº * [å­¦ç§åå±](../../xkyyr/xkfz.htm) * [æå­¦æ åµ](../../xkyyr/jxqk.htm) * [äººæå¹å »](../../xkyyr/rcpy.htm) * [äººæå¨å¤](../../xkyyr/rcpy/rccb.htm) * [éå¹´äººæ](../../xkyyr/rcpy/qnrc.htm) * [åå£«åå¹å »](../../xkyyr/rcpy/bshpy.htm) * [åå£«çå¹å »](../../xkyyr/rcpy/bsspy.htm) * [ç¡å£«çå¹å »](../../xkyyr/rcpy/ssspy.htm) * æçæè * [äººåæè](../../zszp/ryzp.htm) * [ç¡å£«æç](../../zszp/sszs.htm) * [åå£«æç](../../zszp/bszs.htm) --- #### è§ç« å¶åº¦ å½åä½ç½®: [é¦é¡µ](../../index.htm) > [å®éªå®¤ç®¡ç](../../sysgl.htm) > [è§ç« å¶åº¦](../../sysgl/gzzd.htm) > æ­£æ Copyright æ¥æä¸åä¼¤ç ç©¶æè²é¨éç¹å®éªå®¤ çæææ å°åï¼æµ·åçæµ·å£å¸é¾ååºå­¦é¢è·¯3å· é®ç¼ï¼571199 å ¬ä¼å·,,,,,,,基于公开网页资料自动抽取，导入知识库前请人工复核。提取通道=direct；quality_score=0.2934。,生物安全操作规范 | https://www.muhn.edu.cn/kletme/info/1164/1522.htm,网页,生物安全操作规范,急救与创伤研究教育部重点实验室,,,https://www.muhn.edu.cn/kletme/info/1164/1522.htm,2026-04-27,,draft,生物安全;生物安全柜;消毒;气溶胶;洗手,zh-CN
WEBX-030-001,关于印发《武汉市大专院校、科研单位、中学实验室剧毒化学品、易制爆危险化学品储存与使用管理规范》的通知,化学,危化品管理,化学,5,剧毒;危化品;综合安全,院校科研单位实验室剧毒和易制爆危险化学品如何储存使用管理,院校科研单位实验室剧毒和易制爆危险化学品如何储存使用管理,"[](https://www.wuhan.gov.cn/ai/index.shtml) [ ](https://www.wuhan.gov.cn/hdjl/zwwb/) [ä¸­å½æ¿åºç½](https://www.gov.cn/) [æ¹åçæ¿åºç½](https://www.hubei.gov.cn/) [ä¸­æ](https://www.wuhan.gov.cn/)| [ENGLISH](https://english.wuhan.gov.cn/)| [FRANÃAIS](https://french.wuhan.gov.cn/)| [æ¥æ¬èª](https://japanese.wuhan.gov.cn/)| [íêµ­ì´](https://korean.wuhan.gov.cn/)| [DEUTSCH](https://german.wuhan.gov.cn/) [ä¸ªäººä¸­å¿](javascript:void\(\);)| [æ éç¢](javascript:void\(\);)| [é¿è ç](https://www.wuhan.gov.cn/zmode/) [](/) [](https://www.wuhan.gov.cn/ai/index.shtml) æç´¢ ç­æè¯ï¼ [ é¦é¡µ ](https://www.wuhan.gov.cn/) [ æ¿å¡å ¬å¼ ](https://www.wuhan.gov.cn/zwgk/?channelid=26164) [ æ¿å¡æå¡ ](https://www.wuhan.gov.cn/bsfw/) [ æ¿æ°äºå¨ ](https://www.wuhan.gov.cn/hdjl/) [ èµ°è¿æ­¦æ± ](https://www.wuhan.gov.cn/zjwh/) [ æ°æ®å¼æ¾ ](http://data.wuhan.gov.cn/) 2372418 å ³äºå°åãæ­¦æ±å¸å¤§ä¸é¢æ ¡ãç§ç åä½ãä¸­å­¦å®éªå®¤å§æ¯åå­¦åãæå¶çå±é©åå­¦åå¨å­ä¸ä½¿ç¨ç®¡çè§èãçéç¥ 20 2024-03-08 87950 å¸å ¬å®å± [è§èæ§æä»¶ç»ä¸åå¸å¹³å°ï¼æ°ï¼](../../../ ""è§èæ§æä»¶ç»ä¸åå¸å¹³å°ï¼æ°ï¼"") / [å¸é¨é¨](../../ ""å¸é¨é¨"") / [å¸å ¬å®å±](../ ""å¸å ¬å®å±"") ## å ³äºå°åãæ­¦æ±å¸å¤§ä¸é¢æ ¡ãç§ç åä½ãä¸­å­¦å®éªå®¤å§æ¯åå­¦åãæå¶çå±é©åå­¦åå¨å­ä¸ä½¿ç¨ç®¡çè§èãçéç¥ * åå¸æºæï¼ æ­¦æ±å¸å ¬å®å± * åæå­å·ï¼ æ­¦å ¬è§ã2024ã2å· * ä¸»é¢åç±»ï¼ å ¬å®ãå®å ¨ãå¸æ³;ç§æãæè²;å¸åºçç®¡ãå®å ¨çäº§çç®¡;å«çãä½è² * æ½è¡æ¥æï¼ 2024å¹´04æ08æ¥ * åå¸æ¥æï¼ 2024å¹´03æ08æ¥ * æå¡å¯¹è±¡ï¼ æè²è¡æ¿é¨é¨;ä¸­èå­¦æ ¡;é«ç­å­¦æ ¡;ç§ç äººå;é«æ°ææ¯ä¼ä¸;èä¸ï¼æå·¥ï¼é¢æ ¡;ä¸ä¸ææ¯äººå **å ³äºå°åãæ­¦æ±å¸å¤§ä¸é¢æ ¡ãç§ç åä½ãä¸­å­¦å®éªå®¤å§æ¯åå­¦åãæå¶çå±é©åå­¦åå¨å­ä¸ä½¿ç¨ç®¡çè§èãçéç¥** ååºå ¬å®åå±ãåºæ¥ç®¡çå±ãæè²å±ãå«çå¥åº·å§åä¼ï¼ ç°å°ãæ­¦æ±å¸å¤§ä¸é¢æ ¡ãç§ç åä½ãä¸­å­¦å®éªå®¤å§æ¯åå­¦åãæå¶çå±é©åå­¦åå¨å­ä¸ä½¿ç¨ç®¡çè§èãå°åç»ä½ ä»¬ï¼è¯·è®¤çè´¯å½»æ§è¡ã â æ­¦æ±å¸å ¬å®å±âââââââââââæ­¦æ±å¸åºæ¥ç®¡çå± ââââââââââæ­¦æ±å¸æè²å± ââââââââââæ­¦æ±å¸å«çå¥åº·å§åä¼ââââ ââââââââââ2024å¹´3æ8æ¥ â **â** ### **â** **â** â **æ­¦æ±å¸å¤§ä¸é¢æ ¡ãç§ç åä½ãä¸­å­¦å®éªå®¤** **å§æ¯åå­¦åãæå¶çå±é©åå­¦å** **å¨å­ä¸ä½¿ç¨ç®¡çè§è** **â** ç¬¬ä¸ç« âæ» âå **â** ç¬¬ä¸æ¡â ä¸ºäºå å¼ºæ­¦æ±å¸è¡æ¿åºåå å¤§ä¸é¢æ ¡ãç§ç åä½ãä¸­å­¦ï¼ä»¥ä¸ç§°âé¢æ ¡åä½âï¼å®éªå®¤å å§æ¯åå­¦åãæå¶çå±é©åå­¦åçå®å ¨ç®¡çï¼è½å®é¢æ ¡åä½å®å ¨ç®¡çä¸»ä½è´£ä»»ï¼é¢é²ååå°å®å ¨äºæ ï¼æ ¹æ®ãä¸­åäººæ°å ±åå½å®å ¨çäº§æ³ããå±é©åå­¦åå®å ¨ç®¡çæ¡ä¾ããæ¹åçå®å ¨çäº§æ¡ä¾ããä¼ä¸äºä¸åä½å é¨æ²»å®ä¿å«æ¡ä¾ããæå¶çå±é©åå­¦åæ²»å®ç®¡çåæ³ããæ¹åçå±é©åå­¦åå®å ¨ç®¡çåæ³ãç­æ³å¾æ³è§è¦æ±ï¼å¶è®¢æ¬è§èã ââââ âç¬¬äºæ¡â æ¬è§èè§å®äºé¢æ ¡åä½ä½¿ç¨å§æ¯åå­¦åãæå¶çå±é©åå­¦åå®éªå®¤æå ³ç»ç»æºæãäººåãå¶åº¦ï¼å§æ¯åå­¦åãæå¶çå±é©åå­¦åçå¨å­ãä½¿ç¨ãåºå¼ååºæ¥ç®¡çç­åºæ¬è¦æ±ã ââââ âç¬¬ä¸æ¡â æ¬è§èéç¨äºä½¿ç¨å§æ¯åå­¦åãæå¶çå±é©åå­¦åçé¢æ ¡åä½å®éªå®¤ã âââ âç¬¬åæ¡â æ¬è§èæç§°çå®éªå®¤æ¯æé¶å±äºé¢æ ¡åä½ä»äºå§æ¯åå­¦åãæå¶çå±é©åå­¦åå®éªæå­¦ãç§å­¦ç ç©¶æ´»å¨çå®ä½å®éªåºæåé å¥çè¾ å©ãéå±è®¾æ½ï¼ä¸å æ¬ä¸­è¯åä»¥ä¸è§æ¨¡çè¯éªåºæãå¨å­å®¤æ¯æä¸´æ¶æç­æå¨å­å§æ¯åå­¦åãæå¶çå±é©åå­¦åçåºæã ââââ âç¬¬äºæ¡â æ¬è§èæç§°çå§æ¯åå­¦åæ¯æåå ¥å½å¡é¢å®å ¨çäº§çç£ç®¡çé¨é¨ä¼åå½å¡é¢å·¥ä¸åä¿¡æ¯åãå ¬å®ç­é¨é¨ç¡®å®å¹¶å ¬å¸çãå±é©åå­¦åç®å½ãï¼ä¸ç¬¦åå§æ¯ç©åæ¯æ§å¤å®æ åãæ æ³¨ä¸ºå§æ¯åå­¦åçåå­¦åï¼æå¶çå±é©åå­¦åæ¯æåå ¥å ¬å®é¨ç¡®å®ãå ¬å¸çæå¶çå±é©åå­¦ååå½ï¼å¯ç¨äºå¶é çç¸ç©åçåå­¦åã â ç¬¬äºç« â ä¸è¬è§å® â ââââ âç¬¬å ­æ¡â å®éªå®¤ç¨çå§æ¯åå­¦åãæå¶çå±é©åå­¦ååºä»¥åä½åä¹ä¾æ³ç»ä¸åå ·æåæ³èµè´¨çåä½éè´­ï¼åæ¶å°æè´­ä¹°çå§æ¯åå­¦åãæå¶çå±é©åå­¦åçåç§ãæ°éä»¥åæµåä¿¡æ¯æ¥æå¨å°å¿çº§å ¬å®æºå ³æ²»å®é¨é¨å¤æ¡ï¼å¹¶å½å ¥æ­¦æ±å¸å§æ¯æå¶çå±é©åå­¦åä¿¡æ¯ç®¡çç³»ç»ã âââ âä¸ªäººä¸å¾è´­ä¹°å§æ¯åå­¦åï¼å±äºå§æ¯åå­¦åçåè¯é¤å¤ï¼ãæå¶çå±é©åå­¦åã ââââ âç¬¬ä¸æ¡â éè´­çå§æ¯åå­¦åãæå¶çå±é©åå­¦ååºå§æåå¾å±é©åå­¦åè¿è¾è®¸å¯çåä½è¿è¡è¿è¾ï¼ä¸¥ç¦ç§èªè¿è¾ãå§æå¯éç©æµæéèº«æºå¸¦ãå¤¹å¸¦å§æ¯åå­¦åãæå¶çå±é©åå­¦åä¹åå ¬å ±äº¤éå·¥å ·ã ââââ âç¬¬å «æ¡â éè´­çå§æ¯åå­¦åãæå¶çå±é©åå­¦ååºå¨å­å¨ä¸ç¨å¨å­åºæï¼ç»ä¸ä¿ç®¡ï¼ä¸åºé²å¤©å­æ¾ã ââââ âç¬¬ä¹æ¡â åä¸å»ºç­å å®éªå®¤ä½¿ç¨ãå¨å­çå§æ¯åå­¦åãæå¶çå±é©åå­¦ååå ¶å®å±é©åå­¦åçæ°éä¸åºææå±é©åå­¦åéå¤§å±é©æºã âââ ââç¬¬åæ¡â å¯¹å§æ¯åå­¦åãæå¶çå±é©åå­¦åçç®¡çï¼åºä¸¥æ ¼å®è¡åäººä¿ç®¡ãåäººé¢åãåäººä½¿ç¨ãåæéãåæ¬å¸çâäºåâå¶åº¦ã ââââ âç¬¬åä¸æ¡â ä¸å¾åºåãè½¬è®©è´­ä¹°çå§æ¯åå­¦åãæå¶çå±é©åå­¦åï¼ç¡®éè½¬è®©çï¼åºå½åå ·æç¸å ³è®¸å¯è¯ä»¶æè è¯ææä»¶çåä½è½¬è®©ï¼å¹¶å¨è½¬è®©åå°æå ³æ åµåæ¶åæå¨å°å¿çº§å ¬å®æºå ³æ²»å®é¨é¨æ¥åãå¨åä½å é¨è¿è¡è½¬è®©çï¼åºåçè½¬è®©æç»­åæ¥ä¿å«é¨é¨ï¼å°æå¨å°å¿çº§å ¬å®æºå ³æ²»å®é¨é¨å¤æ¡ã ââââ âç¬¬åäºæ¡â é¢æ ¡åä½åºå»ºç«æ¥å¸¸å·¡æ¥ãæ£æ¥å¶åº¦ï¼åæ¶åç°åæ´æ¹å®å ¨éæ£ã â ç¬¬ä¸ç« â ç»ç»æºæ â ââââ âç¬¬åä¸æ¡â é¢æ ¡åä½åçº§é¢å¯¼è¦æ ¹æ®âå æ¿åè´£ãä¸å²åè´£ãé½æå ±ç®¡âåâç®¡ä¸å¡å¿ é¡»ç®¡å®å ¨âçååï¼å»ºç«å¥å ¨ç¬¦åæ¬åä½å®é çå§æ¯åå­¦åãæå¶çå±é©åå­¦åå®å ¨ç®¡çç»ç»æºæã ââââ âç¬¬ååæ¡â é¢æ ¡åä½åºæå®å ·æå§æ¯åå­¦åãæå¶çå±é©åå­¦åå®å ¨ç®¡çèè´£çèè½é¨é¨ï¼å ·ä½è´è´£æ¬åä½å§æ¯åå­¦åãæå¶çå±é©åå­¦åå®å ¨ç®¡ççè§åãå¶åº¦å»ºè®¾ãæ¥å¸¸ç®¡çãå¹è®­èæ ¸ç­å·¥ä½ã ââââ âç¬¬åäºæ¡â ä½¿ç¨å§æ¯åå­¦åãæå¶çå±é©åå­¦åçäºçº§åä½åºæä¸é¨çç®¡çæºææä¸èäººåè´è´£æ¬é¨é¨å§æ¯åå­¦åãæå¶çå±é©åå­¦åå®å ¨ç®¡çå·¥ä½ï¼åå®éªå®¤åºæä¸é¨äººåè´è´£å§æ¯åå­¦åãæå¶çå±é©åå­¦åçæ¥å¸¸ç®¡çã â ç¬¬åç« â ç®¡çå¶åº¦ â ââââ âç¬¬åå ­æ¡â é¢æ ¡åä½åºå¶å®åçº§å®å ¨ç®¡çå¶åº¦ï¼åºè³å°å æ¬ä»¥ä¸å å®¹ï¼ âââ ï¼ä¸ï¼å®å ¨è´£ä»»å¶åº¦ï¼ âââ ï¼äºï¼å§æ¯åå­¦åãæå¶çå±é©åå­¦åéè´­ãè¿è¾ãå¨å­ãé¢ç¨ãä½¿ç¨ååºå¼æ¶éçç®¡çå¶åº¦ï¼ âââ ï¼ä¸ï¼äººåæè²å¹è®­å¶åº¦ï¼ âââ ï¼åï¼éæ£ææ¥æ²»çå¶åº¦ï¼ âââ ï¼äºï¼ä¸ªä½é²æ¤è£ å¤ãåºæ¥å¨æé å¤åç®¡çå¶åº¦ï¼ âââ ï¼å ­ï¼åºæ¥ç®¡çå¶åº¦ï¼ âââ ï¼ä¸ï¼å ¶ä»å¿ è¦çå®å ¨ç®¡çå¶åº¦ã ââââ âç¬¬åä¸æ¡â é¢æ ¡åä½åºç¼å¶å§æ¯åå­¦åãæå¶çå±é©åå­¦åå¨å­ãå é¨è¾éãä½¿ç¨ååºå¼ç©æ¶éçå®å ¨æä½è§ç¨ã âââ ââç¬¬åå «æ¡â å®å ¨ç®¡çå¶åº¦åå®å ¨æä½è§ç¨åºå¼ è´´ä¸å¢ã â ç¬¬äºç« â äººåè¦æ± â ââââ âç¬¬åä¹æ¡â å®éªå®¤æå±åä½ä¸»è¦è´è´£äººå¯¹å®éªå®¤çå®å ¨ç®¡çå·¥ä½å ¨é¢è´è´£ï¼å®éªå®¤è´è´£äººè´ç´æ¥ç®¡çè´£ä»»ãå®éªå®¤è´è´£äººåºäº²èªè´è´£æææ´¾ä¸äººè´è´£å®éªå®¤çå®å ¨ç®¡çå·¥ä½ã ââââ âç¬¬äºåæ¡â è´è´£å®éªå®¤å®å ¨ç®¡ççäººååºå ·å¤å§æ¯åå­¦åãæå¶çå±é©åå­¦åç®¡çä¸ä¸ç¥è¯åç®¡çè½åï¼è½ææå±¥è¡ç®¡çèè´£ï¼å®ææ¥åå®å ¨å¹è®­å¹¶èæ ¸åæ ¼ã ââââ âç¬¬äºåä¸æ¡â å§æ¯åå­¦åãæå¶çå±é©åå­¦åå¨å­å®¤ä¿ç®¡äººååºç¬¦åãå§æ¯åå­¦åãæ¾å°æºå­æ¾åºææ²»å®é²èè¦æ±ãï¼GA1002ï¼ããæå¶çå±é©åå­¦åå¨å­åºææ²»å®é²èè¦æ±ãï¼GA1511ï¼è§å®çæ¡ä»¶ï¼å®éªæå¸åå®éªå®¤å·¥ä½äººåæ æ¶å®¹æè²ãå¼ºå¶éç¦»ææ¯ãåäºå¤ç½ç­ä¸è¯è®°å½ã ââââ âç¬¬äºåäºæ¡â å¨å­å®¤ä¿ç®¡äººåãå®éªæå¸åå®éªå®¤å·¥ä½äººååºç»å¹è®­åæ ¼æ¹å¯ä¸å²ï¼å¹¶ä¿çå¹è®­è®°å½ï¼ä¿å­æä¸å°äºä¸¤å¹´ãå¹è®­å·¥ä½å¯ç±æ¬åä½èªè¡ç»ç»æå§æç»ä¸ä¸ææ¯æå¡æºæã ââââ âç¬¬äºåä¸æ¡â å¨å­å®¤ä¿ç®¡äººåãå®éªæå¸åå®éªå®¤å·¥ä½äººååºå®ææ¥åå¹è®­ï¼å¹è®­å å®¹åºè³å°å æ¬ä»¥ä¸å å®¹ï¼ âââ ï¼ä¸ï¼æå ³å§æ¯åå­¦åãæå¶çå±é©åå­¦åçå½å®¶æ³å¾ãæ³è§ãæ åãè§èï¼ âââ ï¼äºï¼å®å ¨è´£ä»»å¶ãå®å ¨ç®¡çå¶åº¦ï¼ âââ ï¼ä¸ï¼å®å ¨æä½è§ç¨ï¼ âââ ï¼åï¼ææ¥è§¦å§æ¯åå­¦åãæå¶çå±é©åå­¦åçç©çãåå­¦ãæ¯å®³ç­ç¹æ§ãå®å ¨é²æ¤è¦æ±ãåºæ¥å¤ç½®æ¹æ³ï¼ âââ ï¼äºï¼å®éªåæå±é©æ§é¢æµåæåå¯¹ç­ï¼ âââ ï¼å ­ï¼é²çæ¢ãé²ä¸¢å¤±æ³¨æäºé¡¹åæªæ½ã ââââ âç¬¬äºååæ¡â å­¦çä½¿ç¨å§æ¯åå­¦åãæå¶çå±é©åå­¦ååï¼åºè¿è¡å®å ¨æè²åæä½æè½å¹è®­ï¼èæ ¸éè¿åæ¹å¯è¿è¡å®éªãåºä¿çå¹è®­è®°å½ï¼ä¿å­æä¸å°äº2å¹´ã ââââ âç¬¬äºåäºæ¡â è¿å ¥å®éªå®¤äººååºä¸¥æ ¼éµå®å®éªå®¤å®å ¨ç®¡çå¶åº¦åæä½è§ç¨ï¼é²èå§æ¯åå­¦åãæå¶çå±é©åå­¦åéå¤±ãè¢«çåå®å ¨äºæ çåçã ââââ âç¬¬äºåå ­æ¡â ææå§æ¯åå­¦åãæå¶çå±é©åå­¦åç®¡çåä½¿ç¨äººåçåºæ¬ä¿¡æ¯åºç»è®°é åï¼æ¥æå¨å°å¿çº§å ¬å®æºå ³æ²»å®é¨é¨ã ââââ âç¬¬äºåä¸æ¡â ä¸å®éªå®¤å·¥ä½æ å ³çäººåä¸å¾æ èªè¿å ¥å®éªå®¤ãå¤æ¥äººåå¦éè¿å ¥å®éªå®¤ï¼å¿ é¡»ç»å®éªå®¤è´è´£äººåæï¼å¨ç»è®°åç±æå ³äººåéªåè¿å ¥ã â ç¬¬å ­ç« â å¨å­åºæè¦æ± â ââââ âç¬¬äºåå «æ¡â ææ¡ä»¶çé¢æ ¡åä½åºæç §å½å®¶æ åãè¡ä¸æ åçè¦æ±ï¼è®¾ç½®å§æ¯åå­¦åãæå¶çå±é©åå­¦åä¸ç¨ä»åºï¼å¹¶æç §ç¸å ³è§å®è¿è¡ç®¡çã ââââ âç¬¬äºåä¹æ¡â åæ¡ä»¶éå¶çé¢æ ¡åä½å¯å¨å®éªæ¥¼ç­å»ºç­å è®¾ç½®å§æ¯åå­¦åãæå¶çå±é©åå­¦åå¨å­å®¤ãå¨å­å®¤è®¾ç½®å°ç¹åºæ»¡è¶³ä»¥ä¸è§å®ï¼ âââ ï¼ä¸ï¼ä¸å¾ç´§é»ä¼è®®å®¤ãæå®¤ãåå ¬å®¤ç­äººåå¯éåºæï¼ âââ ï¼äºï¼ä¸å¾è®¾å¨å°ä¸å®¤ï¼ âââ ï¼ä¸ï¼é ééä¸ä¾§ä¸åºè®¾ç½®çªå£ãéé£å£ï¼ âââ ï¼åï¼é¿å¼å»ºç­å¤é¨ä¸´è¿çäººåèéåºæåä¸»è¦ééï¼ âââ ï¼äºï¼å®è®¾å¨å»ºç­ç©çç«¯å¤´æé è¿ç«¯å¤´ã ââââ âç¬¬ä¸åæ¡â å¨å­å®¤çå»ºç­ãè®¾å¤ãè®¾æ½åºæ»¡è¶³ä»¥ä¸è¦æ±ï¼ ââââï¼ä¸ï¼å¨å­å®¤çèç«ç­çº§ä¸åºä½äºäºçº§ï¼é²é·ç±»å«ä¸åºä½äºäºç±»ï¼é²éè®¾é²ç­çº§ä¸åºä½äºä¸åº¦ï¼ âââ ï¼äºï¼å¨å­å®¤åºè®¾åé¨åéï¼è³å°æä¸éé¨ä¸ºé²çå®å ¨é¨ï¼ä¸åé¨é½åºåå¤å¼å¯ï¼ âââ ï¼ä¸ï¼å¨å­å®¤åºå®è£ æºæ¢°éé£è®¾å¤ï¼å¦éä½¿ç¨éé£ç®¡ï¼åºéç¨éçç§ææå¶ä½ï¼ âââ ï¼åï¼å¨å­å®¤åºè®¾åºæ¥ç §æï¼ âââ ï¼äºï¼å¨å­å®¤åºæé²æ°´ãé²æ½®ãé²æåæ¸©åº¦ãæ¹¿åº¦æ§å¶ãäººåè¯å«ç­æªæ½ï¼ âââ ï¼å ­ï¼å¨å­å®¤çéé£ãç §æç¯å¼å ³å®è®¾å¨å®¤å¤é¨å£å¤ã âââ æå¶çå±é©åå­¦åå¨å­å®¤çå»ºç­ãè®¾å¤ãè®¾æ½è¿åºæ»¡è¶³ä»¥ä¸è¦æ±ï¼ âââ ï¼ä¸ï¼å¨å­å®¤åºéç¨ä¸åç«è±çå°é¢ï¼å¹¶è½é²é ¸ç¢±è èãé²æ¸æ¼ï¼ âââ ï¼äºï¼çµæ°è®¾å¤åºéç¨é²çåï¼å¹¶æ»¡è¶³ãçç¸å±é©ç¯å¢çµåè£ ç½®è®¾è®¡è§èãï¼GB50058ï¼çè§å®ï¼ âââ ï¼ä¸ï¼å¨å­å®¤çåçµæ°è®¾å¤å¤å£³ãå¨å­æç­åºè¿æ¥å°è½å¯¼é¤éçµçæ¥å°è£ ç½®ä¸ï¼ä½ä¸åºä¸é²é·æ¥å°å ±ç¨æ¥å°çº¿ãå¨å­å®¤å ¥å£åºè®¾äººä½éçµæ¶é¤è£ ç½®ï¼ âââ ï¼åï¼å¯è½æ£åï¼ææ³æ¼ï¼å¯çæ°ä½ãå¯çè¸æ±½çå¨å­å®¤åºå®è£ å¯çæ°ä½æ£æµæ¥è­¦è£ ç½®ã ââââ âç¬¬ä¸åä¸æ¡â å¨å­å®¤çé²çãçæ§ãæ¥è­¦ç­æ²»å®é²èè®¾æ½è®¾å¤åºæ»¡è¶³ãå§æ¯åå­¦åãæ¾å°æºå­æ¾åºææ²»å®é²èè¦æ±ãï¼GA1002ï¼ããæå¶çå±é©åå­¦åå¨å­åºææ²»å®é²èè¦æ±ãï¼GA1511ï¼ç­æå ³æ åçè¦æ±ãå¨å­å®¤è§é¢çæ§ç³»ç»åç«¯æ¢å¤´ççè§èå´åºè¦çå¨å­å®¤çå é¨ååºå ¥å£ï¼çæ§ç»é¢æ¸ æ°ï¼å¾åè®°å½ä¿å­æ¶é´ä¸å°äº90å¤©ã ç¬¬ä¸åäºæ¡â å¨å­å®¤å ä¸¥ç¦å¸çåä½¿ç¨æç«ã ââââ âç¬¬ä¸åä¸æ¡â è¿å ¥å¨å­å®¤çäººåå¿ é¡»å è¡ç»è®°æ¹å¯è¿å ¥ã ç¬¬ä¸ååæ¡â å®éªå®¤å åºè®¾ç½®å¸¦éçå¨å­æç­ä¸´æ¶å¨å­è®¾æ½ã â ç¬¬ä¸ç« â å¨å­æ¹å¼è¦æ± â ââââ âç¬¬ä¸åäºæ¡â å§æ¯åå­¦ååºå¨å­å¨ä¸ç¨å¨å­å®¤ä¸­ï¼å®åç±»å­æ¾å¨ä¿é©ç®±ï¼æï¼ä¸­ãåä¸ªå¨å­å®¤å¨å­çæ»éåºå½å¨1å ¬æ¤ä»¥ä¸ã ââââç¬¬ä¸åå ­æ¡â åä¸ªå¨å­å®¤æå¨å­æçæå¶çå±é©åå­¦åå¨å­æ»éåºå½å¨50å ¬æ¤ä»¥ä¸ã âââ ââç¬¬ä¸åä¸æ¡â å§æ¯åå­¦åãæå¶çå±é©åå­¦åçå¨å­å¯åç §ãå¸¸ç¨å±é©åå­¦åè´®å­éåãï¼GB15603ï¼æ§è¡ãæçæçåå­¦åãè èæ§åå­¦åãæ¯å®³æ§åå­¦åçå¨å­æ¹æ³å¯åå«åç §ãæçæçæ§ååå¨å­å »æ¤ææ¯æ¡ä»¶ãï¼GB17914ï¼ããè èæ§ååå¨å­å »æ¤ææ¯æ¡ä»¶ãï¼GB17915ï¼åãæ¯å®³æ§ååå¨èå »æ¤ææ¯æ¡ä»¶ãï¼GB17916ï¼æ§è¡ãåç±»å±é©åå­¦åä¸åºä¸ç¸ç¦å¿çåå­¦åæ··æ¾ï¼å¸¸ç¨åå­¦å±é©åè´®å­ç¦å¿ç©é å­è¡¨è§éå½Aã âââ ï¼ä¸ï¼çç¸æ§ååç©ãéæ¹¿æçç©åãæ°¯é ¸çç±»ãé«é°é ¸çãäºç¡é ¸çãè¿æ°§åé ãè¿æ°§åæ°¢ç­åºåç±»ä¸å®¤å¨å­ï¼ âââ ï¼äºï¼æ°§åååææºè¿æ°§åç©ï¼ä¸ãäºçº§æ æºæ°§ååä¸ä¸ãäºçº§ææºæ°§ååï¼éå±ç²ç±»åæ··ååè½äº§ççç¸æ§ç©åçå§æ¯åå­¦åãæå¶çå±é©åå­¦ååºåå®¤å¨å­ï¼ âââ ï¼ä¸ï¼ç­ç«æ¹æ³ä¸åçå§æ¯åå­¦åãæå¶çå±é©åå­¦ååºåå®¤å¨å­ï¼ âââ ï¼åï¼å¯åå®¤å¨å­ä½ç¸ç¦å¿çå§æ¯åå­¦åãæå¶çå±é©åå­¦ååºåæå¨å­ã ââââ âç¬¬ä¸åå «æ¡â çç¸ç©åä¸å¾åå ¶ä»ç±»ç©ååå¨ï¼å¿ é¡»åç¬éç¦»ééå¨å­ã ââââ âç¬¬ä¸åä¹æ¡â éè¦ä½æ¸©å¨å­çå§æ¯åå­¦åãæå¶çå±é©åå­¦ååºå¨å­å¨ä¸ç¨é²çåå°ç®±å ã ââââ âç¬¬ååæ¡â å ·æè èæ§çå§æ¯åå­¦åãæå¶çå±é©åå­¦ååºå¨å­å¨èè èçå¨å­æä¸­ã ââââ âç¬¬ååä¸æ¡â å ·ææ¥åæ§çå§æ¯åå­¦åãæå¶çå±é©åå­¦ååºå¨å­å¨è®¾æéé£è®¾æ½çå¨å­æä¸­ã ââââ âç¬¬ååäºæ¡â è£ ææ¶²æå§æ¯åå­¦åãæå¶çå±é©åå­¦åçå®¹å¨åºæ¾ç½®å¨æçå ï¼é²æ­¢æ³æ¼åæµæ£ã â ç¬¬å «ç« â å¨å­ç®¡çè¦æ± â ââââ âç¬¬ååä¸æ¡â å¨å­å®¤åºè®¾ä¸äººç®¡çã ââââ âç¬¬åååæ¡â å ¥åºç®¡çåºæ»¡è¶³å¦ä¸è¦æ±ï¼ âââ ï¼ä¸ï¼éè´­çå§æ¯åå­¦åãæå¶çå±é©åå­¦ååºå¨å°è´§å½å¤©å®æå ¥åºå·¥ä½ï¼ âââ ï¼äºï¼å ¥åºååºæ ¹æ®éè´­ä¿¡æ¯è¿è¡éªæ¶ãéªæ¶å å®¹ä¸»è¦å æ¬ååãè§æ ¼ãæ°éãå è£ æ¯å¦å®å¥½ãææ æ³æ¼ãæ å¿æ¯å¦é½å ¨ç­ï¼ç»æ ¸å¯¹æ è¯¯åæ¹å¯åçå ¥åºæç»­å¹¶å­æ¾å¨å¨å­è®¾æ½ä¸­ï¼ âââ ï¼ä¸ï¼å ¥åºå®æååºç­¾å­ç¡®è®¤ï¼å¹¶å¡«åå ¥åºç»è®°å°è´¦ã ââââ âç¬¬ååäºæ¡â æ¥å¸¸ç®¡çåºæ»¡è¶³å¦ä¸è¦æ±ï¼ âââ ï¼ä¸ï¼å§æ¯åå­¦åãæå¶çå±é©åå­¦åå ¥åºååºéåéå½çå »æ¤æªæ½ãå¨å¨å­æå å®ææ£æ¥ï¼åç°å ¶åè´¨ååãå è£ ç ´æãæ¸æ¼ç­ï¼åºåæ¶å¤çï¼ âââ ï¼äºï¼åºæ¯å¤©å¯¹å§æ¯åå­¦åãæå¶çå±é©åå­¦åæ°éè¿è¡æ ¸æ¥ï¼åç°ä¸¢å¤±ãè¢«çæ¶,åºç«å³åæå¨å°å¿çº§å ¬å®æºå ³æ²»å®é¨é¨æ¥åï¼ âââ ï¼ä¸ï¼å®æå¯¹å®å ¨è®¾æ½ãè®¾å¤è¿è¡æ£æµãæ£éªã ââââ âç¬¬ååå ­æ¡â é¢ç¨ç®¡çåºæ»¡è¶³å¦ä¸è¦æ±ï¼ âââ ï¼ä¸ï¼å§æ¯åå­¦åãæå¶çå±é©åå­¦åçé¢ç¨åºæç³è¯·åå®¡æ¹æç»­ãé¢ç¨ç³è¯·åºå æ¬ååãè§æ ¼ãé¢ç¨æ°éãé¢ç¨é¨é¨ãå®éªç¨éãé¢ç¨äººãæ¹åäººç­ä¿¡æ¯ï¼ âââ ï¼äºï¼å§æ¯åå­¦åãæå¶çå±é©åå­¦åçé¢ç¨ï¼ç±ä¸¤äººä»¥ä¸æ¬¡å®éªçç¨éé¢åï¼ä¸¥ç¦ä»£é¢ä»£ç­¾ï¼ âââ ï¼ä¸ï¼å¨å­å®¤ç®¡çäººååºå¯¹å®¡æ¹åçç³è¯·è¿è¡ç¡®è®¤ï¼å®å ¨ç¬¦åå®¡æ¹æµç¨ï¼ç»ç­¾å­ç¡®è®¤åæ¹å¯åæ¾ï¼å¹¶å¡«ååºåºç»è®°å°è´¦ã ââââ âç¬¬ååä¸æ¡â æ è¯ååå­¦åå®å ¨ææ¯è¯´æä¹¦ç®¡çåºæ»¡è¶³å¦ä¸è¦æ±ï¼ âââ ï¼ä¸ï¼å¨å­æåºæéç®çå­å¨å§æ¯åå­¦åãæå¶çå±é©åå­¦åç±»å«çæ è¯ï¼ âââ ï¼äºï¼æ¯ä¸ªå¨å­æåºè®¾ç½®å§æ¯åå­¦åãæå¶çå±é©åå­¦åçæ¸ åå¡ï¼åºå å«è¯¥å¨å­æå¨å­çå ¨é¨å§æ¯åå­¦åãæå¶çå±é©åå­¦åçåç§°; âââ ï¼ä¸ï¼å§æ¯åå­¦åãæå¶çå±é©åå­¦åå è£ ç©ä¸çæ è¯åºä¿ææ¸ æ°ãå®æ´ï¼ âââ ï¼åï¼å¨å­å®¤åºæç¸åºçå®å ¨æ å¿ãèä¸ç å±å®³è­¦ç¤ºæ è¯ãæ¶é²å®å ¨æ å¿ç­ï¼ âââ ï¼äºï¼å¨å­å®¤åºå­æ¾æç¬¦åè§å®çä¸­æåå­¦åå®å ¨ææ¯è¯´æä¹¦,åå­¦åå®å ¨ææ¯è¯´æä¹¦åºå¦¥åä¿ç®¡ï¼å¹¶ä¿è¯ç¸å ³äººåè½æ¹ä¾¿è·åã ââââ âç¬¬ååå «æ¡â å°è´¦ç®¡çåºæ»¡è¶³å¦ä¸è¦æ±ï¼ âââ ï¼ä¸ï¼å¨å­å®¤åºæä¸äººç»è®°é¢ç¨ãæ¸ éç­å°è´¦ï¼ âââ ï¼äºï¼å§æ¯åå­¦åãæå¶çå±é©åå­¦åå ¥åºååºåºç­å°è´¦åºè®°å½å·¥æ´ï¼å°è´¦ä¿å­æéä¸å¾å°äº2å¹´ï¼ âââ ï¼ä¸ï¼åºå»ºç«çµå­å°è´¦ï¼å½å ¥æ­¦æ±å¸å§æ¯æå¶çå±é©åå­¦åä¿¡æ¯ç®¡çç³»ç»ã â ç¬¬ä¹ç« â ä½¿ç¨ç®¡çè¦æ± â âââ âç¬¬ååä¹æ¡â è¾éç®¡çåºæ»¡è¶³å¦ä¸è¦æ±ï¼ âââ ï¼ä¸ï¼åºéç¨åéçä¸ç¨å®¹å¨çè£ æé¢ç¨çå§æ¯åå­¦åãæå¶çå±é©åå­¦åï¼ç¡®ä¿å§æ¯åå­¦åãæå¶çå±é©åå­¦åè¿éå®å ¨ã âââ ï¼äºï¼å§æ¯åå­¦åä»å¨å­å®¤è³å®éªå®¤çè¾éè¿ç¨ä¸­ï¼åºè³å°ç¡®ä¿2äººåè¡ï¼è¡èµ°è·¯çº¿åºéæ©æè§é¢çæ§çééï¼æå¶çå±é©åå­¦åä»å¨å­å®¤è³å®éªå®¤çè¾éå¯ç±1äººå®æï¼ä½è¡èµ°è·¯çº¿åºéæ©æè§é¢çæ§çééã âââ âç¬¬äºåæ¡â ä½¿ç¨ç®¡çåºæ»¡è¶³å¦ä¸è¦æ±ï¼ âââ ï¼ä¸ï¼å§æ¯åå­¦åçå è£ æå°ãé ç½®ãå å ¥å®éªå®¹å¨ç­å ¨è¿ç¨åºè³å°ç¡®ä¿2äººå¨ç°åºï¼æå¶çå±é©åå­¦åçä½¿ç¨å ¨è¿ç¨åºå¤å¨è§é¢çæ§èå´ä¹å ï¼ âââ ï¼äºï¼ä½¿ç¨è¿ç¨ä¸­ï¼ä½¿ç¨äººåºåæ¶å¦å®è®°å½æ¯ç§å§æ¯åå­¦åãæå¶çå±é©åå­¦åçä½¿ç¨æ¶é´ãä½¿ç¨æ°éåä½¿ç¨äººï¼ âââ ï¼ä¸ï¼å®éªè¿ç¨ä¸­ï¼å¦å®éªäººåéè¦ä¸´æ¶ç¦»å¼ï¼åºå°å§æ¯åå­¦åãæå¶çå±é©åå­¦åæ¾ç½®å¨ä¸´æ¶å¨å­æä¸­ï¼ âââ ï¼åï¼åæ¬¡æ¥è§¦äººåä½¿ç¨å§æ¯åå­¦åãæå¶çå±é©åå­¦åæ¶ï¼åºç±ææä½ç»éªçäººåå¨ç°åºæå¯¼åçæ¤ï¼ âââ ï¼äºï¼å®éªäººåä½¿ç¨è¿ç¨ä¸­ï¼åºä¸¥æ ¼æ§è¡å®å ¨æä½è§ç¨ï¼éå¯¹ä¸åå§æ¯åå­¦åãæå¶çå±é©åå­¦åçå±å®³ç¹æ§ï¼ç©¿æ´ç¸éåºçä¸ªä½é²æ¤ç¨åï¼å¹¶éåé²ç«ãé²çãéé£ç­æªæ½ï¼ âââ ï¼å ­ï¼å¨ä½¿ç¨è¿ç¨ï¼å¦åç°ç ´æãå¤æº¢ç­æ åµï¼åºåæ¶ååºåºæ¥å¤çï¼ âââ ï¼ä¸ï¼å®éªå®æåï¼åºå¯¹å§æ¯åå­¦åãæå¶çå±é©åå­¦åè¿è¡æ¸ ç¹ï¼å¦æå©ä½åºå½æ¥éåå¨å­å®¤ãå¨å­å®¤ç®¡çäººååºè®¤çæ ¸å®éé¢æ°éå¹¶ç­¾å­ç¡®è®¤ãå¦å§æ¯åå­¦åãæå¶çå±é©åå­¦åå¯ç»§ç»­ä½¿ç¨ï¼æç §å ¥åºç®¡çè§å®è¿è¡éªæ¶åç»è®°å ¥åºå°è´¦ï¼å¦å§æ¯åå­¦åãæå¶çå±é©åå­¦åä¸è½ç»§ç»­ä½¿ç¨ï¼æç §åºå¼ç©è¿è¡ç®¡çï¼ âââ ï¼å «ï¼å§æ¯åå­¦åãæå¶çå±é©åå­¦åä½¿ç¨åºæåºè®¾è§é¢çæ§ç³»ç»ï¼å¯¹å§æ¯åå­¦åãæå¶çå±é©åå­¦åä½¿ç¨å ¨è¿ç¨è¿è¡çæ§å¹¶è®°å½ã â ç¬¬åç« â åºå¼ç®¡çè¦æ± ç¬¬äºåä¸æ¡ââå®éªå®¤å±é©åºç©äº§çåä½è´®å­è®¾æ½çå»ºè®¾ä¸è¿è¡ç®¡çåºç¬¦åãå±é©åºç©è´®å­æ±¡ææ§å¶æ åâï¼GB18597ï¼åãå±é©åºç©æ¶éè´®å­è¿è¾ææ¯è§èãï¼HJ2025ï¼çè¦æ±ã ç¬¬äºåäºæ¡â å®éªå®¤åºå¼å§æ¯åå­¦åãæå¶çå±é©åå­¦åå æ¬ï¼ ï¼ä¸ï¼å®éªè¿ç¨ä¸­äº§ççåºå¼å§æ¯åå­¦åãæå¶çå±é©åå­¦åï¼ ï¼äºï¼è¿æãå¤±ææå©ä½çåºå¼å§æ¯åå­¦åãæå¶çå±é©åå­¦åï¼ ï¼ä¸ï¼çè£ è¿å§æ¯åå­¦åãæå¶çå±é©åå­¦åçç©ºå®¹å¨ï¼ ï¼åï¼æ²¾æå§æ¯åå­¦åãæå¶çå±é©åå­¦åçå®éªèæç­åºå¼ç©ã ç¬¬äºåä¸æ¡â åºå¼å§æ¯åå­¦åãæå¶çå±é©åå­¦ååºæç §ãå®éªå®¤åºå¼åå­¦åæ¶éææ¯è§èãï¼GB/T31190ï¼è¦æ±åç±»æ¶éï¼å¹¶åå¥½æ è¯åæ¶éçåºå¼ç©åç§°ãæ°éãæ¶é´ç­è®°å½ã ç¬¬äºååæ¡â åºå¼çå§æ¯åå­¦åãæå¶çå±é©åå­¦ååºä½¿ç¨ä¸å ¶æ§è´¨ç¸éåºçå¯é­å¼å®¹å¨æ¶éå¨å­ã ç¬¬äºåäºæ¡â åºå¼çå§æ¯åå­¦åãæå¶çå±é©åå­¦åä¸å¾ç½®äºæ¶éçæ´»åºå¼ç©çåå¾æ¡¶å æç´æ¥åå ¥ä¸æ°´éã ç¬¬äºåå ­æ¡â å§æ¯ç±»åºå¼åå­¦ååºæç §å§æ¯åå­¦åè¿è¡å¨å­åç®¡çã ç¬¬äºåä¸æ¡â å±äºå±é©åºç©çåºå¼å§æ¯åå­¦åãæå¶çå±é©åå­¦ååºå§æä¾æ³åå¾å±é©åºç©è½¬è¿åå¤ç½®èµè´¨çåä½è¿è¡è½¬è¿åå¤ç½®ã ç¬¬äºåå «æ¡â è½¬è¿åºå»çåºå¼å§æ¯åå­¦åãæå¶çå±é©åå­¦ååºå»ºç«å®æ´çå°è´¦ï¼å¹¶ä¿å­è½¬è¿å­è¯ã â ç¬¬åä¸ç« â åºæ¥è¦æ± â ç¬¬äºåä¹æ¡â é¢æ ¡åä½åºç¼å¶å§æ¯åå­¦åãæå¶çå±é©åå­¦åæ³æ¼ãç«ç¾ãçç¸ãæ¥æ§ä¸­æ¯äºæ çåºæ¥ææ´é¢æ¡åå¤ç½®æ¹æ¡ï¼æ¯å¹´è³å°ç»ç»ä¸æ¬¡éå¯¹æ§çåºæ¥æ¼ç»ã ç¬¬å ­åæ¡â é¢æ ¡åä½åºç¼å¶å§æ¯åå­¦åãæå¶çå±é©åå­¦åä¸¢å¤±ãè¢«çæè¢«æ¢çåºæ¥ææ´é¢æ¡åå¤ç½®æ¹æ¡ï¼æ¥æå¨å°å¿çº§å ¬å®æºå ³æ²»å®é¨é¨ï¼æ¯å¹´è³å°ç»ç»ä¸æ¬¡éå¯¹æ§çåºæ¥æ¼ç»ã ç¬¬å ­åä¸æ¡â å¨å­å®¤åå®éªå®¤åºè®¾ç½®å¿ è¦çåºæ¥è®¾ç½®ï¼å æ¬é²æ¯é¢å ·ãç©ºæ°å¼å¸å¨ãç´§æ¥å²æ´è£ ç½®ãæ¶é²å¨æãæ³æ¼å´å µãå¸æ¹¿ç©åãæ¥æè¯åç®±ãæ¶é²æ²ç­ã â ç¬¬åäºç« â éå â ç¬¬å ­åäºæ¡â æ¬è§èç±æ­¦æ±å¸å ¬å®å±ãæ­¦æ±å¸åºæ¥ç®¡çå±è´è´£è§£éã ç¬¬å ­åä¸æ¡â æ¬è§èèª2024å¹´4æ8æ¥èµ·å®æ½ï¼æææ5å¹´ããæ­¦æ±å¸å¤§ä¸é¢æ ¡ãç§ç åä½ãä¸­å­¦å®éªå®¤å§æ¯åå­¦åãæå¶çå±é©åå­¦åå¨å­ä¸ä½¿ç¨ç®¡çè§èãï¼æ­¦å ¬è§ã2018ã47å·ï¼å¤±æä¹æ¥èµ·è³æ¬è§èæ½è¡ä¹æ¥æé´ï¼æå¸é¢æ ¡åä½å®éªå®¤å§æ¯åå­¦åãæå¶çå±é©åå­¦åå¨å­ä¸ä½¿ç¨ç®¡çéç¨åè§èã ãã ã æå° ã [ã æ«ä¸æ« ã ](javascript:;) ã æ¶è ã * æ«ä¸æ«å¨ææºä¸æ¥çå½åé¡µé¢ æ­¦æ±å¸äººæ°æ¿åºå¾®ä¿¡å ¬ä¼å· [ æä»¶çWPSçæ¬ï¼å ³äºå°åãæ­¦æ±å¸å¤§ä¸é¢æ ¡ãç§ç åä½ãä¸­å­¦å®éªå®¤å§æ¯åå­¦åãæå¶çå±é©åå­¦åå¨å­ä¸ä½¿ç¨ç®¡çè§èãçéç¥.wps ](./W020240313716118753816.wps) ## å ¶ä»éä»¶ï¼ * [ éå½A.docx ](./W020240313716118418646.docx) ç¸å ³è§£è¯» å ³èæ¿ç­ å ³èå å®¹ ç¸å ³æç« å½å®¶é¨å§ç½ç« ççº§æ¿åºç½ç« çä¼ï¼å¯ççº§ï¼åå¸ç½ç« çå å°çº§ä»¥ä¸å¸å·ç½ç« æ¬å¸æ¿åºç½ç« * [å¤äº¤é¨](https://www.fmprc.gov.cn/web/) * [å½é²é¨](http://www.mod.gov.cn/) * [å½å®¶åå±åæ¹é©å§åä¼](https://www.ndrc.gov.cn/) * [æè²é¨](http://www.moe.gov.cn/) * [ç§å­¦ææ¯é¨](https://www.most.gov.cn/index.html) * [å·¥ä¸åä¿¡æ¯åé¨](https://www.miit.gov.cn/) * [å½å®¶æ°æäºå¡å§åä¼](https://www.neac.gov.cn/) * [å ¬å®é¨](https://www.mps.gov.cn/) * å½å®¶å®å ¨é¨ * [æ°æ¿é¨](https://www.mca.gov.cn/) * [å¸æ³é¨](http://www.moj.gov.cn/) * [è´¢æ¿é¨](http://www.mof.gov.cn/index.htm) * [äººåèµæºåç¤¾ä¼ä¿éé¨](http://www.mohrss.gov.cn/) * [èªç¶èµæºé¨](https://www.mnr.gov.cn/) * [çæç¯å¢é¨](https://www.mee.gov.cn/) * [ä½æ¿ååä¹¡å»ºè®¾é¨](https://www.mohurd.gov.cn/) * [äº¤éè¿è¾é¨](https://www.mot.gov.cn/) * [æ°´å©é¨](http://www.mwr.gov.cn/) * [åä¸åæé¨](http://www.moa.gov.cn/) * [åå¡é¨](http://www.mofcom.gov.cn/) * [æååæ æ¸¸é¨](https://www.mct.gov.cn/) * [å½å®¶å«çå¥åº·å§åä¼](http://www.nhc.gov.cn/) * [éå½¹åäººäºå¡é¨](http://www.mva.gov.cn/) * [åºæ¥ç®¡çé¨](https://www.mem.gov.cn/) * [ä¸­å½äººæ°é¶è¡](http://www.pbc.gov.cn/) * [å®¡è®¡ç½²](https://www.audit.gov.cn/) * [å½å®¶è¯­è¨æå­å·¥ä½å§åä¼](http://www.moe.gov.cn/jyb_sy/China_Language/) * [å½å®¶èªå¤©å±](http://www.cnsa.gov.cn/) * [å½å®¶åå­è½æºæ](http://www.caea.gov.cn/) * å½å®¶å¤å½ä¸å®¶å± * å½å®¶æµ·æ´å± * [å½å®¶æ ¸å®å ¨å±](https://nnsa.mee.gov.cn/) * å½å®¶ä¹¡ææ¯å ´å± * [å½å¡é¢å½æèµäº§çç£ç®¡çå§åä¼](http://www.sasac.gov.cn/) * [æµ·å ³æ»ç½²](http://www.customs.gov.cn/) * [å½å®¶ç¨å¡æ»å±](http://www.chinatax.gov.cn/) * [å½å®¶å¸åºçç£ç®¡çæ»å±](https://www.samr.gov.cn/) * [å½å®¶éèçç£ç®¡çæ»å±](https://www.nfra.gov.cn/cn/view/pages/index/index.html) * [ä¸­å½è¯å¸çç£ç®¡çå§åä¼](http://www.csrc.gov.cn/) * [å½å®¶å¹¿æ­çµè§æ»å±](http://www.nrta.gov.cn/) * [å½å®¶ä½è²æ»å±](https://www.sport.gov.cn/) * [å½å®¶ä¿¡è®¿å±](https://www.gjxfj.gov.cn/gjxfj/index.htm) * [å½å®¶ç»è®¡å±](http://www.stats.gov.cn/) * [å½å®¶ç¥è¯äº§æå±](https://www.cnipa.gov.cn/) * [å½å®¶å½é åå±åä½ç½²](http://www.cidca.gov.cn/) * [å½å®¶å»çä¿éå±](http://www.nhsa.gov.cn/) * [å½å¡é¢åäºå®¤](http://www.counsellor.gov.cn/) * [å½å®¶æºå ³äºå¡ç®¡çå±](http://www.ggj.gov.cn/) * å½å®¶ååæ­å± * [å½å®¶è®¤è¯è®¤å¯çç£ç®¡çå§åä¼](http://www.cnca.gov.cn/) * [å½å®¶æ ååç®¡çå§åä¼](http://www.sac.gov.cn/) * [å½å®¶æ°é»åºçç½²](https://www.nppa.gov.cn/) * [å½å®¶å®æäºå¡å±](https://www.sara.gov.cn/) * [å½å¡é¢ç ç©¶å®¤](https://www.gov.cn/guoqing/2018-06/22/content_5300522.htm) * [å½å¡é¢ä¾¨å¡åå ¬å®¤](https://www.gqb.gov.cn/) * [å½å¡é¢æ¸¯æ¾³äºå¡åå ¬å®¤](https://www.hmo.gov.cn/) * [å½å¡é¢å°æ¹¾äºå¡åå ¬å®¤](http://www.gwytb.gov.cn/) * [å½å®¶äºèç½ä¿¡æ¯åå ¬å®¤](http://www.cac.gov.cn/) * [å½å¡é¢æ°é»åå ¬å®¤](http://www.scio.gov.cn/index.htm) * [æ°åéè®¯ç¤¾](http://www.news.cn/xinhuashe/) * [ä¸­å½ç§å­¦é¢](https://www.cas.cn/) * [ä¸­å½ç¤¾ä¼ç§å­¦é¢](http://www.cass.cn/) * [ä¸­å½å·¥ç¨é¢](https://www.cae.cn/) * [å½å¡é¢åå±ç ç©¶ä¸­å¿](https://www.drc.gov.cn/default.aspx) * ä¸­å¤®å¹¿æ­çµè§æ»å° * [ä¸­å½æ°è±¡å±](https://www.cma.gov.cn/) * [å½å®¶è¡æ¿å­¦é¢](https://www.ccps.gov.cn/) * [å½å®¶ç²®é£åç©èµå¨å¤å±](http://www.lswz.gov.cn/) * [å½å®¶è½æºå±](http://www.nea.gov.cn/) * å½å®¶æ°æ®å± * [å½å®¶å½é²ç§æå·¥ä¸å±](http://www.sastind.gov.cn/) * [å½å®¶çèä¸åå±](http://www.tobacco.gov.cn/gjyc/index.shtml) * [å½å®¶ç§»æ°ç®¡çå±](https://www.nia.gov.cn/) * [å½å®¶æä¸åèåå±](http://www.forestry.gov.cn/) * [å½å®¶éè·¯å±](https://www.nra.gov.cn/) * [ä¸­å½æ°ç¨èªç©ºå±](http://www.caac.gov.cn/index.html) * [å½å®¶é®æ¿å±](https://www.spb.gov.cn/) * [å½å®¶æç©å±](http://www.ncha.gov.cn/) * [å½å®¶ä¸­å»è¯ç®¡çå±](http://www.natcm.gov.cn/) * [å½å®¶ç¾ç é¢é²æ§å¶å±](https://www.ndcpa.gov.cn/) * [å½å®¶ç¿å±±å®å ¨çå¯å±](https://www.chinamine-safety.gov.cn/) * [å½å®¶æ¶é²ææ´å±](https://www.119.gov.cn/) * [å½å®¶å¤æ±ç®¡çå±](http://www.safe.gov.cn/) * [å½å®¶è¯åçç£ç®¡çå±](https://www.nmpa.gov.cn/) * [åäº¬](http://www.beijing.gov.cn/) * [å¤©æ´¥](http://www.tj.gov.cn/) * [æ²³å](http://www.hebei.gov.cn/) * [å±±è¥¿](http://www.shanxi.gov.cn/) * [å èå¤](http://www.nmg.gov.cn/) * [è¾½å®](http://www.ln.gov.cn) * [åæ](http://www.jl.gov.cn) * [é»é¾æ±](http://www.hlj.gov.cn) * [ä¸æµ·](http://www.shanghai.gov.cn/) * [æ±è](http://www.jiangsu.gov.cn/) * [æµæ±](http://www.zj.gov.cn) * [å®å¾½](http://www.ah.gov.cn/) * [ç¦å»º](http://www.fujian.gov.cn) * [æ±è¥¿](http://www.jiangxi.gov.cn) * [å±±ä¸](http://www.shandong.gov.cn/) * [æ²³å](http://www.henan.gov.cn/) * [æ¹å](http://www.hubei.gov.cn/) * [æ¹å](http://www.hunan.gov.cn/) * [å¹¿ä¸](http://www.gd.gov.cn/) * [å¹¿è¥¿](http://www.gxzf.gov.cn/) * [æµ·å](http://www.hainan.gov.cn/) * [éåº](http://www.cq.gov.cn/) * [åå·](http://www.sc.gov.cn) * [è´µå·](http://www.guizhou.gov.cn/) * [äºå](http://www.yn.gov.cn/) * [è¥¿è](http://www.xizang.gov.cn/) * [éè¥¿](http://www.shaanxi.gov.cn/) * [çè](http://www.gansu.gov.cn/) * [éæµ·](http://www.qinghai.gov.cn/) * [å®å¤](http://www.nx.gov.cn/) * [æ°ç](http://www.xinjiang.gov.cn/) * [é¦æ¸¯](http://www.gov.hk/) * [æ¾³é¨](http://www.gov.mo/) * å°æ¹¾ * [æ°ççäº§å»ºè®¾å µå¢](http://www.xjbt.gov.cn/) * [ç³å®¶åº](http://www.sjz.gov.cn/) * [å¤ªå](http://www.taiyuan.gov.cn/) * [å¼åæµ©ç¹](http://www.huhhot.gov.cn/) * [åå°æ»¨](http://www.harbin.gov.cn/) * [é¿æ¥](http://www.changchun.gov.cn/) * [æ²é³](http://www.shenyang.gov.cn/) * [åäº¬](http://www.nanjing.gov.cn/) * [æ­å·](http://www.hangzhou.gov.cn/) * [åè¥](http://www.hefei.gov.cn/) * [ç¦å·](http://www.fuzhou.gov.cn/) * [åæ](http://www.nc.gov.cn/) * [æµå](http://www.jinan.gov.cn/) * [éå·](http://www.zhengzhou.gov.cn/) * [æ­¦æ±](https://www.wuhan.gov.cn/) * [é¿æ²](http://www.changsha.gov.cn/) * [å¹¿å·](http://www.gz.gov.cn/) * [åå®](http://www.nanning.gov.cn/) * [æµ·å£](http://www.haikou.gov.cn/) * [æé½](http://www.chengdu.gov.cn/) * [è´µé³](http://www.guiyang.gov.cn/) * [ææ](http://www.km.gov.cn/) * [è¥¿å®](http://www.xa.gov.cn/) * [å °å·](http://www.lanzhou.gov.cn/) * [é¶å·](http://www.yinchuan.gov.cn/) * [è¥¿å®](http://www.xining.gov.cn/) * [ä¹é²æ¨é½](http://www.urumqi.gov.cn/) * [æè¨](http://www.lasa.gov.cn/) * [æ·±å³](http://www.sz.gov.cn/) * [éå²](http://www.qingdao.gov.cn/) * [å¤§è¿](http://www.dl.gov.cn/) * [å®æ³¢](http://www.ningbo.gov.cn/) * [å¦é¨](http://www.xm.gov.cn/) * [æ­¦æ±å¸](https://www.wuhan.gov.cn/) * [è¥é³å¸](http://www.xiangyang.gov.cn/wzsy/) * [å®æå¸](http://www.yichang.gov.cn/) * [é»ç³å¸](http://www.huangshi.gov.cn/) * [åå °å¸](http://www.shiyan.gov.cn/) * [èå·å¸](http://www.jingzhou.gov.cn/) * [èé¨å¸](http://www.jingmen.gov.cn/) * [éå·å¸](http://www.ezhou.gov.cn/) * [å­æå¸](http://www.xiaogan.gov.cn/) * [é»åå¸](http://www.hg.gov.cn/) * [å¸å®å¸](http://www.xianning.gov.cn/) * [éå·å¸](http://www.suizhou.gov.cn/) * [æ©æ½å·](http://www.enshi.gov.cn/) * [ä»æ¡å¸](http://www.xiantao.gov.cn) * [å¤©é¨å¸](http://www.tianmen.gov.cn) * [æ½æ±å¸](http://www.hbqj.gov.cn) * [ç¥åæ¶æåº](http://www.snj.gov.cn/) * [ä¸æ¹æ°ææ¯å¼ååºç®¡å§ä¼](https://www.wehdz.gov.cn/ ""ä¸æ¹æ°ææ¯å¼ååºç®¡å§ä¼"") * [æ­¦æ±é¿æ±æ°åºç®¡å§ä¼](http://www.whcjxq.gov.cn ""æ­¦æ±é¿æ±æ°åºç®¡å§ä¼"") * [æ­¦æ±ç»æµææ¯å¼ååºç®¡å§ä¼](https://www.whkfq.gov.cn/ ""æ­¦æ±ç»æµææ¯å¼ååºç®¡å§ä¼"") * [ä¸æ¹çææ æ¸¸é£æ¯åºç®¡å§ä¼](https://www.whdonghu.gov.cn/ ""ä¸æ¹çææ æ¸¸é£æ¯åºç®¡å§ä¼"") * [æ­¦æ±ä¸´ç©ºæ¸¯ç»æµææ¯å¼ååºç®¡å§ä¼](https://www.dxh.gov.cn/ ""æ­¦æ±ä¸´ç©ºæ¸¯ç»æµææ¯å¼ååºç®¡å§ä¼"") * [æ±å²¸åº](https://www.jiangan.gov.cn/ ""æ±å²¸åº"") * [æ±æ±åº](https://www.jianghan.gov.cn ""æ±æ±åº"") * [ç¡å£åº](https://www.qiaokou.gov.cn/ ""ç¡å£åº"") * [æ±é³åº](https://www.hanyang.gov.cn/ ""æ±é³åº"") * [æ­¦æåº](https://www.wuchang.gov.cn/ ""æ­¦æåº"") * [éå±±åº](https://www.qingshan.gov.cn/ ""éå±±åº"") * [æ´ªå±±åº](https://www.hongshan.gov.cn/ ""æ´ªå±±åº"") * [è¡ç¸åº](https://www.caidian.gov.cn/ ""è¡ç¸åº"") * [æ±å¤åº](https://www.jiangxia.gov.cn/ ""æ±å¤åº"") * [é»éåº](https://www.huangpi.gov.cn/ ""é»éåº"") * [æ°æ´²åº](https://www.whxinzhou.gov.cn ""æ°æ´²åº"") * * * [å¸åæ¹å§](http://fgw.wuhan.gov.cn/ ""å¸åæ¹å§"") * [å¸æè²å±](http://jyj.wuhan.gov.cn ""å¸æè²å±"") * [å¸ç§æåæ°å±](http://kjj.wuhan.gov.cn/ ""å¸ç§æåæ°å±"") * [å¸ç»ä¿¡å±](http://jxj.wuhan.gov.cn/ ""å¸ç»ä¿¡å±"") * [å¸æ°å®å§](http://mzw.wuhan.gov.cn ""å¸æ°å®å§"") * [å¸å ¬å®å±](http://gaj.wuhan.gov.cn ""å¸å ¬å®å±"") * [å¸æ°æ¿å±](http://mzj.wuhan.gov.cn ""å¸æ°æ¿å±"") * [å¸å¸æ³å±](http://sfj.wuhan.gov.cn ""å¸å¸æ³å±"") * [å¸è´¢æ¿å±](http://czj.wuhan.gov.cn ""å¸è´¢æ¿å±"") * [å¸äººç¤¾å±](http://rsj.wuhan.gov.cn ""å¸äººç¤¾å±"") * [å¸èªç¶èµæºååä¹¡å»ºè®¾å±](http://zrzyhgh.wuhan.gov.cn/ ""å¸èªç¶èµæºååä¹¡å»ºè®¾å±"") * [å¸çæç¯å¢å±](http://hbj.wuhan.gov.cn ""å¸çæç¯å¢å±"") * [å¸åç®¡æ§æ³å§](http://cgw.wuhan.gov.cn ""å¸åç®¡æ§æ³å§"") * [å¸äº¤éè¿è¾å±](http://jtj.wuhan.gov.cn ""å¸äº¤éè¿è¾å±"") * [å¸æ°´å¡å±](http://swj.wuhan.gov.cn ""å¸æ°´å¡å±"") * [å¸åä¸åæå±](http://nyncj.wuhan.gov.cn/ ""å¸åä¸åæå±"") * [å¸åå¡å±](http://sw.wuhan.gov.cn ""å¸åå¡å±"") * [å¸ææ å±](http://wlj.wuhan.gov.cn ""å¸ææ å±"") * [å¸å«çå¥åº·å§](http://wjw.wuhan.gov.cn ""å¸å«çå¥åº·å§"") * [å¸éå½¹åäººäºå¡å±](http://va.wuhan.gov.cn/ ""å¸éå½¹åäººäºå¡å±"") * [å¸åºæ¥å±](http://yjj.wuhan.gov.cn/ ""å¸åºæ¥å±"") * [å¸å®¡è®¡å±](http://sjj.wuhan.gov.cn ""å¸å®¡è®¡å±"") * [å¸æ¿åºå½èµå§](http://gzw.wuhan.gov.cn ""å¸æ¿åºå½èµå§"") * [å¸ä½æ¿ååå¸æ´æ°å±](https://zgj.wuhan.gov.cn/ ""å¸ä½æ¿ååå¸æ´æ°å±"") * [å¸å¸åºçç®¡å±](http://scjgj.wuhan.gov.cn/ ""å¸å¸åºçç®¡å±"") * [å¸ä½è²å±](http://tyj.wuhan.gov.cn ""å¸ä½è²å±"") * [å¸ç»è®¡å±](http://tjj.wuhan.gov.cn/ ""å¸ç»è®¡å±"") * [å¸å­ææä¸å±](http://ylj.wuhan.gov.cn ""å¸å­ææä¸å±"") * [å¸å»ä¿å±](http://ybj.wuhan.gov.cn/ ""å¸å»ä¿å±"") * [å¸å½å¨å](http://gdb.wuhan.gov.cn/ ""å¸å½å¨å"") * [å¸å§éèå](http://jrj.wuhan.gov.cn ""å¸å§éèå"") * [å¸ä¿¡è®¿å±](https://xfj.wuhan.gov.cn/ ""å¸ä¿¡è®¿å±"") * [å¸æ°æ®å±](http://home.wuhan.gov.cn/ ""å¸æ°æ®å±"") * [å¸æèµä¿è¿å±](https://tc.wuhan.gov.cn/ ""å¸æèµä¿è¿å±"") * [å¸æºå ³äºå¡å±](http://jgswgl.wuhan.gov.cn ""å¸æºå ³äºå¡å±"") * [å¸å°æ¹å¿å](http://dfz.wuhan.gov.cn ""å¸å°æ¹å¿å"") * [æ­¦æ±å ¬ç§¯éä¸­å¿](http://gjj.wuhan.gov.cn ""æ­¦æ±å ¬ç§¯éä¸­å¿"") * [å¸ä¾éç¤¾](http://gxs.wuhan.gov.cn ""å¸ä¾éç¤¾"") * [ç½ç«å°å¾](https://www.wuhan.gov.cn/sy/wzdt/) ç½é¡µçº é [éç§å£°æ](//www.wuhan.gov.cn/sy/qt/202211/t20221114_2093617.shtml) æ¿åºç½ç«æ è¯ç ï¼4201000003 [éICPå¤19014536å·-2](https://beian.miit.gov.cn) [ éå ¬ç½å®å¤ 42010202000792å· ](http://www.beian.gov.cn/portal/registerSystemInfo?recordcode=42010202000792) æ­¦æ±å¸äººæ°æ¿åºä¸»å æ­¦æ±å¸æ°æ®å±æ¿å æ­¦æ±å¸æ°ç­çº¿ï¼027-12345 * [ ](https://www.creditchina.gov.cn/) [ ](https://credit.hubei.gov.cn/) [ ](https://credit.wuhan.gov.cn/) * [ ](http://bszs.conac.cn/sitename?method=show&id=0BF64018C25127F6E053022819AC407F) æ­¦æ±å¸äººæ°æ¿åº",,,,,,,基于公开网页资料自动抽取，导入知识库前请人工复核。提取通道=direct；quality_score=0.551。,关于印发《武汉市大专院校、科研单位、中学实验室剧毒化学品、易制爆危险化学品储存与使用管理规范》的通知 | https://www.wuhan.gov.cn/gwfbpt/sbm/sgaj_79493/202403/t20240313_2372418.shtml,网页,关于印发《武汉市大专院校、科研单位、中学实验室剧毒化学品、易制爆危险化学品储存与使用管理规范》的通知,武汉市人民政府/武汉市公安局,,2024-03-08,https://www.wuhan.gov.cn/gwfbpt/sbm/sgaj_79493/202403/t20240313_2372418.shtml,2026-04-27,,draft,剧毒化学品;易制爆危险化学品;储存;使用;高校;科研单位,zh-CN
WEBX-031-001,宜春学院实验室危险化学品、易制毒化学品管理办法,化学,危化品管理,化学,5,危化品;综合安全,高校实验室危险化学品和易制毒化学品采购使用审批有哪些要求,高校实验室危险化学品和易制毒化学品采购使用审批有哪些要求,"--- | | * [网站首页](/_s118/main.psp ""网站首页"") __ * [中心简介](/4093/list.htm ""中心简介"") __ * [中心要闻](/4094/list.htm ""中心要闻"") __ * [党建专栏](/4099/list.htm ""党建专栏"") __ * [实验教学](/4095/list.htm ""实验教学"") __ * [实验室建设](/4096/list.htm ""实验室建设"") __ * [实验室安全](/4098/list.htm ""实验室安全"") __ * [政策法规](/4097/list.htm ""政策法规"") __ * [办事指南](/4100/list.htm ""办事指南"") __ * [资源下载](/4101/list.htm ""资源下载"") __ * [主任信箱](/4102/list.htm ""主任信箱"") __ | ---|---|--- ### 资源下载 * 您现在的位置：[首页](/main.htm) [资源下载](/4101/list.htm) # 宜春学院实验室危险化学品、易制毒化学品管理办法 文章来源：宜春学院实验室管理中心 发布时间：2024-06-19 # 宜春学院实验室危险化学品、易制毒化学品管理办法 ## **第一章********总********则** 第一条 为进一步规范和加强实验室危险化学品、易制毒化学品的安全管理，严防事故发生，维护学校师生员工生命财产安全，保障教学、科研工作的正常有序进行，根据《危险化学品安全管理条例》（国务院令2013年第645号）、《易制毒化学品管理条例》（国务院令2016年666号）以及公安部门的相关规定，结合学校实际情况，制定本办法。 第二条 本办法所称实验室危险化学品，是指在教学、科研实验活动中涉及的具有毒害、腐蚀、爆炸、燃烧、助燃等性质，对人体、设施、环境具有危害的化学品，具体参照国家公布的危险化学品目录最新版本。 易制毒化学品是指根据国务院《易制毒化学品管理条例》规定的三类制毒化学品，以及国家确定和公布的其他易制毒化学品。第一类是可以用于制毒的主要原料，第二类、第三类是可以用于制毒的化学配剂。具体详见附表《易制毒化学品的分类和品种目录》。 第三条 凡涉及购买、储存、使用和销毁危险化学品、易制毒化学品的单位和个人要高度重视实验室危险化学品、易制毒化学品的管理工作，必须严格遵守国家相关法规及本办法要求，落实主体责任，加大监管力度，对涉及实验室危险化学品、易制毒化学品管理的重点部位和薄弱环节进行重点排查，消除隐患，并制定有针对性的事故应急预案。 第四条 本办法适用于学校教学、科研实验所用危险化学品、易制毒化学品的安全监督与管理，包括采购、存储、使用和处置等全过程。 ## **第二章********管理体制** 第五条 实验室危险化学品、易制毒化学品的安全管理工作由学校实验室安全工作领导小组统一指导。实验室管理中心是学校危险化学品、易制毒化学品管理的主管职能部门，各院具体负责本单位实验室所涉及的危险化学品、易制毒化学品的安全管理。 第六条 各部门主要职责。 （一）实验室管理中心主要负责对实验室危险化学品、易制毒化学品全过程活动进行协调、监督、检查；制定并完善采购、保管、使用、处置等各个环节的规章细则；审批实验室危险化学品、易制毒化学品的购买申请。 （二）各涉及危险化学品、易制毒化学品的院应做好危险化学品、易制毒化学品的库房管理；实验室危险化学品、易制毒化学品各类许可证的办理与采购；做好危险化学品、易制毒化学品的申购审核及使用场所认定等工作。 第七条 各院院长、书记是本单位危险化学品、易制毒化学品安全管理工作的第一责任人，主管实验室安全工作的院领导是主要责任人，其职责是： （一）逐级完善安全责任制，层层落实安全责任人。 （二）宣传、贯彻、执行国家和学校有关危险化学品、易制毒化学品安全管理的法规、制度。 （三）制定本单位危险化学品、易制毒化学品管理制度（含事故应急预案）和操作规范。 （四）设定专职管理员负责危险化学品、易制毒化学品日常管理工作，指定专人负责本单位非国家管控危险化学品的采购工作。 （五）定期组织开展关于危险化学品、易制毒化学品安全的培训、讲座，提高全体人员的安全意识和操作水平。 （六）全面了解掌握本单位危险化学品、易制毒化学品的详细台账，做到账、物一致。 （七）监督本单位各实验室危险化学品、易制毒化学品安全管理工作。 第八条 各实验室负责人是本实验室危险化学品、易制毒化学品安全管理的直接责任人，其职责是： （一）根据实验室实际情况制定本实验室危险化学品、易制毒化学品的管理制度和操作规程，并严格执行。 （二）编写本实验室所涉及危险化学品、易制毒化学品的安全技术说明书。 （三）对本实验室危险化学品、易制毒化学品进行管理。 （四）制定有针对性的危险化学品、易制毒化学品事故处理应急措施或预案。 （五）组织进入实验室的师生开展有针对性的安全教育、学习、培训活动。 第九条 全校涉及危险化学品、易制毒化学品实验的单位或个人，应同时接受上级环保、卫生和公安等行政主管部门的监督与检查。 ## **第三章********采购及领用** 第十条 危险化学品、易制毒化学品等国家认定的管制化学品采购，按照公安机关要求实行申购审批制度。由实验室管理中心和所涉及院统一协调申购有关事宜，任何单位和个人不得自行采购。 （一）购买剧毒化学品、易制毒化学品和易爆化学品的，由实验室负责人和所在院审核，由实验室管理中心审批。 （二）购买危险化学品、易制毒化学品需填写《危险化学品、易制毒化学品购买申请表》，履行相关审核、审批程序后，方可购买。 第十一条 危险化学品、易制毒化学品必须向有销售资质的供应商购买、并委托有资质的运输企业运输。禁止随身携带危险化学品乘坐公共交通工具。 第十二条 所有实验用危险化学品、易制毒化学品必须在实验室管理中心、保卫处、资产处进行登记。 第十三条 危险化学品、易制毒化学品发放、领用管理。 （一）危险化学品、易制毒化学品管理人员须经过培训方可上岗，须严格遵守出入库管理制度。 （二）危险化学品、易制毒化学品的领用应遵循“即领即用”和“用多少领多少”的原则，严禁在实验室超量储存。 （三）危险化学品、易制毒化学品发放必须进行登记，如实记录发放日期、数量、领用单位、领用人等信息。 第十四条 严禁任何实验室或个人私自接收校内外单位出售或赠送的危险化学品、易制毒化学品；严禁向校内外任何单位或个人出售或赠送危险化学品、易制毒化学品。 ## **第四章********存放与保管** 第十五条 危险化学品、易制毒化学品应按有关安全规定存放在条件完备的专用库房、专用场地或专用储存室（柜）内，根据危险物品的种类和性质，设置相应的通风、防爆、防漏、泄压、防火、防雷、报警、灭火、防晒、调湿、消除静电、防护围堤等安全设施，并设专人管理。 第十六条 储存危险化学品、易制毒化学品的库房须设置明显标志，严禁吸烟和使用明火，并根据《中华人民共和国消防法》的规定，配备消防器材以及监控、急救、报警等必要的安全设施。 第十七条 药品库内的危险化学品、易制毒化学品储存管理必须符合国家相关法规要求。 （一）应当分类存放，避免因容器破损引发化学反应而导致事故发生。 （二）通道应达到规定的安全距离，不得超量储存。 （三）对于遇火、遇潮易燃烧、爆炸、产生有毒气体的危险化学品，不得在露天、潮湿、漏雨和低洼容易积水地点存放。 （四）对于受阳光照射易燃烧、爆炸或产生有毒气体的危险化学品，桶装、罐装等易燃液体、气体，应存放在阴凉通风处。 （五）化学性质或防火、灭火方法相互抵触的危险化学品，不得在同一库房存放。 第十八条 剧毒化学品应存放在剧毒化学品专用库房内的储存保险柜。剧毒化学品库房严格按公安部门的要求进行管理，配备专用储存设备和防盗报警装置。 第十九条 剧毒化学品、第一类易制毒化学品必须严格遵守“五双”制度，即双人保管、双人双锁、双人收发、双人领退、双人使用。做到“四无一保”，即无被盗、无事故、无丢失、无违章、保安全。 第二十条 使用剧毒化学品的实验室必须设剧毒化学品临时储存保险柜，用于存放当天领用的剧毒化学品，剧毒化学品严禁在实验室过夜。任何人不得携带剧毒化学品擅自离开存放地点或使用场所。 第二十一条 加强实验室内危险化学品、易制毒化学品的存放管理。各实验室严禁在实验室内长期囤积超量危险化学品、易制毒化学品；对于少量的未用完药品，须分类分项存放，保持通风、远离热源和火源，并指定专人管理。 ## **第五章********使********用** 第二十二条 设计实验时，在能够达到实验目的的前提下，应尽量不使用或少使用剧毒化学品、第一类易制毒化学品等特殊危险化学品，以减少安全隐患。 第二十三条 使用危险化学品、易制毒化学品应及时、如实对使用人、用途、用量等信息进行登记，确保台账明晰、准确。 第二十四条 使用易制毒化学品、剧毒化学品的实验室必须配备相应的应急物品（如呼吸器、解毒药品、特殊灭火器材等），并做好应急防范措施。 第二十五条 实验人员必须按照国家和学校相关规定安全开展实验。 （一）严格执行危险化学品、易制毒化学品安全管理各项规定，做到安全使用、安全操作。 （二）学生在使用危险化学品、易制毒化学品前，教师应指导学生查阅化学品安全技术说明书，详细讲授安全操作方法及有关防护知识。 （三）使用剧毒化学品、易爆化学品时，操作过程中必须有两人同时在场方可进行，严格遵守操作规程。学生使用剧毒化学品时，指导教师必须在场。 （四）使用危险化学品、易制毒化学品必须及时填写使用记录。剧毒化学品、第一类易制毒化学品等特殊危险化学品须逐次逐条双人记录，一般危险化学品、第二、三类易制毒化学品须逐次逐条记录。 第二十六条 实验室使用剧毒化学品时，必须一次全部消耗或反应完毕，做好实验记录并备案。实验过程要精确计量和核查危险化学品、易制毒化学品用量，防止被盗、丢失、误领、误用。如发现问题应立即报告保卫处、实验室管理中心和当地公安部门。 ## **第六章********废弃物处置** 第二十七条 各实验室使用危险化学品、易制毒化学品过程中产生的废气、废液、废渣、粉尘首先应回收综合利用。无法自行处置的固体、液体废弃物，应经过基础净化处理，按照国家和学校相关规定规范分类暂存。 第二十八条 各院（系）应派专人负责收集本单位的实验危化废弃物，并委托具有危险废弃物处置资质的企业统一收集处理。 第二十九条 严禁将实验产生的危险化学品残渣、废液倒入垃圾箱或下水管道；严禁将危险化学品废弃物在室外随意堆放；严禁将实验产生的危险化学品、易制毒化学品的废物乱倒、乱放或随意丢弃。 第三十条 销毁处理存放过久、失效变质、报废的危险化学品、易制毒化学品，必须经学校相关部门批准，采取严密措施，并依法委托有资质的单位妥善处置。 第三十一条 **** 危险化学品废弃物的暂存、运送和处置，要严格执行《宜春学院实验废弃物处置实施细则》，不得非法转移和运送。 ## **第七章********事故应急及责任追究** 第三十二条 各涉及危险化学品、易制毒化学品的教学院及实验室应制定本单位的事故应急救援预案，配备必要的应急救援器材、设备，并定期组织培训演练。剧毒化学品事故应急救援预案应报实验室管理中心、保卫处备案。 第三十三条 发生危险化学品、易制毒化学品事故，各院、实验室主要负责人应按照预定应急救援预案立即采取措施组织救援，防止事故蔓延、扩大，并立即报告学校安全稳定工作领导小组、保卫处和实验室管理中心。 第三十四条 违反本办法规定，造成重大安全隐患或重大安全事故的单位和个人，依照国家相关法规和学校有关规定给予相应处理；构成犯罪的，交由司法机关进行处置。 ## **第八章********附********则** 第三十五条 本办法未尽事宜，按照国家、学校有关法律法规执行。 **第三十六条****** 本办法由实验室管理中心负责解释。 **第三十七条****** 本办法自印发之日起施行。 【[关闭窗口](javascript:window.close\(\);)】 --- Copyright 2023-2025 宜春学院实验室管理中心 All Rights Reserved. 地址:江西省宜春市学府路576号 邮编:336000 ---",,,,,,,基于公开网页资料自动抽取，导入知识库前请人工复核。提取通道=direct；quality_score=0.6587。,宜春学院实验室危险化学品、易制毒化学品管理办法 | https://sysglzx.jxycu.edu.cn/2024/0619/c4101a129320/page.htm,网页,宜春学院实验室危险化学品、易制毒化学品管理办法,宜春学院实验室管理中心,,2024-06-19,https://sysglzx.jxycu.edu.cn/2024/0619/c4101a129320/page.htm,2026-04-27,,draft,危险化学品;易制毒化学品;采购审批;台账;高校,zh-CN
WEBX-032-001,易制毒、易制爆、危险化学品管理规章制度,化学,危化品管理,化学,5,危化品;危废,易制毒易制爆危险化学品丢失事故隐患和废弃物如何管理,易制毒易制爆危险化学品丢失事故隐患和废弃物如何管理,"[]() [ç¦å»ºå¸èå¤§å­¦å®ç½](http://www.fjnu.edu.cn/) | * [å­¦é¢é¦é¡µ](http://chem.fjnu.edu.cn) * [å­¦é¢æ¦åµ](/2264/list.htm) * [å­¦é¢ç®ä»](/2265/list.htm) * [ç°ä»»é¢å¯¼](/xyld_11013/list.htm) * [åä»»é¢å¯¼](/lrld/list.htm) * [æºæè®¾ç½®](/2266/list.htm) * [å­¦é¢æºæ](/xzzz/list.htm) * [å­¦æ¯ç»ç»](/xszz/list.htm) * [è§ç« å¶åº¦](/gzzd/list.htm) * [è£èªç§°å·](/rych/list.htm) * [å¸èµéä¼](/2267/list.htm) * [æå¸åå](/zrjsmd/list.htm) * [å¯¼å¸ä»ç»](/txry/list.htm) * [äººæè®¡å](/12786/list.htm) * [åå£«çãç¡å£«çå¯¼å¸](/12787/list.htm) * [å è£éä¼](/grtx/list.htm) * [æ¬ç§æè²](/2293/list.htm) * [éç¥å ¬å](/tzfb/list.htm) * [ä¸ä¸å»ºè®¾](/zyjs/list.htm) * [åå­¦æ¡ä»¶](/jxpt/list.htm) * [é«å±æ¬¡æè²](/12728/list.htm) * [åå£«åæµå¨ç«](/bshldz/list.htm) * [æµå¨ç«ç®ä»](/ldzjj_16942/list.htm) * [è§ç« å¶åº¦](/ldzjj/list.htm) * [åå£«åé£é](/bshfc/list.htm) * [åå£«ç¹](/12789/list.htm) * [åå£«ç¹ç®ä»](/bsd/list.htm) * [å¶åº¦åæ³](/12804/list.htm) * [ç¡å£«ç¹](/ssd_12800/list.htm) * [ç¡å£«ç¹ç®ä»](/ssd/list.htm) * [ç¡å£«æç](/sszs/list.htm) * [éç¥å ¬ç¤º](/tz/list.htm) * [å¶åº¦åæ³](/zdbf/list.htm) * [å½é å](/12790/list.htm) * [è£èªå¢](/ryq/list.htm) * [ç§ç ææ](/12810/list.htm) * [ä¼ç§ä»£è¡¨](/12812/list.htm) * [ä¸è½½ä¸­å¿](/xgxz/list.htm) * [ç§å­¦ç ç©¶](/2275/list.htm) * [ç§ç å¨æ](/xsdt/list.htm) * [å­¦æ¯äº¤æµ](/xsjl/list.htm) * [åæ°å¢é](/kytd/list.htm) * [å¤å­ææ](/dkclxjtd/list.htm) * [ä¿¡æ¯ææä¸å¨ä»¶ææ¯](/xxclyqjjscxtd/list.htm) * [å¤©ç¶é«åå­ææ](/trgfzclyjtd/list.htm) * [é«åå­å»ç¨æ·æ](/zxgfzclyjtd/list.htm) * [ç»¿è²ä¸è½æºå¬å](/lsynychyjtd/list.htm) * [éå±ææºåºæç¦»å­å­¦](/jsyjgtlzx/list.htm) * [çç©å»ç¨ä¸è¯ç©æ§é](/swyyclyywkstd/list.htm) * [å¾®ä»å­ææåç»¿è²å¬å](/wjkclhlschtdjj/list.htm) * [çç©åå·¥ä¸çç©ææ](/fschgctd/list.htm) * [ææºè¶ åå­åè½ææ](/yjcfzgncltd/list.htm) * [çé¢å·¥ç¨ä¸æµåå­¦](/jmgcylbxyjtd/list.htm) * [è½æºææè®¡ç®æ¨¡æç ç©¶](/nycljsmnyjtd/list.htm) * [å è¿å -çµè½æºææ](/xjgwdnycl/list.htm) * [å çµåæå¢é](/gnclyghxhc/list.htm) * [åè½ææä¸çç©å»å­¦å·¥...](/gndkclyswyxgc/list.htm) * [åå­¦æè²ç ç©¶æ](/hxjyyjs/list.htm) * [ç§ç å¹³å°](/kypt/list.htm) * [å å¢äººäº](/2307/list.htm) * [å­¦é¢å å»º](/dwgz/list.htm) * [å·¥ä¼å·¥ä½](/ghgz/list.htm) * [ç¦»éä¼å·¥ä½](/ltxgz/list.htm) * [å­¦å·¥å¨æ](/yjsgz/list.htm) * [æçå°±ä¸](/zsjy/list.htm) * [æ¬ç§çæç](/16356/list.htm) * [ç ç©¶çæç](/16357/list.htm) * [æ ¡åå¤©å°](/12730/list.htm) * [é¢åå¨æ](/xydt_10113/list.htm) * [ç¥åé¢å](/zmxy/list.htm) * [é¢ååå½](/yyml/list.htm) * [1909å±](/1909j/list.htm) * [1931å±-1940å±](/1931jw1940j/list.htm) * [1941å±-1950å±](/1941jw1950j/list.htm) * [1951å±-1960å±](/1951jw1960j/list.htm) * [1961å±-1970å±](/1961jw1970j/list.htm) * [1971å±-1980å±](/1971jw1980j/list.htm) * [1981å±-1990å±](/1981jw1990j/list.htm) * [1991å±-2000å±](/1991jw2000j/list.htm) * [2001å±-2010å±](/2001jw2010j/list.htm) * [2011å±-2020å±](/2011jw2018j/list.htm) * [2021å±-2030å±](/2021jw2030j/list.htm) * [åå£«å](/bsh/list.htm) [ç®¡çå ¥å£]()|[æ§çåé¡¾](https://fxy.fjnu.edu.cn/_t2475/main.htm) å½åä½ç½®: [é¦é¡µ](/main.htm) [åå·¥ç»¼åå½å®¶çº§å®éªæå­¦ç¤ºèä¸­å¿](/hgzhgjjsyjxsfzx/list.htm) [è§ç« å¶åº¦](/17267/list.htm) [å­¦é¢è§ç« å¶åº¦](/17280/list.htm) åå·¥ç»¼åå½å®¶çº§å®éªæå­¦ç¤ºèä¸­å¿ * [ä¸­å¿ç®ä»](/17265/list.htm ""ä¸­å¿ç®ä»"") * [å®éªæå­¦éä¼](/17266/list.htm ""å®éªæå­¦éä¼"") * [è§ç« å¶åº¦](/17267/list.htm ""è§ç« å¶åº¦"") * [ä»ªå¨è®¾å¤](/17268/list.htm ""ä»ªå¨è®¾å¤"") * [å®éªæå­¦](/17269/list.htm ""å®éªæå­¦"") * [ææç®ä»](/17270/list.htm ""ææç®ä»"") * [ç¤ºèä¸è¾å°](/17271/list.htm ""ç¤ºèä¸è¾å°"") * [å å»ºå·¥ä½](/17272/list.htm ""å å»ºå·¥ä½"") * [ä¸è½½ä¸åº](/17273/list.htm ""ä¸è½½ä¸åº"") # æå¶æ¯ãæå¶çãå±é©åå­¦åç®¡çè§ç« å¶åº¦ ### åå¸æ¶é´ï¼2023-06-20æµè§æ¬¡æ°ï¼6220 ï¼ä¸ï¼åå®éªå®¤é¡»å»ºç«å¥å ¨æå¶æ¯ãæå¶çããå±é©åå­¦åè´­ä¹°ãä½¿ç¨ãç®¡çæ¡£æ¡ã ï¼äºï¼å®éªå®¤æå¶æ¯ãæå¶çãå±é©åå­¦åå®è¡åäººåéç®¡çå¶åº¦ï¼é å¤ä¸ç¨å­æ¾æï¼ä¸¥æ ¼åºå ¥åºç»è®°å°è´¦ç®¡çæç»­ãæå¶æ¯ãæå¶çãå±é©åå­¦åç®¡çäººååºå®æçæ¥æå¶æ¯ãæå¶çãå±é©åå­¦åçåç§ãæ°éï¼åæ¶ä¸æ¥æ ¡åå ¬å®¤ãä¿å«å¤åå®éªå®¤å±é©åå­¦åç®¡çä¸­å¿å¤æ¡ã ï¼ä¸ï¼å®éªå®¤æå¶æ¯ãæå¶çãå±é©åå­¦ååªå è®¸ç¨äºæå­¦ãç§ç å®éªãä¸¥ç¦å°æå¶æ¯ãæå¶çãå±é©åå­¦åç§èªå¨å­ãè½¬è®©ãä¹°åã ï¼åï¼åç°æå¶æ¯ãæå¶çãå±é©åå­¦åä¸¢å¤±ãè¢«çæå®å ¨äºæ éæ£æ¶ï¼åºåæ¶ä¸æ¥æ ¡åå ¬å®¤ãä¿å«å¤åå®éªå®¤å±é©åå­¦åç®¡çä¸­å¿ç­æå ³é¨é¨ã ï¼äºï¼åå®éªå®¤çæå¶æ¯ãæå¶çãå±é©åå­¦åç®¡çäººåãå®éªå®¤è´è´£äººåä½¿ç¨æå¶æ¯ãæå¶çãå±é©åå­¦åå®éªäººåå¿ é¡»å ·å¤ç¸åºçç¥è¯åæè½ï¼åå¥½è¯¦ç»è®°å½ï¼è®°å½å å®¹å æ¬ä½¿ç¨æ¶é´ãä½¿ç¨äººãç¨éåç¨éï¼ï¼å¹¶å¤æ¡ã ï¼å ­ï¼æå¶æ¯ãæå¶çãå±é©åå­¦åä½¿ç¨åçåºæ¸£ãåºæ¶²ç­åºç©ï¼ç±åå®éªå®¤çæå¶æ¯ãæå¶çãå±é©åå­¦åç®¡çäººåæç §ç¯ä¿è¦æ±è¿è¡å¤çï¼ä¸å¾ç§èªä¹±åï¼æ±¡æç¯å¢ã ï¼ä¸ï¼æªæå­¦æ ¡è§å®è´­ç½®ãä½¿ç¨åä¿ç®¡æå¶æ¯ãæå¶çãå±é©åå­¦ååçå®å ¨äºæ çï¼å­¦æ ¡å°è¿½ç©¶ç¸å ³è´£ä»»ãè§¦ç¯åå¾çï¼äº¤ç±å¸æ³æºå ³ä¾æ³å¤çã ç¦å»ºå¸èå¤§å­¦ åå­¦ä¸ææå­¦é¢ æºå ³é¨å¤ [å æ¿åå ¬å®¤](http://office.fjnu.edu.cn/) [çºªå§ï¼çå¯ä¸ååå ¬å®¤ï¼](http://jw.fjnu.edu.cn/) [ç»ç»é¨ãå æ ¡](http://zzb.fjnu.edu.cn/) [å®£ä¼ é¨ï¼ææåãæ°é»ä¸­å¿ï¼](http://xcb.fjnu.edu.cn) [ç»æé¨](http://tzb.fjnu.edu.cn) [æå¸å·¥ä½é¨ï¼å¤ï¼](http://jsgzb.fjnu.edu.cn) [å­¦çå·¥ä½é¨ï¼å¤ï¼](http://stu.fjnu.edu.cn) [å ³å¿ä¸ä¸ä»£å·¥ä½å§åä¼](https://ggw.fjnu.edu.cn/) [ç¦»éä¼å·¥ä½åå ¬å®¤](http://ltxc.fjnu.edu.cn/) [ä¿å«å¤ï¼æ­¦è£ é¨ï¼](http://wbc.fjnu.edu.cn/) [æºå ³å å§](http://jgzz.fjnu.edu.cn/) [æå¡å¤](http://jwc.fjnu.edu.cn) [ç ç©¶çé¢](http://yjsy.fjnu.edu.cn/) [æçä¸èè¯åå ¬å®¤](http://zsb.fjnu.edu.cn) [åå±è§åå¤ãçé¨å ±å»ºå·¥ä½åå ¬å®¤...](http://fgc.fjnu.edu.cn/) [äººäºå¤ãé«å±æ¬¡äººæå·¥ä½åå ¬å®¤](http://rsc.fjnu.edu.cn/) [ç§å­¦ææ¯å¤](http://kjc.fjnu.edu.cn) [ç¤¾ä¼ç§å­¦å¤](http://skc.fjnu.edu.cn) [å½é åä½ä¸äº¤æµå¤ï¼å°æ¸¯æ¾³äºå¡åå ¬å®¤ï¼](http://oice.fjnu.edu.cn/) [è´¢å¡å¤](http://cwc.fjnu.edu.cn) [å®¡è®¡å¤](http://sj.fjnu.edu.cn/) [èµäº§ç®¡çå¤ï¼éè´­ææ ä¸­å¿ï¼](http://zcc.fjnu.edu.cn/) [å®éªå®¤ä¸è®¾å¤ç®¡çå¤ï¼å®éªå®¤å±é©åå­¦åç®¡çä¸­å¿ï¼](http://sysbc.fjnu.edu.cn) [åå¤ç®¡çå¤ãåå¤æå¡éå¢](http://hqjt.fjnu.edu.cn) [åºå»ºå¤](http://jjc.fjnu.edu.cn/) [æ ¡å·¥ä¼ãæ ¡æä»£ä¼æ§å§ä¼](http://xgh.fjnu.edu.cn/) [æ ¡å¢å§](http://youth.fjnu.edu.cn) [æ ¡åä¼ãæ ¡è£äºä¼ç§ä¹¦å¤](http://xyzh.fjnu.edu.cn/) å­¦é¢ [æå¸æè²å­¦é¢](http://jsjyxy.fjnu.edu.cn ""æå¸æè²å­¦é¢"") [æè²å­¦é¢](http://jyxy.fjnu.edu.cn/ ""æè²å­¦é¢"") [å¿çå­¦é¢](http://psy.fjnu.edu.cn/ ""å¿çå­¦é¢"") [ç»æµå­¦é¢](http://jjxy.fjnu.edu.cn ""ç»æµå­¦é¢"") [æ³å­¦é¢](http://fxy.fjnu.edu.cn/ ""æ³å­¦é¢"") [é©¬å æä¸»ä¹å­¦é¢](http://mkszyxy.fjnu.edu.cn/ ""é©¬å æä¸»ä¹å­¦é¢"") [çºªæ£çå¯å­¦é¢](https://jjjcxy.fjnu.edu.cn/main.htm ""çºªæ£çå¯å­¦é¢"") [æå­¦é¢](http://wxy.fjnu.edu.cn/ ""æå­¦é¢"") [å¤å½è¯­å­¦é¢](http://cfl.fjnu.edu.cn ""å¤å½è¯­å­¦é¢"") [ä¼ æ­å­¦é¢](http://cbxy.fjnu.edu.cn/ ""ä¼ æ­å­¦é¢"") [ç¤¾ä¼åå²å­¦é¢ï¼ç¤¾ä¼åå±å­¦é¢ï¼](http://csh.fjnu.edu.cn ""ç¤¾ä¼åå²å­¦é¢ï¼ç¤¾ä¼åå±å­¦é¢ï¼"") [æåæ æ¸¸ä¸å ¬å ±ç®¡çå­¦é¢](http://wlgg.fjnu.edu.cn ""æåæ æ¸¸ä¸å ¬å ±ç®¡çå­¦é¢"") [ä½è²ç§å­¦å­¦é¢](http://tky.fjnu.edu.cn ""ä½è²ç§å­¦å­¦é¢"") [é³ä¹å­¦é¢](http://music.fjnu.edu.cn ""é³ä¹å­¦é¢"") [ç¾æ¯å­¦é¢](http://art.fjnu.edu.cn ""ç¾æ¯å­¦é¢"") [æ°å­¦ä¸ç»è®¡å­¦é¢](http://math.fjnu.edu.cn/ ""æ°å­¦ä¸ç»è®¡å­¦é¢"") [è®¡ç®æºä¸ç½ç»ç©ºé´å®å ¨å­¦é¢(è½¯ä»¶å­¦é¢ï¼](http://ccs.fjnu.edu.cn ""è®¡ç®æºä¸ç½ç»ç©ºé´å®å ¨å­¦é¢\(è½¯ä»¶å­¦é¢ï¼"") [ç©çä¸è½æºå­¦é¢](http://cpe.fjnu.edu.cn ""ç©çä¸è½æºå­¦é¢"") [å çµä¸ä¿¡æ¯å·¥ç¨å­¦é¢](http://paee.fjnu.edu.cn ""å çµä¸ä¿¡æ¯å·¥ç¨å­¦é¢"") [åå­¦ä¸ææå­¦é¢](http://chem.fjnu.edu.cn ""åå­¦ä¸ææå­¦é¢"") [ç¯å¢ä¸èµæºå­¦é¢ãç¢³ä¸­åç°ä»£äº§ä¸å­¦é¢](http://env.fjnu.edu.cn ""ç¯å¢ä¸èµæºå­¦é¢ãç¢³ä¸­åç°ä»£äº§ä¸å­¦é¢"") [å°çç§å­¦å­¦é¢ãç¢³ä¸­åæªæ¥ææ¯å­¦é¢](http://geo.fjnu.edu.cn ""å°çç§å­¦å­¦é¢ãç¢³ä¸­åæªæ¥ææ¯å­¦é¢"") [çå½ç§å­¦å­¦é¢](http://life.fjnu.edu.cn ""çå½ç§å­¦å­¦é¢"") [æµ·å¤æè²å­¦é¢ï¼å½é æè²å­¦é¢ï¼](http://iccs.fjnu.edu.cn ""æµ·å¤æè²å­¦é¢ï¼å½é æè²å­¦é¢ï¼"") [ç½ç»ä¸ç»§ç»­æè²å­¦é¢ãèä¸ææ¯æè²å­¦é¢](http://wjzy.fjnu.edu.cn ""ç½ç»ä¸ç»§ç»­æè²å­¦é¢ãèä¸ææ¯æè²å­¦é¢"") [ç´¢è±è¾¾å­¦é¢](http://soledad.fjnu.edu.cn ""ç´¢è±è¾¾å­¦é¢"") [æµ·å³¡ææ§çµå­ï¼æªæ¥ç§æï¼å­¦é¢ï¼ç ç©¶é¢ï¼](https://sife.fjnu.edu.cn/ ""æµ·å³¡ææ§çµå­ï¼æªæ¥ç§æï¼å­¦é¢ï¼ç ç©¶é¢ï¼"") [ååå­¦é¢](https://cuc.fjnu.edu.cn/ ""ååå­¦é¢"") æè¾ ãéå¢...... [å¾ä¹¦é¦](http://library.fjnu.edu.cn ""å¾ä¹¦é¦"") [å­¦æ¥ç¼è¾é¨](http://xuebao.fjnu.edu.cn/ ""å­¦æ¥ç¼è¾é¨"") [ç½ç»ä¸æ°æ®ä¸­å¿ï¼ç½ç»å®å ¨åä¿¡æ¯åé¢å¯¼å°ç»åå ¬å®¤ï¼](http://xxhb.fjnu.edu.cn ""ç½ç»ä¸æ°æ®ä¸­å¿ï¼ç½ç»å®å ¨åä¿¡æ¯åé¢å¯¼å°ç»åå ¬å®¤ï¼"") [äº§æèååå±ä¸­å¿ï¼ææ¯è½¬ç§»ä¸­å¿ï¼](http://cjrh.fjnu.edu.cn ""äº§æèååå±ä¸­å¿ï¼ææ¯è½¬ç§»ä¸­å¿ï¼"") [èµäº§ç»è¥å ¬å¸](http://zcjygs.fjnu.edu.cn/ ""èµäº§ç»è¥å ¬å¸"") [æ ¡å»é¢](http://sdyy.fjnu.edu.cn ""æ ¡å»é¢"") ç ç©¶æºæãä¸­å¿ [æµ·å³¡ä¸¤å²¸æååå±åååæ°ä¸­å¿](http://hxxt.fjnu.edu.cn ""æµ·å³¡ä¸¤å²¸æååå±åååæ°ä¸­å¿"") [æè²é¨åºç¡æè²è¯¾ç¨ç ç©¶ä¸­å¿](https://jybkczx.fjnu.edu.cn/main.htm ""æè²é¨åºç¡æè²è¯¾ç¨ç ç©¶ä¸­å¿"") [æè²é¨é½å°åºåç ç©¶ä¸­å¿](http://mtzx.fjnu.edu.cn/ ""æè²é¨é½å°åºåç ç©¶ä¸­å¿"") [æ³æ¸¯ç³åç ç©¶é¢](http://qgyjy.fjnu.edu.cn ""æ³æ¸¯ç³åç ç©¶é¢"") [ç¦å»ºçæ¹¿æ¶¦äºç­å¸¦å±±å°çæå®éªå®¤----çé¨å ±å»ºå½å®¶éç¹å®éªå®¤å¹è²åºå°](http://sme.fjnu.edu.cn/ ""ç¦å»ºçæ¹¿æ¶¦äºç­å¸¦å±±å°çæå®éªå®¤----çé¨å ±å»ºå½å®¶éç¹å®éªå®¤å¹è²åºå°"") [åæ¹çç©å»å­¦ç ç©¶ä¸­å¿](http://biomed.fjnu.edu.cn/ ""åæ¹çç©å»å­¦ç ç©¶ä¸­å¿"") [ç¦å»ºçé«å¸å¹è®­ä¸­å¿](http://gpzx.fjnu.edu.cn/ ""ç¦å»ºçé«å¸å¹è®­ä¸­å¿"") [æè²é¨é«æ ¡è¾ å¯¼åå¹è®­åç ä¿®åºå°](http://jybfdyjd.fjnu.edu.cn/ ""æè²é¨é«æ ¡è¾ å¯¼åå¹è®­åç ä¿®åºå°"") [ç¦å»ºçé«ç­æè²å­¦ä¼](http://fjgjxh.fjnu.edu.cn ""ç¦å»ºçé«ç­æè²å­¦ä¼"") [ç¦å»ºå¸èå¤§å­¦ç¢³ä¸­åç ç©¶é¢](http://facn.fjnu.edu.cn/ ""ç¦å»ºå¸èå¤§å­¦ç¢³ä¸­åç ç©¶é¢"") [ç¦å»ºçå å æ³è§å®æ½è¯ä¼°ä¸­å¿](http://dnfg.fjnu.edu.cn/ ""ç¦å»ºçå å æ³è§å®æ½è¯ä¼°ä¸­å¿"") [ç¦å»ºçé«ç­å­¦æ ¡ææ³æ¿æ²»æè²ç ç©¶ä¼](https://fjszyjh.fjnu.edu.cn/ ""ç¦å»ºçé«ç­å­¦æ ¡ææ³æ¿æ²»æè²ç ç©¶ä¼"") [åææ°å­¦ååºç¨æè²é¨éç¹å®éªå®¤](https://math.fjnu.edu.cn/lab ""åææ°å­¦ååºç¨æè²é¨éç¹å®éªå®¤"") éå±å­¦æ ¡ [ç¦å»ºå¸èå¤§å­¦éå±ä¸­å­¦](http://www.fjsdfz.com ""ç¦å»ºå¸èå¤§å­¦éå±ä¸­å­¦"") [ç¦å»ºå¸èå¤§å­¦éå±å°å­¦](http://aps.fjnu.edu.cn/ ""ç¦å»ºå¸èå¤§å­¦éå±å°å­¦"") [ç¦å»ºå¸èå¤§å­¦å®éªå¹¼å¿å­](http://kid.fjnu.edu.cn/ ""ç¦å»ºå¸èå¤§å­¦å®éªå¹¼å¿å­"") é®ç®± : fjnuhuacai@fjnu.edu.cn å°åï¼ ç¦å»ºçç¦å·å¸å¤§å­¦åç§æè·¯1å·ç¦å»ºå¸èå¤§å­¦æå±±æ ¡åº (350108) çæææ@ç¦å»ºå¸èå¤§å­¦åå­¦ä¸ææå­¦é¢ [ç®¡çå ¥å£](http://webplus.fjnu.edu.cn/) å®æ¹å¾®ä¿¡",,,,,,,基于公开网页资料自动抽取，导入知识库前请人工复核。提取通道=direct；quality_score=0.5409。,易制毒、易制爆、危险化学品管理规章制度 | https://chem.fjnu.edu.cn/86/7f/c17280a362111/page.htm,网页,易制毒、易制爆、危险化学品管理规章制度,福建师范大学化学与材料学院,,2023-06-20,https://chem.fjnu.edu.cn/86/7f/c17280a362111/page.htm,2026-04-27,,draft,易制毒;易制爆;危险化学品;废液废渣;上报,zh-CN
WEBX-035-001,关于加强实验室特种设备（压力容器）专项管理的通知,设备安全,设备安全,通用,4,高压;机械;综合安全,高校实验室压力容器和高压灭菌锅专项管理应关注哪些事项,高校实验室压力容器和高压灭菌锅专项管理应关注哪些事项,"ç½ä¸åäºæå¡å¤§å * [æçå¸å¤§](http://ehall.hznu.edu.cn/ywtb-portal/official/index.html#/home/official_home) * [åäºä¸­å¿](http://ehall.hznu.edu.cn/ywtb-portal/official/index.html#/hall) * [ä¿¡æ¯å ¬å¼](https://ehall.hznu.edu.cn/ywtb-portal/official/index.html#/informationDisclosure?id=1) * [å¸å¤§é¦é¡µ](https://www.hznu.edu.cn/) ä¿¡æ¯å ¬å¼ * [æ ¡å éå](http://ehall.hznu.edu.cn/ywtb-portal/official/index.html#/informationDisclosure?id=1) * [ä¼è®®éç¥](http://ehall.hznu.edu.cn/ywtb-portal/official/index.html#/informationDisclosure?id=2) * [å­¦æ ¡æä»¶](http://ehall.hznu.edu.cn/ywtb-portal/official/index.html#/informationDisclosure?id=3) # å ³äºå å¼ºå®éªå®¤ç¹ç§è®¾å¤ï¼ååå®¹å¨ï¼ä¸é¡¹ç®¡ççéç¥ æ¥æº : å®éªå®¤ä¸è®¾å¤ç®¡çå¤ ä½è : å®éªå®¤ä¸è®¾å¤ç®¡çå¤ æ¶é´ : 2024-06-03 ç¹å»é : 661 åç¸å ³å­¦é¢ï¼ æ ¹æ®ãä¸­åäººæ°å ±åå½ç¹ç§è®¾å¤å®å ¨æ³ãããç¹ç§è®¾å¤å®å ¨çå¯æ¡ä¾ããæè²é¨ãé«ç­å­¦æ ¡å®éªå®¤å®å ¨æ£æ¥é¡¹ç®è¡¨ãåä¸çº§çç®¡é¨é¨è¦æ±ï¼å­¦æ ¡å ¨é¢å å¼ºå®éªå®¤ç¹ç§è®¾å¤ï¼ååå®¹å¨ï¼è§èç®¡çï¼éç¹å¼ºåå®éªå®¤é«åç­èé çç®¡çï¼å·¥ä½è¦æ±éç¥å¦ä¸ï¼ ä¸ãå®éªå®¤å¨ç¨é«åç­èé æ åµæ¸æ è¿ä¸¤å¹´å å­¦æ ¡åå±ï¼æ ¡å æ¶é«åç­èé ä½¿ç¨å®éªå®¤åäººåå¤æè°æ´ï¼éåæ¬¡å¼å±æ åµæ¸æï¼è¯·å­¦é¢æè¦æ±å¯¹å®éªå®¤å¨ç¨çé«åç­èé å¼å±ä¿¡æ¯ç»è®¡ï¼å¡«æ¥æ¨¡çè§éä»¶1ï¼ï¼å¹¶äº6æ19æ¥åå®æå¡«æ¥å·¥ä½,çµå­è¡¨æ ¼éè¿ééæ¥éè³å®éªå®¤å¤ã äºãä¸çº§çç®¡é¨é¨ç®¡çè¦æ± 1.ä½¿ç¨ç»è®°è¯åçè¦æ± å®¹ç§¯ä¸º30Låä»¥ä¸çé«åç­èé é¡»å¨æå ¥ä½¿ç¨ååçãç¹ç§è®¾å¤ä½¿ç¨ç»è®°è¯ãï¼é¢åãç¹ç§è®¾å¤ä½¿ç¨æ å¿ãå¹¶å¼ è´´äºå®¹å¨ä¸ï¼åçå ·ä½æµç¨è§éä»¶2ï¼ï¼ç®åååå®¹å¨åå®¹ç§¯ä¸º30Lä»¥ä¸çæ é¡»åçã 2.å®ææ£æ¥ç»´æ¤è¦æ± æ£æ¥ç»´æ¤å æ¬æ´æºå®ææ£éªåå®å ¨éä»¶æ£éªä¸¤é¨åã æ´æºå®ææ£éªç±ä¸çº§çç®¡é¨é¨å³å®ï¼ç±å®éªå®¤å¤çº¦æ£ï¼ç¸å ³å­¦é¢æè¦æ±é åè¿è¡ï¼ç®åååå®¹å¨å¨å»ºè®®ä½¿ç¨å¹´éå æ éå®ææ£éªã å®å ¨éä»¶å æ¬ååè¡¨åå®å ¨éï¼ææé«åç­èé å æ¬ç®åååå®¹å¨çå®å ¨éä»¶åéå®ææ£æ¥ï¼ç±å­¦é¢èªè¡èç³»å®æï¼ååè¡¨æ¯åå¹´æ ¡åä¸æ¬¡ï¼å®å ¨éæ¯å¹´æ ¡éªä¸æ¬¡ï¼æ£éªèç³»æ¹å¼è§éä»¶3ï¼ãååè¡¨åå®å ¨ééèªè¡æé¤åéæ£ï¼è®¡éé¢åç¹æ£é¢ä¸è¬ä¸æä¾æè£ æå¡ï¼æè£ å­å¨å°é¾çå¯å§ææèµè´¨çç¬¬ä¸æ¹å¼å±ã 3.ä½¿ç¨äººåèµè´¨è¦æ± é«åç­èé æä½äººåé¡»åå¾ãç¹ç§è®¾å¤ä½ä¸äººåè¯ãï¼æè¯ä¸å²ï¼å¹è®­åèè¯ç±å­¦é¢èªè¡èç³»å®æï¼å¹è®­åèè¯èç³»æ¹å¼è§éä»¶3ï¼ï¼ä½ä¸äººåè¯å°æåéè³æ¿å¡æå¡ä¸­å¿å¸çå±çªå£åçå¤å®¡ï¼ç®åååå®¹å¨æ éä½ä¸äººåè¯ã ä¸ãå®å ¨ä½¿ç¨æ¥å¸¸ç®¡çè¦æ± 1.å¶å®å¹¶å¼ è´´å®å ¨æä½è§ç¨ã 2.å»ºç«å®å ¨ç®¡çæ¡£æ¡ï¼å å«è¿è¡ä½¿ç¨è®°å½ãå®å ¨æ£æ¥å°è´¦ã 3.å¶å®åºæ¥é¢æ¡ï¼å¼å±å®å ¨æ¼ç»ï¼æé«åºæ¥å¤ç½®è½åã 4.è®¾å¤ä½¿ç¨æé´å å¼ºäººåå¼å®åå·¡è§ï¼æç»è±å²ç°è±¡ã åãæ°å¢è®¾å¤è¦æ± 2024å¹´6æ20æ¥ä»¥åå®éªå®¤ææ°å¢é«åç­èé çï¼é¡»å¨éè´­åå¡«æ¥ãæ­å·å¸èå¤§å­¦å®éªå®¤æ°å¢ç¹ç§è®¾å¤ï¼ååå®¹å¨ï¼å¤æ¡è¡¨ãï¼éä»¶4ï¼ï¼äº¤å­¦é¢åå®éªå®¤å¤å¤æ¡ï¼åæ­¥è½å®åé¡¹è§èç®¡çè¦æ±ãå¨æ»¡è¶³ä½¿ç¨è¦æ±çæ åµä¸ï¼ååä¸åªå è®¸éè´­å½äº§ç®åååå®¹å¨ï¼åè½»çç®¡ååï¼éä½ç®¡çææ¬ï¼å¹¶å ³æ³¨è®¾è®¡ä½¿ç¨å¹´éï¼é¿å å è®¾è®¡ä½¿ç¨å¹´éä½äºåºå®èµäº§ä½¿ç¨å¹´éé ææ¥åºå¤ç½®ä¸ä¾¿ã äºãå ¶ä» å®éªå®¤å¦æé«åç­èé ä»¥å¤çå¿«å¼é¨å¼ååå®¹å¨æç®åååå®¹å¨ï¼å¦å¨æ°ç½ãç¼å²ç½ç­ï¼åç §ä¸è¿°è¦æ±å®æ½ç®¡çã è¯·å­¦é¢é«åº¦éè§ç¹ç§è®¾å¤ï¼ååå®¹å¨ï¼å­å¨çéæ£é£é©ï¼å å¼ºè§èç®¡çå·¥ä½ï¼ç£ä¿ç¸å ³å®éªå®¤åæ¶æ·æ±°è¶ è¿è®¾è®¡ä½¿ç¨å¹´éçãå­å¨å®å ¨éæ£çé«åç­èé ï¼ä½¿ç¨ç»è®°è¯åºåå°½åï¼è½å®å®å ¨éä»¶æ£æµååå¾ä½ä¸äººåèµè´¨ï¼é åå­¦æ ¡åç¸å ³é¨é¨åå¥½åè§åå·¥ä½ï¼åå°å®å ¨åè§ä½¿ç¨ã ä¸æä¹å¤è¯·èç³»å®éªå®¤å¤ï¼èç³»äººï¼é±å°ï¼èç³»çµè¯ï¼28868972ã éä»¶ï¼1.[å®éªå®¤é«åç­èé æ åµæ±æ»è¡¨](/upload/resources/file/2024/06/03/7835654.xlsx ""éä»¶1ï¼å®éªå®¤é«åç­èé æ åµæ±æ»è¡¨"") 2.[ä½¿ç¨ç»è®°è¯åçæµç¨](/upload/resources/file/2024/06/03/7835655.doc ""éä»¶2ï¼ä½¿ç¨ç»è®°è¯åçæµç¨"") 3.[åäºèç³»æå](/upload/resources/file/2024/06/03/7835656.doc ""éä»¶3ï¼åäºèç³»æå"") 4.[æ­å·å¸èå¤§å­¦å®éªå®¤æ°å¢ç¹ç§è®¾å¤å¤æ¡è¡¨](/upload/resources/file/2024/06/03/7835657.doc ""éä»¶4ï¼æ­å·å¸èå¤§å­¦å®éªå®¤æ°å¢ç¹ç§è®¾å¤å¤æ¡è¡¨"") å®éªå®¤å¤ 2024å¹´6æ3æ¥ ææ¯æ¯æï¼ä¿¡æ¯ä¸­å¿ ç­çº¿çµè¯ï¼28865888ï¼å·¥ä½æ¶é´åç,æ ¡å æ¨æå ¨å·ï¼ æå¡é®ç®±ï¼xxhzx@hznu.edu.cn [å ¬å®å¤æ¡å·ï¼33011002011919](http://www.beian.gov.cn/portal/registerSystemInfo?recordcode=33011002011919)[ æµICPå¤11056902å·-1](http://www.beian.miit.gov.cn/publish/query/indexFirst.action)ã",,,,,,,基于公开网页资料自动抽取，导入知识库前请人工复核。提取通道=direct；quality_score=0.5662。,关于加强实验室特种设备（压力容器）专项管理的通知 | https://xxgk.hznu.edu.cn/c/2024-06-03/2969471.shtml,网页,关于加强实验室特种设备（压力容器）专项管理的通知,杭州师范大学信息公开网,,2024-06-03,https://xxgk.hznu.edu.cn/c/2024-06-03/2969471.shtml,2026-04-27,,draft,特种设备;压力容器;高压灭菌锅;教育部检查;规范管理,zh-CN
WEBX-037-001,实验室化学废弃物收集处理管理规定（试行）,化学,危废处置,化学,4,危废;综合安全,实验室化学废弃物分类收集台账和责任人制度如何执行,实验室化学废弃物分类收集台账和责任人制度如何执行,[](https://www.hbmzu.edu.cn/) * [é¦é¡µ](../../index.htm) * [ä¸­å¿æ¦åµ](../../zxgk.htm) [å®éªå®¤è®¾ç½®](../../zxgk/syssz.htm) [èç³»æä»¬](../../zxgk/lxwm.htm) * [å¸èµéä¼](../../szdw.htm) [ä¸»ç®¡é¢å¯¼](../../szdw/zgld.htm) [ç¤ºèä¸­å¿ä¸»ä»»](../../szdw/sfzxzr.htm) [åå ¬å®¤ç§ä¹¦](../../szdw/bgsms.htm) [åæ°ä¸­å¿ä¸»ä»»](../../szdw/cxzxzr.htm) [ç®¡çå¢é](../../szdw/gltd.htm) [å®éªæå­¦å¢é](../../szdw/syjxtd.htm) * [å®éªå®¤ç®¡ç](../../sysgl.htm) [è§ç« å¶åº¦](../../sysgl/gzzd.htm) [ä»ªå¨è®¾å¤ç®¡ç](../../sysgl/yqsbgl.htm) [å±é©åå­¦åç®¡ç](../../sysgl/wxhxpgl.htm) [æå¶æ¯åå­¦åç®¡ç](../../sysgl/yzdhxpgl.htm) [æå¶çåå­¦åç®¡ç](../../sysgl/yzbhxpgl.htm) [åºå¼ç©ç®¡ç](../../sysgl/fqwgl.htm) [å®å ¨ç®¡ç](../../sysgl/aqgl.htm) * [å®éªæå­¦](../../syjx.htm) [æå­¦ç®¡ç](../../syjx/jxgl.htm) [è¯¾ç¨ä½ç³»](../../syjx/kctx.htm) [æå­¦èµæº](../../syjx/jxzy.htm) * [å®è·µåæ°](../../sjcx.htm) [åæ°é¡¹ç®](../../sjcx/cxxm.htm) [åæ°ææ](../../sjcx/cxcg.htm) [åæ°å¹³å°](../../sjcx/cxpt.htm) * [ç§ç ææ](../../kycg.htm) * [éç¥å ¬å](../../tzgg.htm) * [ä¸è½½ä¸­å¿](../../xzzx.htm) --- [é¦é¡µ](../../index.htm) > [å®éªå®¤ç®¡ç](../../sysgl.htm) > [åºå¼ç©ç®¡ç](../../sysgl/fqwgl.htm) > [æ­£æ]() > # å®éªå®¤åå­¦åºå¼ç©æ¶éå¤çç®¡çè§å®ï¼è¯è¡ï¼ åå¸æ¶é´:2020-10-14 14:58:00 æ¥æºï¼ ç¹å»ï¼ **ä¸ãç® ç** ç¬¬ä¸æ¡ ä¸ºè§èåå å¼ºçç©ç§å­¦ä¸ææ¯å­¦é¢å®éªå®¤åå­¦åºå¼ç©çç®¡çå·¥ä½ï¼ä½¿æå®³ãææ¯ç­åå­¦åºå¼ç©çå¤çå·¥ä½è½å°å®å¤ï¼ä¿éå¹¿å¤§å¸çåå·¥çèº«ä½å¥åº·ï¼ä¿è¯æå­¦åç§ç å·¥ä½é¡ºå©è¿è¡ï¼ç»´æ¤æ ¡å­ç¯å¢åå ¬å ±å®å ¨ï¼æ ¹æ®ãä¸­åäººæ°å ±åå½ç¯å¢ä¿æ¤æ³ãããä¸­åäººæ°å ±åå½åºä½åºç©æ±¡æç¯å¢é²æ²»æ³ããåãåºå¼å±é©åå­¦åæ±¡æç¯å¢é²æ²»åæ³ãç­ç¸å ³è§å®ï¼ç»åçç©ç§å­¦ä¸ææ¯å­¦é¢å®éªå®¤å®é æ åµï¼ç¹å¶å®æ¬è§å®ã **äºãåå­¦åºå¼ç©çèå´** ç¬¬äºæ¡ çç©ç§å­¦ä¸ææ¯å­¦é¢å®éªå®¤åå­¦åºå¼ç©æ¯æå®éªè¿ç¨ä¸­äº§ççææ¯æå®³çåç±»åå­¦åºæ¶²ãæ®æ¸£ãåºæ§åå­¦è¯åãåºæ§ç©ºç¶ç­ã **ä¸ãåå­¦åºå¼ç©çåç±»ä¸æ¶é** ç¬¬ä¸æ¡ æè¦æ±å°å®éªå®¤åå­¦åºå¼ç©åæä»¥ä¸å ç±»ï¼ â ææºåºæ¶²ï¼ææºæº¶åãææºé ¸ãéç±»ãè¯ç±»ãéç±»ãé ¯ç±»ãé ç±»ãæ²¹èç±»ç­ï¼ â¡ æ æºåºé ¸ï¼å®éªä¸­äº§ççåç±»åºå¼çé ¸æ§æ¶²ä½ï¼ â¡ æ æºåºç¢±ï¼å®éªä¸­äº§ççåç±»åºå¼çç¢±æ§æ¶²ä½ï¼ â¢ å«ééå±åºæ¶²ï¼å®éªå®¤ä¸­äº§ççå«é¬ãéãéãéç­ééå±çåºæ¶²ï¼ â¤ åºä½åºå¼ç©ï¼å®éªä¸­äº§ççåç§åºä½åºæ¸£ãè¿æå¤±æè¯åãåºæ§åºä½è¯åç­ã ç¬¬åæ¡ åå®éªå®¤æ ¹æ®éè¦éå½å¤ç¨ä¸äº25Lã10Læ5Lçé«å¯åº¦èä¹ç¯æ°å¡æå°å£æ¹æ¡¶ï¼å°å®éªä¸­äº§ççåç±»åºæ¶²å¿ é¡»è¿è¡åç±»æ¶éï¼ç¶ååå«è£ å ¥å°çç©ç§å­¦ä¸ææ¯å­¦é¢å®éªå®¤åå¤ç25Lçé«å¯åº¦èä¹ç¯æ°å¡æå°å£æ¹æ¡¶ä¸­ï¼ååºæ¶²æ¡¶è´´ä¸ç¸åºçåç±»æ ç­¾ãï¼åºæ¶²é¢ä¸æ¡¶å£é´è·å¿ é¡»ä¿çè³å°10åç±³çç©ºé´ä»¥é²æº¢åºï¼ã ç¬¬äºæ¡ ä¸ååºæ¶²å¨åè¿åºæ¶²æ¡¶åè¦äºè§£å ¶ç¸å®¹æ§ï¼ååé¨å«ç±»åå ¥ç¸åºçåºæ¶²æ¶éæ¡¶ä¸­ï¼ç¦æ­¢å°ä¸ç¸å®¹çåºæ¶²æ··è£ å¨åä¸åºæ¶²æ¡¶å ï¼ä»¥é²å åçåç§ååºèé æåå­¦ä¼¤å®³ä¸å±å®³ç­äºæ ã ç¬¬å ­æ¡ åå®éªå®¤åºå¤æä¸é¨çå®éªå®¤åå­¦åºå¼ç©å­å¨åºæï¼å­æ¾å¨å®éªå®¤çåç±»åºæ¶²æ¡¶åºæ¾å¨ä¸é¨çæå®ä½ç½®ï¼åºæ¶²æ¡¶ä¸å¿ é¡»è´´ä¸ç¸åºæ ç­¾ãå¾åºæ¶²æ¡¶éå¾ååºæ¶²åå¿ é¡»å ç¡®è®¤æ¯å¦åç±»ç©è´¨æä¸ä¼å¼èµ·ååºçç©è´¨åï¼æ¹å¯åå ¥ã ç¬¬ä¸æ¡ åºä½åºå¼ç©å¿ é¡»ç¨ä¸é¨ççº¸ç®±è£ å¥½ï¼è´´ä¸ç¸åºæ ç­¾ãå±çç©ç±»åºå¼ç©çï¼å¦EBè¶ãéå¤´éç®¡ç­å©å¨ï¼å¾®çç©ï¼ç»èï¼å¨æ¤ç©åç»ç»ç­ç­ï¼ï¼å¿ é¡»å è¿è¡ç­èãç­æ´»åæ¶æ¯ä½¿å ¶è¾¾å°çç©å­¦ææä¸çå®å ¨è¦æ±åè£ å ¥ä¸ç¨çå¡æå è£ è¢æå©å¨çä¸­å¯å°ï¼åç¨çº¸ç®±è£ å¥½ï¼å¹¶è´´ä¸ç¸åºçæ ç­¾ã **åãåå­¦åºå¼ç©çå¤çã** ç¬¬å «æ¡ æ¯æåºå®æ¥æï¼æ ¹æ®å­¦æ ¡ç®¡çåæ³èå®ï¼å¦éåä¼æ¥ãèåæ¥é¡ºå»¶è³å·¥ä½æ¥ï¼ï¼å­¦æ ¡ç®¡çé¨é¨ä¸å®éªå®¤ç®¡çåèç³»ï¼ç»ä¸æ ¡è½¬è¿è³å­¦æ ¡åºå¼ç©å¨å­åºä¸­å¨å­ãåå®éªå®¤åºäºæ¯æå­¦æ ¡æ¶éåä¸¤æ¥ï¼ç³æ¥æ¬å®éªå®¤åå­¦åºå¼äº§çæ åµï¼å¡«åãå®éªå®¤åå­¦åºå¼ç©æ¶éæ±æ»æç»è¡¨ãï¼éä»¶ä¸ï¼å¹¶ç­¾å­ï¼äº¤éå®éªå®¤ç¸å ³è´è´£äººåã ç¬¬ä¹æ¡ åºå¼çå§æ¯åå­¦ååºé¦å èªè¡ä½âæ å®³åâå¤çååä½ä¸ºä¸è¬åå­¦åºå¼ç©å¤çï¼æ è½åèªè¡å¤ççï¼åºåæ¶ä¹¦é¢ä¸æ¥ç¸å ³ç®¡çäººåå¹¶å¦¥åä¿ç®¡ï¼ç­åå­¦æ ¡éä¸­å¤çã ç¬¬åæ¡ æ²¡æè§å®è¦æ±å¯¹å®éªå®¤åå­¦åºå¼ç©è¿è¡åç±»æ¶éçï¼çç©ç§å­¦ä¸ææ¯å­¦é¢å®éªå®¤ä¸å¾ä¸äºåæ¶å¤çã **äºãåºæ§è¯åç©ºç¶åæ¶å¤ç** ç¬¬åä¸æ¡ åç±»åºå¼åå­¦è¯åç©ºç¶å¿ é¡»ç¨çº¸ç®±æå¡æå è£ è¢æ´é½è£ å¥½ï¼å¹¶è´´ä¸ç¸åºçæ ç­¾ãè¯åç©ºç¶ä¸­ä¸å¾å«æåºä½ææ¶²ä½åºå¼ç©ãå­¦æ ¡å§æä¸äººå®æ¶æ¥å®éªå®¤å¯¹äº§ççåºæ§è¯åç©ºç¶è¿è¡ç»ä¸åæ¶ï¼éä¸­å­å¨ã **å ­ãç®¡çèè´£** ç¬¬åäºæ¡ çç©ç§å­¦ä¸ææ¯å­¦é¢å®éªå®¤å ¨ä½å¸çåå·¥è¦æ ç«ç¯å¢ä¿æ¤æè¯ï¼ä¸è½éææ©åãä¸¢å¼åç±»åºä½åºå¼ç©åå¾ååç±»åºæ¶²ãä¸å¾å°åç±»åå­¦åºå¼ç©æ··å ¥çæ´»åå¾åå ¶ä»éå±é©åºå¼ç©ä¸­ã ç¬¬åä¸æ¡ åå®éªå®¤ç®¡çæå¸åå­¦çè¿è¡å®éªåæ°æ´»å¨ææ¯ä¸è®ºææå¯¼æå¸åä¸ºå®éªå®¤åå­¦åºå¼ç©å®å ¨ç®¡çè´£ä»»äººï¼å¯æå®ä¸äººè´è´£å®éªå®¤åå­¦åºå¼ç©çå®å ¨ç®¡çå·¥ä½ï¼åå¥½å®éªå®¤åå­¦åºæ¶²ãåºåºãè¯åç©ºç¶ç­çæ¶éãå­æ¾ãå¤ç½®ãå°å¸è®°å½ç­ç®¡çå·¥ä½ï¼ä¿éå®å ¨ï¼ç¡®ä¿æ äºæ åçã ç¬¬ååæ¡ çç©ç§å­¦ä¸ææ¯å­¦é¢å®éªå®¤ç»åå­¦æ ¡ç¸å ³å¶åº¦ï¼æ ¹æ®èªèº«å®é æ åµï¼å»ºç«ç¯å¢æ±¡æäºæ é¢é²ååºæ¥ä½ç³»åæ¥åæºå¶ï¼å¶å®ç¸å ³åºæ¥é¢æ¡ï¼æ¶é¤å®å ¨éæ£ï¼é²æ­¢ç¯å¢æ±¡æç­äºæ çåçã ç¬¬åäºæ¡ çç©ç§å­¦ä¸ææ¯å­¦é¢å®éªå®¤åå®éªå®¤ç®¡çäººåè´è´£èªå·±ç®¡çå®éªå®¤åå­¦åºå¼ç©çå®å ¨ç®¡çå·¥ä½ï¼æå¯¼æå¸è´è´£èªå·±ç®¡çå®éªå¹³å°æå­¦çäº§çåå­¦åºå¼ç©çå®å ¨ç®¡çå·¥ä½ãåå¥½å®éªå®¤åå­¦åºå¼ç©çåç±»æ¶éç»è®°ä¸å®å ¨ç®¡çï¼åæ¶åå©å­¦æ ¡ç¸å ³ç®¡çé¨é¨å¯¹éªå®¤åå­¦åºå¼ç©çè½¬è¿å·¥ä½ã **ä¸ãå¥æ©åå ¶ä»** ç¬¬åå ­æ¡ çç©ç§å­¦ä¸ææ¯å­¦é¢å®éªå®¤é¼å±åæ¯æåå®éªå®¤å¯¹åç±»åå­¦åºå¼ç©è¿è¡å ååæ¶ä¸åçå©ç¨ã ç¬¬åä¸æ¡ å¯¹åå­¦åºå¼ç©ç®¡çä¸å¾åï¼é æäºæ çå®éªå®¤ï¼å°æ ¹æ®å­¦æ ¡ç¸å ³ç®¡çåæ³ï¼æ¥è¯·å­¦æ ¡è¿è¡å¤çã ç¬¬åå «æ¡ æ¬è§å®æªå°½äºå®ï¼æå½å®¶æå ³æ³å¾è§å®æ§è¡ã ç¬¬åä¹æ¡ æ¬è§å®ç±çç©èµæºä¿æ¤ä¸å©ç¨æ¹åççç©ç§å­¦ä¸ææ¯å­¦é¢å®éªå®¤è´è´£è§£éã çç©ç§å­¦ä¸ææ¯å­¦é¢å®éªå®¤ çç©åºç¡è¯¾å®éªæå­¦ç¤ºèä¸­å¿ å®éªå®¤åç§°ï¼ __ æ¿é´å·ï¼ **å·²é è¯»ï¼å¹¶****éµç §****æ§è¡ã** å®éªå®¤è´£ä»»äººç­¾å­ï¼ ã ç¼è¾: çç©ç¤ºèä¸­å¿ ã åäº«å°ï¼ QQç©ºé´ æ°æµªå¾®å è ¾è®¯å¾®å å¾®ä¿¡ [æ´å¤](javascript:;) # åæ é¾æ¥ * [çç©èµæºå©ç¨ä¸å¼åæ¹åçéç¹å®éªå®¤](http://zdsys.hbun.org/) * [æ­¦æ±å¤§å­¦çç©å®éªç¤ºèä¸­å¿](http://bioexpc.whu.edu.cn/) * [åäº¬å¤§å­¦å½å®¶çº§å®éªç¤ºèä¸­å¿](åäº¬å¤§å­¦å½å®¶çº§å®éªç¤ºèä¸­å¿) * [åäº¬æä¸å¤§å­¦å®éªç¤ºèä¸­å¿](http://www.bjfu.edu.cn/) * [åä¸­ç§æå¤§å­¦çç©ç ç©¶æ](https://www.hust.edu.cn/) * [æµæ±å¤§å­¦å®éªç¤ºèä¸­å¿](https://ugrs.zju.edu.cn/28257/list.htm) # ç½ç«ä¿¡æ¯ Powered by æ¹åæ°æå¤§å­¦çç©åºç¡è¯¾å®éªæå­¦ç¤ºèä¸­å¿ Â©2014 ç½ç«æä½³æµè§åè¾¨ç1024*768åç´ ä»¥ä¸ å¤æ¡å·ï¼éICPå¤09030471å· éå ¬ç½å®å¤ 42280002001078å· ç½ç«ææ¯æ¯æï¼æ¹åä¸­å¤©äº¿ä¿¡,,,,,,,基于公开网页资料自动抽取，导入知识库前请人工复核。提取通道=direct；quality_score=0.5123。,实验室化学废弃物收集处理管理规定（试行） | https://www.hbmzu.edu.cn/sfzx/info/1017/1119.htm,网页,实验室化学废弃物收集处理管理规定（试行）,湖北民族大学生物基础课实验教学示范中心,,2020-10-14,https://www.hbmzu.edu.cn/sfzx/info/1017/1119.htm,2026-04-27,,draft,化学废弃物;分类收集;废液;固废;试剂空瓶;台账,zh-CN
WEBX-039-001,实验室安全知识-化学化工学院门户网站,通用,安全规范,化学,4,化学;高压气体;火灾;综合安全,化学实验室安全知识中气瓶化学品和消防有哪些要点,化学实验室安全知识中气瓶化学品和消防有哪些要点,"[ ](../../index.htm) [åå ¬ç³»ç»](http://202.197.61.66/) [ä¸è½½ä¸­å¿](../../index/xzzx.htm) [èç³»æä»¬](../../index/lxwm.htm) [English](../../English.htm) * [å­¦é¢æ¦åµ](../../xygk.htm) * [å­¦é¢ç®ä»](../../xygk/xyjj.htm) * [ç»ç»æºæ](../../xygk/zzjg.htm) * [å­¦é¢é¢å¯¼](../../xygk/xyld.htm) * [åä»»é¢å¯¼](../../xygk/lrld.htm) * [åå ¬æå](../../xygk/bgzn.htm) * [å¸èµéä¼](../../szdw.htm) * [ç³»æå¯¼èª](../../xsdh.htm) * [ææºåé«åå­åå­¦ç³»](../../xsdh/yjjgfzhxx.htm) * [æ æºåå­¦ç³»](../../xsdh/wjhxx.htm) * [åæç§å­¦ç³»](../../xsdh/fxkxx.htm) * [å¶éååºç¨ç©çåå­¦ç³»](../../xsdh/yjjyywlhxx.htm) * [åºç¨åå­¦ç³»](../../xsdh/yyhxx.htm) * [åå­¦å·¥ç¨ç³»](../../xsdh/hxgcx.htm) * [å¶è¯å·¥ç¨ç³»](../../xsdh/zygcx.htm) * [å ç¾¤å·¥ä½](../../dqgz.htm) * [ç»ç»æºæ](../../dqgz/zzjg.htm) * [æ¿ç­æä»¶](../../dqgz/zcwj.htm) * [å å»ºå¨æ](../../dqgz/djdt.htm) * [å·¥ä¼ä¹å®¶](../../dqgz/ghzj.htm) * [å ³å·¥å§](../../dqgz/ggw.htm) * [æ¬ç§çæè²](../../bksjy.htm) * [ç®¡çæºæ](../../bksjy/gljg.htm) * [è§ç« å¶åº¦](../../bksjy/gzzd.htm) * [ä¸ä¸å»ºè®¾](../../bksjy/zyjs.htm) * [æå­¦å¹³å°](../../bksjy/jxpt.htm) * [è¯¾ç¨å»ºè®¾](../../bksjy/kcjs.htm) * [ææ¹åæ°](../../bksjy/jgcx.htm) * [ä¸è½½è¡¨æ ¼](../../bksjy/xzbg.htm) * [ç ç©¶çæè²](../../yjsjy.htm) * [ä¿¡æ¯åå¸](../../yjsjy/xxfb.htm) * [æçä»ç»](../../yjsjy/zsjs.htm) * [å¹å »ç®¡ç](../../yjsjy/pygl.htm) * [å­¦ç§ä¸ä¸](../../yjsjy/xkzy.htm) * [å­¦æ¯ç ç©¶](../../yjsjy/xsyj.htm) * [å¾·è²å­å°](../../yjsjy/dyyd.htm) * [å°±ä¸æå¯¼](../../yjsjy/jyzd.htm) * [ä¸è½½è¡¨æ ¼](../../yjsjy/xzbg.htm) * [å®éªå®¤å»ºè®¾ä¸ç®¡ç](../../sysjsygl.htm) * [å®éªå®¤æ¦åµ](../../sysjsygl/sysgk.htm) * [å¶åº¦ä¸è§è](../../sysjsygl/zdygf.htm) * [æ¥å¸¸æ£æ¥](../../sysjsygl/rcjc.htm) * [å¤§ä»ªå¹³å°](../../sysjsygl/dypt.htm) * [å®å ¨ç¥è¯](../../sysjsygl/aqzs.htm) * [ä¸è½½è¡¨æ ¼](../../sysjsygl/xzbg.htm) * [ç§å­¦ç ç©¶](../../kxyj.htm) * [ç§ç å¨æ](../../kxyj/kydt.htm) * [ç§ç å¹³å°](../../kxyj/kypt.htm) * [ç§ç æå¯¼](../../kxyj/kyzd.htm) * [å­¦çå·¥ä½](../../xsgz.htm) * [å­¦å·¥ç®ä»](../../xsgz/xgjj.htm) * [æ°é»å¨æ](../../xsgz/xwdt.htm) * [éç¥å ¬å](../../xsgz/tzgg.htm) * [å­¦çç»ç»](../../xsgz/xszz.htm) * [å¢å­¦å·¥ä½](../../xsgz/txgz.htm) * [å°±ä¸æå¯¼](../../xsgz/jyzd.htm) * [å¥å¤å©è´·](../../xsgz/jqzd.htm) * [å¿çå¥åº·æè²](../../xsgz/xljkjy.htm) * [æ ¡åä¹å®¶](../../xyzj.htm) * [æ ¡ååå½](../../xyzj/xyml.htm) * [æ°åºæ ¡å](../../xyzj/jcxy.htm) * [æ ¡åå¨æ](../../xyzj/xydt.htm) * [åæ æèµ ](../../xyzj/yqjz.htm) * [English](English.htm) å®éªå®¤å»ºè®¾ä¸ç®¡ç * [å®éªå®¤æ¦åµ](../../sysjsygl/sysgk.htm) * [å¶åº¦ä¸è§è](../../sysjsygl/zdygf.htm) * [æ¥å¸¸æ£æ¥](../../sysjsygl/rcjc.htm) * [å¤§ä»ªå¹³å°](../../sysjsygl/dypt.htm) * [å®å ¨ç¥è¯](../../sysjsygl/aqzs.htm) * [ä¸è½½è¡¨æ ¼](../../sysjsygl/xzbg.htm) [å®éªå®¤æ¦åµ](../../sysjsygl/sysgk.htm) [å¶åº¦ä¸è§è](../../sysjsygl/zdygf.htm) [æ¥å¸¸æ£æ¥](../../sysjsygl/rcjc.htm) [å¤§ä»ªå¹³å°](../../sysjsygl/dypt.htm) [å®å ¨ç¥è¯](../../sysjsygl/aqzs.htm) [ä¸è½½è¡¨æ ¼](../../sysjsygl/xzbg.htm) ç­ç¹æ°é» [å­¦é¢å¬å¼é¢å¯¼ç­å­å¹´åº¦èæ ¸æ¨æ°å­¦ææèå·¥ä»£è¡¨ä¼è®®](/system/defaultcontent.jsp?isdiagrams=true) 2021-03-05 ææ°å ¬å [å­¦é¢å¬å¼é¢å¯¼ç­å­å¹´åº¦èæ ¸æ¨æ°å­¦ææèå·¥ä»£è¡¨ä¼è®®](/system/defaultcontent.jsp?isdiagrams=true) 2021-03-05 å½åä½ç½®ï¼ [é¦é¡µ](../../index.htm) >> [å®éªå®¤å»ºè®¾ä¸ç®¡ç](../../sysjsygl.htm) >> [å®å ¨ç¥è¯](../../sysjsygl/aqzs.htm) >> æ­£æ å®éªå®¤å®å ¨ç¥è¯ åå¸æ¶é´ï¼2023-03-10 ä½è ï¼ æµè§æ¬¡æ°ï¼ # ç¬¬ä¸è å®éªå®¤å¸¸è§å®å ¨é®é¢ å¯¹äºåæå®éªå®¤çå·¥ä½äººåï¼é¤äºéè¦äºè§£ãææ¡æå ³ç¨çµãåå­¦å±é©åä»¥åæ°ç¶ä½¿ç¨çå®å ¨ç¥è¯å¤ï¼å¨æ¥å¸¸å·¥ä½ä¸­è¿è¦éµå®ä¸äºå¸¸è§çãæ¶åå®å ¨é®é¢çå¸¸è¯åè§åã **1.****å®éªå®¤ä¸è¬å®å ¨å®å** 1ï¼å®éªå®¤è¦ç»å¸¸ä¿ææ´é½ãæ¸ æ´ãä»ªå¨ãè¯åãå·¥å ·å­æ¾æåºï¼å®éªå°é¢å¹²åãä½¿ç¨çä»ªå¨ææ¾åçãæ··ä¹±ãæ åºå¾å¾æ¯å¼åäºæ çéè¦åå ä¹ä¸ã 2ï¼ä¸¥æ ¼æç §ææ¯è§ç¨åæå ³åæç¨åºè¿è¡å·¥ä½ãå¯¹æ¯å¤©çå·¥ä½å®æè¦åå°å¿ä¸­ææ°ãå®æåçï¼ä½¿å·¥ä½è½ç´§å¼ æåºå°è¿è¡ã 3ï¼è¿è¡ææ½å¨å±é©å°å·¥ä½æ¶ï¼å¦å±é©ç©æçç°åºåæ ·ãæçæçç©åçå¤çãçç§åºæç­ï¼å¿ é¡»æç¬¬äºè éªä¼´ãéªä¼´è åºä½äºè½çæ¸ æä½è å·¥ä½æ åµçå°æ¹ï¼å¹¶æ³¨æè§å¯æä½çå ¨è¿ç¨ã 4ï¼æå¼ä¹ ç½®æªç¨çæµç¡é ¸ãæµçé ¸ãæµæ°¨æ°´çç¶å¡æ¶ï¼åºçé²æ¤ç¨åï¼ç¶å£ä¸è¦å¯¹çäººï¼å®å¨éé£æä¸­è¿è¡ãç­å¤©æå¼ææ¥åæº¶åç¶å¡çï¼åºå ç¨å·æ°´å·å´ãç¶å¡å¦é¾ä»¥æå¼ï¼å°¤å ¶æ¯ç£¨å£å¡ï¼ä¸å¯çåæ²å»ã 5ï¼ç¨éæµç¡«é ¸æ¶ï¼ç¨éç¨å®¹å¨ï¼å¦ç§æ¯ãé¥å½¢ç¶ç­ï¼ç»ä¸å¯ç´æ¥ç¨ç»å£ç¶ï¼ç½®äºå¡æçä¸­ï¼å°æµç¡«é ¸æ ¢æ ¢åæ¹å å ¥æ°´ä¸­ï¼å¹¶ä¸æ¶æ æï¼å¾ å·è³è¿å®¤æ¸©æ¶åè½¬å ¥ç»å£å¨æ¶²ç¶ãç»ä¸å¯å°æ°´åå ¥é ¸ä¸­ã 6ï¼è¸é¦æå ç­æçæ¶²ä½æ¶ï¼ç»ä¸å¯ä½¿ç¨æç«ï¼ä¸è¬ä¹ä¸è¦è¸å¹²ãæä½è¿ç¨ä¸­ä¸è¦ç¦»å¼äººï¼ä»¥é²æ¸©åº¦è¿é«æå·å´æ°´ä¸´æ¶ä¸­æ­å¼åäºæ ã 7ï¼åéªå®¤çæ¯ç¶è¯åãè¯åæº¶æ¶²ï¼å¿ é¡»è´´æåãå®ä¸è´çæ ç­¾ãç»ä¸å è®¸å¨ç¶å çè£ ä¸æ ç­¾å å®¹ä¸ç¸ç¬¦çè¯åã 8ï¼å·¥ä½æ¶è¦ç©¿å·¥ä½æãè¿è¡å±é©æ§æä½æ¶è¦å çé²æ¤ç¨å ·ãå®éªå®¤å·¥ä½æä¸å®ç©¿åºå®¤å¤ã 9ï¼å®éªå®¤å ç¦æ­¢æ½çãè¿é£ã 10ï¼å®éªå®åè¦è®¤çæ´æï¼ç¦»å¼å®éªå®¤æ¶è¦è®¤çæ£æ¥ï¼åæ°´ãæ­çµãçç¯ãéé¨ã **2.****å®éªå®¤å®å ¨å¿ å¤ç¨å** 1ï¼å¿ é¡»é ç½®éç¨çç­ç«å¨æï¼å°±è¿æ¾å¨ä¾¿äºåç¨çå°æ¹å®ææ£æ¥ï¼å¦å¤±æè¦åæ¶æ´æ¢ã 2ï¼æ ¹æ®åå®¤å·¥ä½å å®¹ï¼é ç½®ç¸åºçé²æ¤ç¨å ·åæ¥æè¯åï¼å¦é²æ¤ç¼éãæ©¡è¶æå¥ãé²æ¯å£ç½©ç­ï¼å¸¸ç¨ççº¢è¯æ°´ãç´«è¯æ°´ãç¢é ãåå¯è´´ãç¨å°èææº¶æ¶²ãç¡¼é ¸æº¶æ¶²ãæ¶æ¯çº±å¸ãè¯æ£ãå»ç¨éå­ãåªåç­ã **3.****åå­¦è¯åç®¡çåæ³** åéªå®¤çåå­¦è¯ååè¯åæº¶æ¶²åç§å¾å¤ï¼åå­¦è¯åå¤§å¤å ·æä¸å®å¾æ¯æ§åå±é©æ§ï¼å¯¹å ¶å å¼ºç®¡çä¸ä» æ¯ä¿è¯åææ°æ®è´¨éçéè¦ï¼ä¹æ¯ç¡®ä¿å®å ¨çéè¦ã åéªå®¤åªå®å­æ¾å°éç­æå éç¨çè¯åãåå­¦è¯åææ æºç©ãææºç©ãçç©å¹å »ååç±»å­æ¾ï¼æ æºç©æé ¸ãç¢±ãçåç±»å­æ¾ï¼çç±»ä¸­æéå±æ´»æ³¼æ§é¡ºåºåç±»å­æ¾ï¼çç©å¹å »åæå¹å »èç¾¤ä¸ååç±»å­æ¾ï¼å ¶ä¸­å±äºå±é©åå­¦è¯åä¸­çå§æ¯ååºéå¨ä¸é¨çæ¯åæä¸­ï¼ç±ä¸é¨äººåå éä¿ç®¡ãå®è¡é¢ç¨ç»ç³è¯·ãå®¡æ¹ãåäººç»è®°ç­¾å­çå¶åº¦ã 1ï¼å±äºå±é©åçåå­¦è¯å â æçåä¸ç¨³å®ç©è´¨ãå¦æµè¿æ°§åæ°¢ãææºè¿æ°§åç©ç­ã â¡æ°§åæ§ç©è´¨ãå¦æ°§åæ§é ¸ï¼è¿æ°§åæ°¢ä¹å±æ­¤ç±»ã â¢å¯çæ§ç©è´¨ãé¤æççæ°ä½ãæ¶²ä½ãåºä½å¤ï¼è¿å æ¬å¨æ½®æ°ä¸­ä¼äº§çå¯çç©çç©è´¨ãå¦ç¢±éå±çæ°¢åç©ãç¢³åéåæ¥è§¦ç©ºæ°èªççç©è´¨å¦ç½ç£·ç­ã â£ææ¯ç©è´¨ã â¤è èæ§ç©è´¨ãå¦ï¼é ¸ãç¢±ç­ã â¥æ¾å°æ§ç©è´¨ã 2)åéªå®¤è¯åå­æ¾ãä½¿ç¨è¦æ± â æçæçè¯ååºè´®äºéæï¼å£å1mmä»¥ä¸ï¼ä¸­ï¼æå­çé¡¶é¨é½æéé£å£ãä¸¥ç¦å¨åéªå®¤å­æ¾å¤§äº20Lçç¶è£ æçæ¶²ä½ãæçæçè¯åä¸è¦æ¾å¨å°ç®±å ï¼é²çå°ç®±é¤å¤ï¼ã â¡ç¸äºæ··åææ¥è§¦åå¯ä»¥äº§çæ¿çååºãçç§ãçç¸ãæ¾åºææ¯æ°ä½çä¸¤ç§æä¸¤ç§ä»¥ä¸çååç©ç§°ä¸ºä¸ç¸å®¹ååç©ï¼ä¸è½æ··æ¾ãè¿ç§ååç©å¤ä¸ºå¼ºæ°§åç©è´¨ä¸è¿åæ§ç©è´¨ã â¢è èæ§è¯åå®æ¾å¨å¡æææªç·ççææ¡¶ä¸­ï¼ä»¥é²å ç¶å­ç ´è£é æäºæ ã â£è¦æ³¨æåå­¦è¯åçå­æ¾çæéï¼ä¸äºè¯åå¨å­æ¾è¿ç¨ä¸­ä¼éæ¸åè´¨ï¼çè³å½¢æå±å®³ã â¤è¯åæåè¯åæº¶æ¶²ååºé¿å é³å ç´æåé è¿ææ°ç­ç­æºãè¦æ±é¿å çè¯ååºè£ äºæ£è²ç¶ä¸­æç¨é»çº¸æé»å¸å å¥½å­æ¾äºææä¸­ã â¥åç°è¯åç¶ä¸æ ç­¾æè½æè å°è¦æ¨¡ç³æ¶åºç«å³è´´å¥½æ ç­¾ãæ æ ç­¾ææ ç­¾æ æ³è¾¨è®¤çè¯åé½è¦å½æå±é©ç©åéæ°é´å«åå°å¿å¤çï¼ä¸å¯éä¾¿ä¹±æï¼ä¸é¢å¼èµ·ä¸¥éåæã â¦åå­¦è¯ååºå®ä½æ¾ç½®ãç¨åå¤ä½ãèçº¦ä½¿ç¨ï¼ä½å¤ä½çåå­¦è¯åä¸ååååç¶ã **4.****å§æ¯åçä¿ç®¡ãåæ¾ãä½¿ç¨ãå¤çç®¡çå¶åº¦** ä¸ºäºä¸¥æ ¼å§æ¯åçå¨å­ãä¿ç®¡åä½¿ç¨ãé²æ­¢æå¤æµå¤±ï¼é æä¸è¯åæåå±å®³ï¼ç¹å¶å®æ¬ç®¡çå¶åº¦å¦ä¸ï¼ 1ï¼å§æ¯åä»åºåä¿å­ç®±å¿ é¡»ç±ä¸¤äººåæ¶ç®¡çãåéï¼ä¸¤äººåæ¶å°åºæè½æå¼éã 2ï¼å§æ¯åä¿ç®¡äººåå¿ é¡»çæå§æ¯åçæå ³ç©çåå­¦æ§è´¨ï¼ä»¥ä¾¿åå¥½ä»åºæ¸©åº¦æ§å¶ä¸éé£è°è§£ã 3ï¼ä¸¥æ ¼æ§è¡åå­¦è¯åå¨åºæ£æ¥å¶åº¦ï¼å¯¹åºå­è¯åå¿ é¡»è¿è¡å®ææ£æ¥ï¼åç°æåè´¨ææå¼å¸¸ç°è±¡è¦è¿è¡åå åæï¼æåºæ¹è¿å¨å­æ¡ä»¶åä¿æ¤æªæ½ï¼å¹¶åæ¶éç¥æå ³é¨é¨å¤çã 4ï¼å¯¹å§æ¯ååæ¾æ¬çå å ¥å åºçååï¼åæ¾æ¶æåç¡®ç»è®°ï¼è¯åçè®¡éãåæ¾æ¶é´åç»æäººï¼ã 5ï¼å¡æ¯é¢ç¨åä½å¿ é¡»æ¯åäººé¢åï¼åäººéè¿ï¼å¦åå§æ¯åä»åºä¿ç®¡åææä¸äºåæ¾ã 6ï¼é¢ç¨å§æ¯åè¯åæ¶å¿ é¡»æåç³è¯·ä¸æ¥ï¼åå°ç¨å¤å°é¢å¤å°ï¼å¹¶ä¸æ¬¡é å¶æä½¿ç¨è¯åã 7ï¼ä½¿ç¨å§æ¯è¯åæ¶ä¸å®è¦ä¸¥æ ¼éµå®åææä½è§ç¨ã 8ï¼ä½¿ç¨å§æ¯è¯åçäººåå¿ é¡»ç©¿å¥½å·¥ä½æï¼æ´å¥½é²æ¤ç¼éãæå¥ç­å³å¨ä¿æ¤ç¨å ·ã 9ï¼å¯¹ä½¿ç¨åäº§ççåºæ¶²ä¸åéä¾¿åå ¥æ°´æ± å ï¼åºåå ¥æå®çåºæ¶²æ¡¶æç¶å ãåºæ¶²å¿ é¡»å½å¤©å¤çä¸å¾å­æ¾ã 10ï¼äº§ççåºæ¶²è¦å¨æå®çå®å ¨å°æ¹ç¨åå­¦æ¹æ³å¤çï¼è¦å»ºç«åºæ¶²å¤çè®°å½ãè®°å½å å®¹å æ¬ï¼åºæ¶²éãå¤çæ¹æ³ãå¤çæ¶é´ãå°ç¹ãå¤çäººã **5.****æ°ç¶çå®å ¨ä½¿ç¨** **1)****æ°ç¶å è£ æ°ä½çåç±»** ç¶è£ æ°ä½çåç±»æGB 16163-1996ãç¶è£ åç¼©æ°ä½åç±»ãè§å®ã â æå ¶ä¸´çæ¸©åº¦å¯ååä¸ºä¸ç±»ï¼â æ°¸ä¹ æ°ä½ï¼å¦æ°§æ°-118âï¼æ°¨æ°132.4âï¼æ°¯æ°144.0âãâ¡æ¶²åæ°ä½ï¼å¦NH3ãCL2ãH2Sç­ãâ¢æº¶è§£æ°ä½ï¼å¦ä¹çC2H2ã â¡æç §æ°ä½åå­¦æ§è´¨çå®å ¨æ§è½åç±»ï¼éå¸¸åä¸ºåç±»ï¼å§æ¯æ°ä½ï¼å¦F2ãCL2ï¼ãæçæ°ä½ï¼å¦H2ãCOãC2H2ï¼ãå©çæ°ä½ï¼å¦O2ãN2Oï¼ãä¸çæ°ä½ï¼å¦N2ãArãHeãCO2ï¼ã **2****ï¼æ°ç¶çå®å ¨ä½¿ç¨** ä¸ºäºå®å ¨ä½¿ç¨æ°ç¶ï¼æ°ç¶æ¬èº«å¿ é¡»æ¯å®å ¨çãé¢ç¶çäº§ãæ£éªçæ è®°å¿ é¡»æç¡®ãåæ ¼ãä¸è®ºçè£ åªç§æ°ä½çæ°ç¶ï¼å¨å ¶è©é¨é½æå·ä»¥ç½è²èæ¼çé¢å°æ è®°ï¼è®°æè¯¥ç¶çäº§ãæ£éªåæå ³ä½¿ç¨çä¸äºåºæ¬æ°æ®ï¼å¿ é¡»ä¸å®é ç¸ç¬¦ãéåææ¥åºçé¢ç¶ï¼é¤å¨æ£éªåä½çåé¢æä¸ç¸åºæ å¿å¤ï¼è¿åºå¨æ°ç¶å¶é åæçå·¥ä½ååæ å¿åé¢ï¼æä¸éåææ¥åºæ å¿ã æ°ç¶çå®å ¨ä½¿ç¨è§åå¦ä¸ï¼ â æ°ç¶çå­æ¾ä½ç½®åºç¬¦åé´åãå¹²ç¥ãä¸¥ç¦æç«ãè¿ç¦»ç­æºãä¸åæ¥å ææãå®¤å éé£è¯å¥½ç­æ¡ä»¶ãé¤ä¸çæ°ä½å¤ï¼ä¸å¾ä¸å¾è¿å ¥å®éªæ¥¼å ã â¡å­æ¾åä½¿ç¨ä¸­çæ°ç¶ï¼ä¸è¬é½åºç´ç«ï¼å¹¶æåºå®æ¯æ¶ï¼é²æ­¢åä¸ãå­æ¾çæ°ç¶å®å ¨å¸½å¿ é¡»æç´§ã â¢å§æ¯æ°ä½æç¸äºæ··åè½å¼èµ·çç§çç¸æ°ä½çé¢ç¶ï¼å¿ é¡»åç¬æ¾ç½®å¨åé´å ãå¹¶å¨è¯¥å®¤éè¿è®¾ç½®é²æ¯ãæ¶é²å¨æã â£æ¬è¿æ°ç¶æ¶ä¸¥ç¦ææ·ãæ²å»ãå§çéå¨ãç¶å¤å¿ é¡»æä¸¤ä¸ªæ©¡è¶é²éåãæ´ä¸å¹¶æç´§å®å ¨å¸½ãä¹çç¶ä¸¥ç¦æ»å¨ã â¤ä½¿ç¨æ¶å¿ é¡»å®è£ ååè¡¨ãååè¡¨ææ°ä½æ§è´¨åç±»ãå¦æ°§æ°è¡¨å¯ç¨äºO2ãN2ãArãH2ãç©ºæ°ç­ï¼èºçº¹æ¯å³æçï¼ä¿ç§°æ­£æ£ï¼ï¼æ°¢æ°è¡¨å¯ç¨äºH2ãCOç­å¯çæ°ä½ï¼èºçº¹æ¯å·¦æçï¼ä¿ç§°åæ£ï¼ãä¹çè¡¨åä¸ºä¹çæ°ç¶ä¸ç¨ã â¥å®è£ ååè¡¨æ¶ï¼åºå ç¨ææè¿ï¼è¯æç¡®å·²å ¥æ£åï¼åç¨æ³ææè¿ï¼ä¸è¬æè¿6-7æ£ãç¨çæ¶²æ£æ¥ï¼åºä¸¥å¯ä¸æ¼æ°ã â¦å¼å¯é¢ç¶åï¼åºå å ³é­ååè¡¨ãå¼å¯å¨ä½è¦è½»ï¼ç¨åè¦åãå½æ»è¡¨å·²æ¾ç¤ºç¶å åååï¼åå¼å¯åè¡¨ï¼è°èè¾åºååè³æéå¼ã â§ç¶å æ°ä½ä¸å¾å ¨é¨ç¨å°½ï¼å©ä½ååä¸è¬ä¸å¾å°äº0.2Mpaï¼å·²å¤å æ°åä½æ£éªåæ ·ï¼ä¹å¯é²æ­¢ç©ºæ°åæ¸å ¥ç¶å ã **ç¬¬äºè ç§ä¼¤ãç¼ä¼¤çæ¥æç¥è¯** **1.****ä¸è¬ç§ä¼¤çæ¥æç¥è¯** ä¸è¬ç§ä¼¤å æ¬ç«ä¼¤åç«ä¼¤ãæå ¶ä¼¤å¿çè½»éå¯ä»¥åä¸ºä¸çº§ï¼ä¸çº§ç§ä¼¤ï¼çº¢è¿ï¼äºçº§ç§ä¼¤ï¼ç®è¤èµ·æ³¡ï¼ä¸çº§ç§ä¼¤ï¼ç»ç»ç ´åï¼ç®è¤åç°æ£è²æé»è²ãç«ä¼¤ææ¶åç½è²ã æ¥æçä¸»è¦ç®çæ¯ä½¿åä¼¤ç®è¤è¡¨é¢ä¸åææãå½ä¼¤åèº«ä½è¡¨é¢ç§¯è¾å¤§æ¶ï¼åºå°ä¼¤è è¡£æè±å»ï¼å¿ è¦æ¶ç¨åªååªå¼è¡£æï¼é²æ­¢ä¼¤åç®èï¼ï¼ç¨æ¶æ¯çº±å¸åæ´åçå¸è¢«åçå¥½èº«ä½ï¼ç«å³éå»é¢æ²»çãç§ä¼¤ççèº«ä½æå¤±å¤§éæ°´åï¼å æ­¤å¿ é¡»åæ¶è¡¥ç»å¤§éæ¸©ç­é¥®æï¼å¯ä»¥å¨100mlæ°´ä¸­å é£ç0.3gãç¢³é ¸æ°¢é 0.15gãç³ç²¾0.04gï¼æçå¼æ°´ï¼ä»¥é²æ£è ä¼å ãæå¥½è¯·å»æ¤äººååæ¥æ¢æãéä¼¤è è³å»é¢æ¶è¦é²å¯ãé²æãé²ç«ï¼å¿ è¦æ¶è¿è¦è¾æ¶²ææ­¢çã å¯¹åè¢åèº¯å¹²äºåº¦ç§ä¼¤ï¼é¢ç§¯åä¸æè¿ï¼å¯ä»¥ç¨èæ²¹çº±å¸è¦çå¨å·²æ¸ æ´ï¼å¯å ç¨æ èçççæ°´æ´å®åï¼åç¨1ï¼2000æ°æ´å°æ¶²å²æ´ï¼æ­å¹²çä¼¤é¢ï¼å¹¶ç¨å å±çº±å¸å è£¹ï¼éå¤©å³é¡»æ´æ¢æ·æãæå¥½ä¹åºå»å»é¢å¤çã å¡ç§ä¼¤é¢ç§¯å¤§ï¼ä¸åº¦ç§ä¼¤çæ£è ï¼å°½å¯è½éç¨æ´é²çæ³ï¼ä¸å®å æï¼åºç±å»çå¨å»é¢è¿è¡æ²»çã ç®åçç§ä¼¤æ²»çå¯ä»¥ç¨ä¸è¿°æ¹æ³ï¼ è½»åº¦ç§ä¼¤ï¼å¯ç¨æ¸ åä¹³åï¼æ¸ ç³ç°å 500gè¸é¦æ°´2000mlï¼æ æãæ²æ·ï¼åä¸å±æ¸ æ¶²åç­ä½ç§¯èéº»æ²¹æ··åï¼æ¶äºä¼¤å¤ï¼å¿ è¦æ¶è¿è¡å æãäºåº¦ç§ä¼¤ï¼å¯éç¨5%æ°å¶ä¸¹å®æº¶æ¶²ï¼ç¨çº±å¸æµ¸æ¹¿å æï¼æç«å³å¨ä¼¤å¤æ¶ç¾æ²¹ãæ³¨æåä¸å«å°ç«ä¼¤å¼èµ·çæ°´æ³¡å¼ç ´ï¼ä»¥é²ææã **2.****åå­¦ç¼ä¼¤çæ¥æç¥è¯** åå­¦æ¯ç¼ä¼¤æ¶ï¼åºè¿ éè§£è±è¡£æï¼æ¸ æ´ç®è¤ä¸çåå­¦è¯åï¼å¹¶ç¨å¤§éå¹²åçæ°´å²æ´ãåç¨æ¸ é¤è¿ç§æå®³è¯åçç¹ç§æº¶åãæº¶æ¶²æè¯åä»ç»å¤çï¼ä¸¥éçåºéå»é¢æ²»çã åå¦æ¯ç¼çåå°åå­¦ç¼ä¼¤ï¼æå¥½çæ¹æ³æ¯ç«å³ç¨æ´æ¶¤å¨çæ°´æµæ´æ¶¤ï¼æ´æ¶¤æ¶éè¦é¿å æ°´æµç´å°ç¼çï¼ä¹ä¸è¦ææç¼çãå¨ç¨å¤§éçç»æ°´æµæ´æ¶¤åï¼å¦ææ¯ç¢±ç¼ä¼¤ï¼åç¨20%ç¡¼é ¸æº¶æ¶²æ·æ´ï¼å¦ææ¯é ¸ç¼ä¼¤ï¼åç¨3%ç¢³é ¸æ°¢é æº¶æ¶²æ·æ´ã **ç¬¬ä¸è è§¦çµçæ¥æç¥è¯** **1.****çµå»ä¼¤ç¥è¯** çµå»ä¼¤ä¿ç§°è§¦çµãæ¯ç±äºçµæµéè¿äººä½æè´ãå±é¨è¡¨ç°æä¸åç¨åº¦çç§ä¼¤ãåºè¡ãç¦é»ç­ç°è±¡ãç§ä¼¤åºä¸æ­£å¸¸ç»ç»çéæ¸ æ¥ãæå ¨èº«æºè½éç¢ï¼å¦ä¼å ãå¼å¸å¿è·³åæ­¢ãè´æ­»åå æ¯ç±äºçµæµå¼èµ·èï¼å»¶é«çå¼å¸ä¸­æ¢ï¼çé«åº¦æå¶åå¿èçæå¶ï¼å¿å®¤çº¤ç»´æ§é¢¤å¨ãè§¦çµåçæä¼¤ä¸çµåãçµæµä»¥åå¯¼ä½æ¥è§¦ä½è¡¨çæ åµæå ³ãçµåé«ãçµæµå¼ºãçµé»å°èä½è¡¨æ½®æ¹¿ï¼æè´æ­»ï¼å¦æçµæµä» ä»ä¸ä¾§è¢ä½æä½è¡¨ä¼ å¯¼å ¥å°ï¼æè¢ä½å¹²ç¥ãçµé»å¤§ï¼å¯è½å¼èµ·ç§ä¼¤èæªå¿ æ­»äº¡ã **2.****è§¦çµçæ¥æåå** 1ï¼åç°æäººè§¦çµåï¼ç«å³åæ­çµæºï¼æä¸çµé¸ï¼æç¨ä¸å¯¼çµçç«¹ãæ¨æ£å°å¯¼çµä½ä¸è§¦çµè åå¼ãå¨æªåæ­çµæºæè§¦çµè æªè±ç¦»çµæºæ¶ï¼åä¸å¯è§¦æ¸è§¦çµè ã 2ï¼å¯¹å¼å¸åå¿è·³åæ­¢è ï¼åºç«å³è¿è¡æ³å»å¤èæå£å¯¹å£çäººå·¥å¼å¸åå¿èè¸å¤æ¤åï¼ç´è³å¼å¸åå¿è·³æ¢å¤ä¸ºæ­¢ãå¦å¼å¸ä¸æ¢å¤ï¼äººå·¥å¼å¸è³å°åºåæ4å°æ¶æåºç°å°¸åµåå°¸ææ¶æ¹å¯æ¾å¼æ¢æãææ¡ä»¶æ¶ç´æ¥ç»äºæ°§æ°å¸å ¥æ´ä½³ã 3ï¼å¨å°±å°æ¢æçåæ¶ï¼å°½å¿«å«å»å¡äººåæåæå ³å»çåä½æ±æ´ãç¨å¼å¸ä¸­æ¢å ´å¥è¯ï¼éåºäººä¸­æåå®£ç©´ãå¨å¿è·³åæ­¢åç¦ç¨å¼ºå¿åã **3.****ç¨çµåºæ¬ç¥è¯** å¨åéªå®¤ä½¿ç¨åç§çµå¨è®¾å¤æ¶ï¼è¦æ³¨æå®å ¨ç¨çµï¼ä»¥é¿å è§¦çµåç¨çµäºæ ãå æ­¤ï¼å¿ é¡»ææ¡ä¸äºç¨çµåºæ¬ç¥è¯ãä¸¥æ ¼éµå®ç¨çµè§åï¼ 1ï¼åéªå®¤ä¾çµæ»åçï¼è¦è½æ»¡è¶³å®¤å åæ¶ç¨çµè´è½½çæ»åçå¹¶éå½çæä½å°ãä¾çµçµåè¦ä¸è´è½½é¢å®çµåç¸ç¬¦ã 2ï¼æ¥å°è¦è¯å¥½ãè¦å°çµå¨è®¾å¤ä¸å¨æ­£å¸¸å·¥ä½æ¶ä¸å¸¦çµçéå±é¨åä¸æ¥å°ä½ä¹é´ç¨å¯¼çº¿å¾å¥½å°è¿æ¥ãçµå¨åºä½¿ç¨æ¼çµä¿æ¤å¨ã 3ï¼å¤§åç²¾å¯ä»ªå¨çä¾çµçµåè¦ç¨³å®ãä¸è¬å¸çµä¾çµçµåæ³¢å¨ä¸º220VÂ±20Vãå¦ä¾çµè´¨éä¸ç¬¦åä»ªå¨éè¦æ¶ï¼åºé å¤ç¨³åçµæºï¼æçè¿è¦æ±åæ¶å ·å¤æ»¤æ³¢åè½ãç²¾å¯ä»ªå¨å¤§å¤éè¦æè¯å¥½çæ¥å°çº¿ã 4ï¼å¤§åç²¾å¯ä»ªå¨ãå¤§åçç¨çµè®¾å¤ï¼å¿ é¡»éç¨åç¬æ§å¶å¼å ³ãä¸è¦å å°è®¾å¤åªæä¸ä¸ªæ§å¶å¼å ³ã 5ï¼çµæºæçæ­å¨ççä¸ç§æ­æ¶ï¼åºæ ¹æ®çæ­çç¶åµï¼åæ­¥å¤æ­åå ï¼è¶ è´è·ææç­è·¯ï¼ï¼æ£æ¥ãæé¤æ éåï¼åæ´æ¢çæ­å¨ççä¸ãä¸è¦éæå¢å¤§çæ­å¨ççä¸çé¢å®çµæµï¼æ´ä¸è®¸å¯ç¨éä¸ä»£æ¿çæ­å¨ççä¸ã 6ï¼é«æ¸©çµç­è®¾å¤ï¼å¦é«æ¸©çãçµçãä¸å®è¦æ¾ç½®å¨éç­çæ°´æ³¥å°ä¸ï¼ç»ä¸å¯ç´æ¥æ¾å¨æ¨è´¨ç­å¯çæè´¨çå·¥ä½å°ä¸ãå°çµçç½®äºæ¨å¶å®éªå°ï¼å³ä½¿å¨çµçä¸å«æå ç«ç ï¼ä½å é¿æ¶é´è¿ç»­ä½¿ç¨ç¤ç­å¼çå·¥ä½å°ï¼é ¿æç«ç¾çäºæ ï¼æ¾æåçï¼ **4.****éçµé²æ¤** éçµæ¯æå¨ä¸å®å¾ç©ä½è¡¨é¢ä¸å­å¨ççµè·3~4kVæ¶ï¼è¥äººä½è§¦åå°±ä¼æè§¦çµæè§ãéçµè½é æå¤§åä»ªå¨çé«æ§è½å å¨ä»¶çæå®³ï¼å±åä»ªå¨çå®å ¨ï¼ä¹ä¼å æ¾çµæ¶ç¬é´äº§ççå²å»æ§çµæµç»äººä½é æä¼¤å®³ãè½ä¸è´å çµæµå±åçå½ï¼ä½ä¸¥éæ¶è½ä½¿äººæåï¼çµå­å¨ä»¶æ¾çµç«è±å¼èµ·æçæ°ä½çç§æè çç¸ï¼å æ­¤å¿ é¡»å ä»¥é²æ¤ãé²éçµçæªæ½ä¸»è¦æä»¥ä¸å ç§ï¼ 1ï¼é²éçµåºå ä¸è¦ä½¿ç¨å¡æãæ©¡è¶å°æ¿ãå°æ¯¯ç­ç»ç¼æ§è½å¥½çå°é¢ææï¼åºéºè®¾å¯¼çµæ§å°æ¿ã 2ï¼å¨æçæçåºæï¼åºç©¿çç¨å¯¼çµçº¤ç»´ææå¶æçé²éçµå·¥ä½æï¼é²éçµéï¼R<150kÎ©ï¼ãæå¥ç­ãä¸è¦ç©¿åçº¤ç±»ç»ç©ãè¶éåç»ç¼åºéã 3ï¼é«åå¸¦çµä½åºæå±è½æªæ½ï¼ä»¥é²äººä½æåºäº§çéçµã 4ï¼è¿å ¥æäº§çéçµçå®éªå®¤åï¼åºå å¾æè§¦æ¸ä¸ä¸éå±æ¥å°æ£ï¼ä»¥æ¶é¤äººä½ä»å®¤å¤å¸¦æ¥çéçµãåçå·¥ä½å°åºåï¼å¯å¨æè ä¸å¸¦æ¥å°è å¸¦ã 5ï¼å¡ä¸åæè½¬å°çµå¨è®¾å¤ï¼å¦çç©ºæ³µãåç¼©æºç­ï¼å ¶å¤å£³å¿ é¡»è¯å¥½æ¥å°ã **ç¬¬åè æºæ¢°ä¼¤çæ¥æç¥è¯** æºæ¢°ä¼¤å®³é æçåä¼¤é¨ä½å¯ä»¥éåæä»¬çå ¨èº«åä¸ªé¨ä½ï¼å¦å¤´é¨ãç¼é¨ãé¢é¨ãè¸é¨ãè °é¨ãé¢æ¤ãåè¢ç­ï¼æäºæºæ¢°ä¼¤å®³ä¼é æäººä½å¤å¤ä¼¤å®³ï¼åæéå¸¸ä¸¥éãç°åºæ¥æå¯¹æ¢æåä¼¤è éå¸¸å ³é®ï¼å¦æç°åºæ¥ææ­£ç¡®åæ¶ï¼ä¸ä» å¯ä»¥åè½»ä¼¤è ççè¦ï¼éä½äºæ çä¸¥éç¨åº¦ï¼èä¸å¯ä»¥ä¸ºäºåæ¢ææ¶é´ï¼æ½ææ´å¤äººççå½ãä½ä¸ºä¸ä¸ªåéªåï¼ä½ ä¼åºç°è®¸å¤æ­£è¿è¡åç§æºæ¢°æä½ççäº§ç°åºï¼å½ç¶ä¼éå°ä¸äºä¸å®å ¨å ç´ ï¼æä»¥å­¦ä¸äºæå ³æºæ¢°ä¼¤å®³çæ¥æç¥è¯ï¼å¯¹èªå·±åå¯¹å·¥åé½æ¯éå¸¸æç¨çã **1.****ä¼¤å®³æ¥æåºæ¬è¦ç¹** 1ï¼åçæºæ¢°ä¼¤å®³äºæ åï¼ç°åºäººåä¸è¦å®³æåæ ä¹±ï¼è¦ä¿æå·éï¼è¿ éå¯¹åä¼¤äººåè¿è¡æ£æ¥ã æ¥ææ£æ¥åºå çç¥å¿ãå¼å¸ï¼æ¥çæ¸èæãå¬å¿è·³ï¼åæ¥ç³å­ï¼ææ¡ä»¶è æµè¡åãæ£æ¥å±é¨ææ åä¼¤ãåºè¡ãéª¨æãç¸å½¢ç­ååï¼æ ¹æ®ä¼¤è çæ åµï¼æéå¯¹æ§å°éåäººå·¥å¼å¸ãå¿èæ¤åãæ­¢è¡ãå æãåºå®ç­ä¸´æ¶åºæ¥æªæ½ã 2ï¼è®©äººè¿ éæ¨ææ¥æçµè¯ï¼åå»çææ¤åä½æ±æ´ãè®°ä½æ¥è­¦çµè¯å¾éè¦ï¼æå½éç¨çå»çæ¥æçµè¯ä¸º120ï¼ä½é¤äº120ä»¥å¤ï¼åå°è¿æä¸äºå ¶ä»çæ¥æçµè¯ï¼ä¹è¦éå½çæãå¨åçä¼¤å®³äºæ åï¼è¦è¿ éåæ¶æ¨ææ¥æçµè¯ï¼æ¨ææ¥æçµè¯æ¯ï¼è¦æ³¨æä»¥ä¸é®é¢ï¼ â å¨çµè¯ä¸­åºåå»çè®²æ¸ ä¼¤åçç¡®åå°ç¹ï¼èç³»æ¹æ³ï¼å¦çµè¯å·ç ï¼ãè¡é©¶è·¯çº¿ã â¡ç®è¦è¯´æä¼¤åçåä¼¤æ åµãçç¶ç­ï¼å¹¶è¯¢é®æ¸ æ¥å¨ææ¤è½¦å°æ¥ä¹åï¼åºè¯¥åäºä»ä¹ã â¢æ´¾äººå°è·¯å£åå¤è¿åææ¤äººåã 3ï¼éµå¾ªâå æå½ãåæè¢âçååï¼ä¼å å¤çé¢ èä¼¤ãè¸ä¼¤ãèãè¾ç ´è£ç­å±åçå½çå èä¼¤ï¼ç¶åå¤çè¢ä½åºè¡ãéª¨æç­ä¼¤ã 4ï¼æ£æ¥ä¼¤è å¼å¸éæ¯å¦è¢«èå¤´ãåæ³ç©æå ¶ä»å¼ç©å µå¡ã 5ï¼å¦æå¼å¸å·²ç»åæ­¢ï¼ç«å³å®æ½äººå·¥å¼å¸ã 6ï¼å¦æèæä¸å­å¨ï¼å¿èåæ­¢è·³å¨ï¼ç«å³è¿è¡å¿èºå¤èã 7ï¼å¦æä¼¤è åºè¡ï¼è¿è¡å¿ è¦çæ­¢è¡åå æã 8ï¼å¤§å¤æ°ä¼¤åå¯ä»¥æ¯«æ é¡¾å¿å°æ¬éå»é¢ï¼ä½å¯¹äºé¢é¨ãèé¨ä¸¥éåæè è¦æ éï¼ä»¥é²æ­¢å ¶è¿ä¸æ­¥åä¼¤ã 9ï¼è®©æ£è å¹³å§å¹¶ä¿æå®éï¼å¦æååï¼æ é¢é¨éª¨ææ¶ï¼åºå°å ¶å¤´é¨ä¾§åä¸è¾¹ä»¥é²æ­¢åå¡ã 10ï¼å¨ä½è½»ç¼å°æ£æ¥æ£è ï¼å¿ è¦æ¶åªå¼è¡£æï¼é¿å çªç¶æªå¨å¢å æ£è çè¦ã 11ï¼ææ¤äººåæ¢è¦å®æ °æ£è ï¼èªå·±ä¹åºå°½éä¿æééï¼ä»¥æ¶é¤æ£è çææ§ã 12ï¼ä¸è¦ç»æè¿·æåæè¿·è åæ°´ï¼ä»¥é²æ¶²ä½è¿å ¥å¼å¸éèå¯¼è´çªæ¯ï¼ä¹ä¸è¦ç¨æå»ææå¨çæ¹å¼è¯å¾å¤éæè¿·è ã **2.****ç°åºæ¥æææ¯** 1ï¼äººå·¥å¼å¸ å£å¯¹å£ï¼é¼»ï¼å¹æ°æ³æ¯ç°åºæ¥æä¸­æ¹åæå¤çä¸ç§äººå·¥å¼å¸æ¹æ³ï¼å ·ä½æä½æ¹æ³æ¯ï¼ â å¯¹ä¼¤åè¿è¡åæ­¥å¤çãå°éè¦è¿è¡äººå·¥å¼å¸çä¼¤åæ¾å¨éé£è¯å¥½ï¼ç©ºæ°æ°é²ãæ°æ¸©éå®çå°æ¹ãè§£å¼ä¼¤åçè¡£é¢ãè£¤å¸¦ãå è¡£åä¹³ç½©ï¼æ¸ æ¥å£é¼»åæ³ç©ãååç©åå ¶ä»æç©ï¼ä¿è¯å¼å¸éç éã â¡ä½¿ä¼¤åä»°å§ï¼æ½æäººåä½äºå ¶å¤´é¨ä¸ä¾§ï¼æä½ä¼¤åçé¼»å­ï¼æ·±å¸æ°åï¼å°èªå·±çå´ç´§è´´ä¼¤åçå´å¹å ¥æ°ä½ãä¹åï¼ç¦»å¼ä¼¤åçå´ï¼æ¾å¼é¼»å­ï¼ä»¥ä¸æåä¼¤åè¸é¨ï¼å©å ¶å¼åºä½å æ°ä½ãå¦æ­¤ï¼æèå¾çåå¤è¿è¡ï¼æ¯åéè¿è¡15æ¬¡ãå¹æ°ä¸è¦ç¨åè¿åº¦ï¼ä»¥å é æä¼¤åèºæ³¡ç ´è£ã â¢å¹æ°æ¶ï¼åºé åå¯¹ä¼¤åè¿è¡è¸å¤å¿èææ©ãä¸è¬çï¼å¹ä¸æ¬¡æ°åï¼ä½åæ¬¡å¿èææ©ã 2ï¼å¿èºå¤è è¸å¤å¿èææ©æ¯å¿èå¤èçä¸»è¦æ¹æ³ï¼å®æ¯éè¿åè¿«è¸éª¨ï¼å¯¹å¿èç»äºé´æ¥ææ©ï¼ä½¿å¿èæåºè¡æ¶²ï¼åä¸è¡æ¶²å¾ªç¯ï¼ä»¥æ¢å¤å¿èçèªä¸»è·³å¨ãå ¶å ·ä½æä½æ¹æ³æ¯ï¼ â è®©éè¦è¿è¡å¿èææ©çä¼¤åä»°å§å¨å¹³æ´çå°é¢ææ¨æ¿ä¸ã â¡æ½æäººåä½äºä¼¤åä¸ä¾§ï¼åæéå æ¾å¨ä¼¤åè¸é¨ä¸¤ä¹³æ­£ä¸­é´å¤ï¼ç¨ååä¸æ¤åè¸éª¨ï¼ä½¿è¸éª¨ä¸é·3~4cmï¼ç¶åè¿ éæ¾æ¾ï¼æ¾æ¾æ¶æé¨ç¦»å¼è¸é¨ãå¦æ­¤åå¤æèå¾çè¿è¡ãå ¶ææ©éåº¦ä¸ºæ¯åéçº¦60~80æ¬¡ã 3ï¼æ­¢è¡ å½ä¼¤åèº«ä½æå¤ä¼¤åºç°åºè¡ç°è±¡æ¶ï¼åºåæ¶éåæ­¢è¡æªæ½ãå¸¸ç¨çæ­¢è¡æ¹æ³æä»¥ä¸å ç§ï¼ â ä¼¤å£å åæ³ è¿ç§æ¹æ³ä¸»è¦éç¨äºåºè¡éä¸å¤ªå¤§çä¸è¬ä¼¤å£ï¼éè¿å¯¹ä¼¤å£çå ååå æï¼åå°åºè¡ï¼è®©è¡æ¶²ååºã â¡æåæ­¢è¡æ³ ä¸´æ¶ç¨æææææåè¿«ä¼¤å£é è¿å¿ç«¯çå¨èï¼å°å¨èååæ·±é¨çéª¨å¤´ä¸ï¼é»æ­è¡æ¶²çæµéï¼ä»èè¾¾å°ä¸´æ¶æ­¢è¡çç®çã â¢æ­¢è¡å¸¦æ³ è¿ç§æ¹æ³éåäºåè¢ä¼¤å£å¤§éåºè¡æ¶ä½¿ç¨ãä¸»è¦æå¸æ­¢è¡å¸¦ç»ç´§æ­¢è¡ãå¸æ­¢è¡å¸¦å å«æ­¢è¡ãæ©¡ç®æ­¢è¡å¸¦æ­¢è¡ä¸ç§ãä½¿ç¨æ­¢è¡å¸¦æ³æ­¢è¡æ¶ï¼ç»ææ¾ç´§è¦éå®ï¼ä»¥åºè¡åæ­¢ãè¿ç«¯ä¸è½æ¸å°èæä¸ºå¥½ã 4ï¼æ¬è¿è½¬é è½¬éæ¯å±éä¼¤åç»è¿ç°åºæ¥æåç±ææ¤äººåå®å ¨éå¾å»é¢çè¿ç¨ï¼æ¯ç°åºæ¥æè¿ç¨ä¸­çéè¦ç¯èãå æ­¤ï¼å¿ é¡»å¯»æ¾åéçæ æ¶ï¼åå¤å¿ è¦çéä¸­æ¥æåéåå¨æï¼å°½å¯è½ä½¿ç¨è°åº¦éåº¦å¿«ãéå¨å°çè¿è¾å·¥å ·ã **ç¬¬äºè åå­¦ä¸­æ¯æ¥æç¥è¯** æ¯å®³æ§åå­¦è¯åç»ç§°ä¸ºæ¯å®³åï¼æçæ¯è¿å ¥äººä½è¡æ¶²åå¯¼è´ç¾ç ææ­»äº¡çç©åãä¸åæ¯å®³åçå¶æ¯éå¾åæ¯å®³ç¨åº¦é½ä¸åã åéªå·¥ä½ä¸­æ¥è§¦å°çåå­¦è¯åï¼å¾å¤æ¯å¯¹äººä½ææ¯çãæäºæ°ä½ãè¸æ±½ãçé¾åç²å°è½éè¿å¼å¸éè¿å ¥äººä½å¦COãHCNãCL2ãé ¸é¾ãNH3ç­ç­ãæäºåå¯ç»æªæ¸ æ´çæï¼å¨é¥®æ°´ãè¿é£æ¶ç»æ¶åéè¿å ¥äººä½ï¼å¦æ±ãSO2ãSO3ãæ°®çæ°§åç©ãè¯èºç­ç­ãæäºåå­¦è¯åå¯ç±å ç§éå¾è¿å ¥äººä½ãæäºæ¯ç©å¯¹äººä½çæ¯å®³å¯è½æ¯æ ¢æ§çãç§¯ç´¯æ§çï¼ä¾å¦æ±ãç ·ãé ãè¯ãé ãå¤ä»£çç­ï¼å½å®ä»¬èµ·åè¿å ¥äººä½æ¶ï¼éå¾å°ï¼çç¶ä¸ææ¾ï¼å¾å¾è¢«å¿½è§ï¼ç´å°é¿ææ¥è§¦ä»¥åï¼æåºç°ä¸­æ¯ççç¶ï¼å æ­¤å¿ é¡»å ä»¥è¶³å¤çéè§ã åéªäººåäºè§£æ¯ç©æ§è´¨ãä¾µå ¥éå¾ãä¸­æ¯çç¶åæ¥ææ¹æ³ï¼å¯ä»¥åå°åå­¦æ¯ç©å¼èµ·çä¸­æ¯äºæ ãä¸æ¦åçä¸­æ¯äºæ æ¶ï¼è½äºåå¤ºç§å°éåæ­£ç¡®çèªææªæ½ï¼åæ±å¨æ¯ç©è¢«èº«ä½å¸æ¶ä¹åå®ç°æ¢æï¼ä½¿æ¯ç©å¯¹äººä½çæå®³åè³æå°ã **1.****ä¸­æ¯ä¸æ¯ç©åçº§** 1ï¼ä¸­æ¯éå¾ æ¯å®³åå¯éè¿ä¸åä¸ç§éå¾å¼èµ·ä¸­æ¯ã â å¼å¸ç³»ç» åæ£äºç©ºæ°ä¸­çæ¥åæ§æ¯ç©åç²å°ï¼éè¿å¼å¸ç»èºé¨è¿å ¥è¡æ¶²ï¼å¹¶éè¡æ¶²å¾ªç¯åæ£å°äººä½åé¨ä½å¼èµ·å ¨èº«ä¸­æ¯ã â¡æ¶åç³»ç» æä½æ¶è§¦åæ¯ç©çææªæ´åå°±æ¿åé£ç©ãé¥®æç­èå°æ¯å®³åå¸¦å ¥å£è ãèãè éèå¼èµ·ä¸­æ¯ãä¹æå è¯¯é£èä¸­æ¯çã â¢æ¥è§¦ä¸­æ¯ æ¯å®³åç±ç®è¤æ¸å ¥ä½å ï¼æéè¿ç®è¤ä¸çä¼¤å£è¿å ¥ï¼ç»è¡æ¶²å¾ªç¯èå¯¼è´ä¸­æ¯ãè¿ç±»æ¯å®³åå¤å±èæº¶æ§ãæ°´æº¶æ§æ¯ç©ï¼å¦ç¡ç±»ååç©ãæ°¨åºåç©ãææºç£·åç©ãæ°°åç©ç­ãæä»¥ï¼å®éªå®¤ä¸å®è¦éé£è¯å¥½ï¼å°½åéä½ç©ºæ°ä¸­æå®³ç©è´¨çå«éãå¡æ¶åæ¯å®³åçæä½å¿ é¡»è®¤çãå°å¿ï¼æä¸ä¸è½æä¼¤å£ï¼æä½å®åä¸å®è¦ä»ç»æ´æï¼çäº§ææ¯å®³æ§æ°ä½çæä½ï¼ä¸å®è¦å¨éé£æä¸­è¿è¡ã 2ï¼æ¯æ§åæ° éè¿æµå®æç©è´¨å¯¹ç»èçæå®³ç¨åº¦ï¼å¯ä»¥è¡¡éè¯¥ç©è´¨çæ¯æ§ãè¿ç§æ°æ®ä¸è¬é¾ä»¥æµåï¼ä¸é½æ¯å¨ç¹å®å¨ç©ä½ä¸å®éªåå°å ¶ç»æå¤æ¨å°äººä½æ¥è¯å®çãå°½ç®¡å¦æ­¤ï¼å®ä»æä¸å®å¾åèä»·å¼ãç®åçæ¯æ§åæ°ä¸»è¦æä¸¤ç§ã â åè´æ­»éï¼LD50ï¼ æåé£ä¸ç»å®éªå¨ç©ï¼å¦ç½é¼ æè±é¼ ï¼ãä½¿å ¶æ­»äº¡åæ°çæ¯ç©éãå¸¸ä»¥mg/kgè¡¨ç¤ºã â¡åè´æ­»æµåº¦ï¼LC50ï¼ æå®éªå¨ç©å¸å ¥ææ¯ç©ä¸å®æ¶é´åï¼ä½¿å ¶åæ°æ­»äº¡æ¶è¯¥æ¯ç©å¨ç©ºæ°ä¸­çè´¨éæµåº¦ï¼å¸¸ä»¥mg/m3è¡¨ç¤ºã å¨çäº§ä¸­å¸¸ä»¥æä½åºæåæ°ä¸­ææ¯ç©çæé«å®¹è®¸æµåº¦ä¸ºæ¯æ§åæ°ãå¨è¯¥æµåº¦ä¸ï¼æä½è æ¯å¤©å·¥ä½8hï¼æç»­ä¸å¨ãä¸ææéå®çææ®µæ¶é´å èä»ä¸ä¼é æææ¾æ¯å®³çæ¯ç©æµåº¦ã 3ï¼æ¯ç©å±å®³çº§å« æå½å½å®¶æ åGB/T 5044-1985ãèä¸æ§æ¥è§¦æ¯ç©å±å®³ç¨åº¦åçº§ãï¼æ ¹æ®æ¯ç©çLD50å¼ï¼æ¥æ ¢æ§ä¸­æ¯ç¶åµä¸åæãè´çæ§ãå·¥ä½åºææé«å®¹è®¸æµåº¦ç­6é¡¹ææ ï¼å ¨é¢æè¡¡ï¼å°æ¯ç©çå±å®³ç¨åº¦åä¸ºåä¸ªçº§å«ã **2.****æ¥ææªæ½** ä¸»è¦ç»åºçæ¯æºä½åå°åå­¦æ¯ç©æ¥æ§æå®³æ¶æåºéåçç°åºèªæãäºæãæ¥ææªæ½ï¼ä¸è¬ä¸æ¶åå°±å»åçè¿ä¸æ­¥æ²»çæªæ½ãå¨ç°åºæ¥æä¸­åºéç¹æ³¨æä»¥ä¸å ä¸ªé®é¢ï¼ â æ½æè è¦åå¥½ä¸ªä½é²æ¤ï¼ä½©å¸¦åéçé²æ¤ç¨å ·ã â¡è¿ éå°æ£è ç§»è³ç©ºæ°æ°é²å¤ï¼æ¾å¼è¡£é¢åè °å¸¦ï¼ååºå£ä¸­ä¹é½¿åå¼ç©ï¼ä¿æå¼å¸ééç ãå¼å¸å°é¾åæç´«ç»è ç»å¸æ°§ï¼æ³¨æä¿æã â¢å¦æå¼å¸å¿è·³åæ­¢è ï¼åºç«å³å¨ç°åºè¿è¡äººå·¥å¼å¸åè¸å¤å¿èæ¤åæ¯ï¼ä¸è¬ä¸è¦è½»ææ¾å¼ãå¯¹æ°°åç©ç­å§æ¯ç©è´¨ä¸­æ¯è ï¼ä¸è¦è¿è¡å£å¯¹å£äººå·¥å¼å¸ã â£æäºæ¯ç©ä¸­æ¯çç¹æ®è§£æ¯åï¼åºå¨ç°åºå³å»ä½¿ç¨ï¼å¦æ°°åç©ä¸­æ¯ï¼åºå¸å ¥äºç¡é ¸å¼æé ¯ã â¤ç®è¤æ¥è§¦å¼ºè èæ§åæç»ç®è¤å¸æ¶å¼èµ·ä¸­æ¯çç©è´¨æ¶ï¼è¦è¿ éè±å»æ±¡æçè¡£çï¼ç«å³ç¨å¤§éæµå¨æ¸ æ°´æè¥çæ°´å½»åºæ¸ æ´ï¼æ¸ æ´æ¶åºæ³¨æå¤´åãæè¶³ãæç²åç®è¤ç±è¤¶å¤ï¼å²æ´æ¶é´ä¸å°äº15minã â¥ç¼éåæ±¡ææ¶ï¼ç¨æµæ°´å½»åºå²æ´ãå¯¹æåºæ¿åè èæ§ç©è´¨å²æ´æ¶é´ä¸å°äº15minãå²æ´æ¶åºå°ç¼çæèµ·ï¼æ³¨æå°ç»èåå çåå­¦ç©è´¨å ¨é¨å²åºï¼è¦è¾¹å²æ´è¾¹è½¬å¨ç¼çã â¦å£æä¸­æ¯æ£è åºé¦å å¬åãå¨å¬ååç»é¥®æ°´500~600mlï¼ç©ºèä¸æå¼åï¼ï¼ç¶åç¨æææéç©åºæ¿èæ ¹é¨åå½åå£ï¼å³å¯å¼èµ·ååãå¬åè¦åå¤æ°æ¬¡ï¼ç´å°ååç©çº¯ä¸ºé¥®å ¥çæ¸ æ°´ä¸ºæ­¢ãå¦é£å ¥çä¸ºå¼ºé ¸ãå¼ºç¢±ç­è èæ§æ¯ç©ï¼åä¸è½å¬åï¼åºé¥®çå¥¶æèæ¸ ï¼ä»¥ä¿æ¤èé»èãé£å ¥ç³æ²¹äº§åäº¦ä¸è½å¬åã â§è¿ éå°æ£è éå¾å°±è¿å»çé¨é¨åè¿ä¸æ­¥æ£æ¥åæ²»çãå¨æ¤ééä¸­ï¼åºå¯åè§å¯å¼å¸ãå¿è·³ãèæç­çå½ä½å¾ï¼æäºæ¥ææªæ½ï¼å¦è¾æ°§ãäººå·¥å¿èºå¤èç­äº¦ä¸è½ä¸­æ­ã **ç¬¬å ­è åå­¦å®¤é²ç«ãé²çåç­ç«å¸¸è¯** åéªå®¤å æè®¸å¤æçæççç©åï¼è¥ä¸æç §è§èè¿è¡æä½æææå¤æ åµåºç°ï¼é½ä¼å¯¼è´åºç°ç«ç¾çè³åççç¸äºæ ï¼ä½ä¸ºåéªäººåå¿ é¡»è¦ææ¡æå ³é²ç«ãé²ççåç§ç¥è¯åæè½ã **1.****ççç¹æ§** æ°ä½ç­ç«ï¼å½é¸æ£çæ°ä½çç§æ¶ï¼éå¸¸æå¥½çåæ³æ¯åæ­æ°æºï¼èä¸æ¯ç´æ¥ç­ç«ãå ç­ç«ï¼èæ°ä½ç»§ç»­å¤æ¼ä¼å½¢æçç¸æ§æ°æ°ï¼éç«æä¼åççç¸ï¼å ¶æå¤±è¦æ¯æ²¡æå½¢æçç¸æ§æ°æ°ä¹åå¤§å¾å¤ã æ¶²ä½ååºä½ç­ç«ï¼æ¶²ä½ååºä½åå­¦ç©è´¨çç­ç«æ¯è¾å¤æï¼è¿è¦æ ¹æ®ç©è´¨æ¬èº«çåå­¦åç©çæ§è´¨æ¥ç¡®å®å ·ä½çç­ç«æ¹æ³ãä½éªç¹æçæ¶²ä½çä¸»è¦ç­ç«åä¸ºæ³¡æ²«ãäºæ°§åç¢³ãå¹²ç²åç åï¼ç¨æ°´ç­ç«æ æï¼èä¸éªç¹è¶ä½è¶æ æï¼ä¸è¬æçåºä½ï¼æ°´æ¯é¦æ¨çç­ç«åï¼ä½å¯¹ä¸äºéæ¹¿æçãèªççæ´»æ§åå­¦ç©è´¨ï¼å¾å¾éæ°´ä¼åçå§ççåå­¦ååºï¼å¢å¤§ç«å¿ï¼è¿ç±»ç©è´¨åªè½ç¨å¹²ç²åç åç­ç«ï¼ä¸¥ç¦ç¨æ°´ï¼æäºç©è´¨éæ°´ä¼åçåå­¦ååºæ¾åºææ¯æ°ä½ï¼å±åç­ç«äººåççå½ï¼æ­¤æ¶å¯éç¨éå½çç­ç«åã **2.****é²ç«ç¥è¯** â å¯¹æçãæçç­å±é©åå­¦è¯åè¦åç¬å­æ¾ãå­æ¾æé¡¶é¨è¦éé£ï¼ç½®äºé´åéé£ä½ç½®ãå®éªå®¤å ä¸¥ç¦å­æ¾å¤§äº20Lçç¶è£ æçæ¶²ä½ã â¡ä½¿ç¨ææ¥åæçæ¶²ä½è¯åï¼å¦ä¹éãä¸é ®ãç³æ²¹éç­ï¼æ¶ï¼è¦ä¿æå®¤å éé£è¯å¥½ãç»ä¸å¯å¨æç«éè¿å¾åãè½¬ç§»è¿ç±»è¯åï¼ â¢è¿è¡å ç­ãç¼ç§ãè¸é¦ç­æä½æ¶ï¼å¿ é¡»ä¸¥æ ¼éµå®æä½è§ç¨ãå ç­æçæº¶åï¼å¿ é¡»ç¨æ°´æµ´æå°é­å¼çµçï¼ä¸¥ç¦ç¨ç¯ç°æçµçç´æ¥å ç­ï¼ â£è¸é¦å¯çæ¶²ä½æ¶ï¼æä½äººä¸è½ç¦»å¼æåå«çäºï¼è¦æ³¨æä»ªå¨åå·åå¨çæ­£å¸¸è¿è¡ãéå¾è¸é¦å¨å è¡¥å æ¶²ä½æ¶ï¼åºå åæ­¢å ç­ï¼æ¾å·ååè¿è¡ã â¤ç¹çç ¤æ°ç¯æ¶ï¼åºå å ³é£é¨ï¼åç¹ç«ï¼åè°èé£éï¼åç¨æ¶ï¼è¦å å ³é£é¨ï¼åå ³ç ¤æ°ï¼è¦é²æ­¢ç ¤æ°ç¯å çã â¥ä½¿ç¨é ç²¾ç¯æ¶ï¼ç¯å çææå¤ä¸å¾è¶ è¿ç¯ä½å®¹ç§¯ç2/3ãä¸è¶³1/4æ¶åºå ç­ç¯ååæ·»å é ç²¾ãç¹ç«æ¶è¦ç¨ç«æ´ç¹ï¼ç»ä¸å¯ç¨å¦ä¸ä¸ªç¹ççç¯å»ç¹ï¼ç¯ç­æ¶è¦ç¨ç¯å¸½çç­ï¼ç»ä¸å¯ç¨å´å¹ï¼ä»¥å å¼çç¯å é ç²¾ã â¦æçæ¶²ä½åºæ¶²ï¼è¦ç¨ä¸ç¨å®¹å¨æ¶éåç»ä¸å¤çï¼ç»ä¸å¯ç´æ¥åå ¥ä¸æ°´éï¼ä»¥å å¼åçç¸äºæ ã â§çµçä¸å¯ç´æ¥æ¾å¨æ¨å¶å®éªå°ä¸é¿æ¶é´è¿ç»­ä½¿ç¨ãå ç­è®¾å¤å¨å´ä¸¥ç¦é²æ­¢å¯çãæçç©åæ¥åæ§æçæ¶²ä½ã â¨åæ¶ä½¿ç¨å¤å°è¾å¤§åçççµå¨ï¼å¦é©¬å¼çãçç®±ãçµçãçµç­æ¿ï¼æ¶ï¼è¦æ³¨æçº¿è·¯ä¸çµé¸è½æ¿åçåçãæå¥½æ¯å°è¾å¤§åçççµç­è®¾å¤åæµå®è£ äºä¸åçµè·¯ä¸ã â©è¦å®ææ£æ¥çµå¨è®¾å¤ãçµæºçº¿è·¯æ¯å¦æ­£å¸¸ãä¸¥æ ¼éµå®å®å ¨ç¨çµè§ç¨ï¼é²æ­¢å çµç«è±ãç­è·¯ãè¶ è´è·å¼èµ·ç«ç¾ã **3.****é²çç¥è¯** åéªå®¤å äº§ççç¸çåå æï¼ä¸æ¯ç±äºå¨ç¿å ä¸å¤§æ°é´ååå·®å¤§ï¼å¦ä¸ç§æ¯ç±ååºåºåå çååæ¥å§åéãå¨ä½¿ç¨å±é©ç©è´¨å·¥ä½æ¶ï¼ä¸ºäºæ¶é¤çç¸çå¯è½æ§æé²æ­¢äººèº«äºæ ï¼åºè¯¥éµå®ä¸åååï¼å¨å·¥ä½å°ç¹ä½¿ç¨é¢é²çç¸æåå°å ¶å±å®³åæçä»ªå¨åè®¾å¤ãå¦çç©ºè£ ç½®ä¸çç»çè¦ç¨åå éå ä»¥æ£æ¥ï¼ååè°èå¨æå®å ¨éå®ææ£éªï¼å¨è¿è¡æçç¸å±é©å·¥ä½å°éé£å¨å çç»çè¦ç¨éå±ç½ä¿æ¤ã å¨ä»»ä½æ åµä¸å¯¹äºå±é©ç©è´¨ï¼å¿ é¡»åç¨è½ä¿è¯å®éªç»æçå¿ è¦ç²¾ç¡®æ§æå¯é æ§çæå°éæ¥è¿è¡å·¥ä½ãå¹¶ä¸ä¸è½ç¨ç´æ¥ç¨ç«å ç­ã å¨æçç¸æ§ç©è´¨å­å¨æ¶ï¼ä½¿ç¨å¸¦ç£¨å£å¡çç»çç¶æ¯éå¸¸å±é©çï¼ç®¡å£æå¼å¯å¡å¾æ©æ¦æ¶æå¯è½æä¸ºçç¸çåå ãå æ­¤ï¼å¿ é¡»ç¨è½¯æ¨å¡ææ©¡ç®å¡å¹¶ä¿æå ¶å åæ¸ æ´ã **4.****ç­ç«ç¥è¯** 1ï¼ç«ç¾çç±»ååç­ç«å¨éç¨ ç«ç¾åçåæï¼ç«å¿æ¯è¾å°ï¼å¦è½æ­£ç¡®ä½¿ç¨å¥½ç­ç«å¨æï¼å°±è½å°ç«ç¾æ¶ç­å¨åæé¶æ®µï¼ä¸è³äºä½¿å°ç«é ¿æå¤§ç¾ï¼ä»èé¿å éå¤§æå¤±ã ä¾æ®çç§ç¹æ§ååï¼ç«ç¾æäºç§ç±»åï¼ä¸åçç«ç¾æ§è´¨ä¸åï¼åºéç¨çç­ç«å¨æåç­ç«æ¹å¼ä¸åãç­ç«å¨çç§ç±»å¾å¤ï¼æå ¶ç§»å¨æ¹å¼å¯åä¸ºï¼ææå¼åæ¨è½¦å¼ï¼æé©±å¨ç­ç«åçå¨åæ¥æºå¯åä¸ºï¼å¨æ°ç¶å¼ãå¨åå¼ãåå­¦ååºå¼ï¼ææå è£ çç­ç«ååå¯åä¸ºï¼æ³¡æ²«ãå¹²ç²ãå¤ä»£ç·ãäºæ°§åç¢³ãé ¸ç¢±ãæ¸ æ°´ç­ãåç±»ç«ç¾æéç¨çç­ç«å¨å¦ä¸ï¼ Aç±»ç«ç¾ï¼æåºå®ç©è´¨ç«ç¾ï¼è¿ç§ç©è´¨å¾å¾å ·æææºç©æ§è´¨ï¼ä¸è¬å¨çç§æ¶è½äº§çç¼ç­çä½ç¬ãå¦æ¨æãæ£æ¯ãéº»ãçº¸å¼ ç«ç¾ç­ãè¿ç±»ç«ç¾å¯éç¨æ¸ æ°´ç­ç«å¨ãé ¸ç¢±ç­ç«å¨ãåå­¦æ³¡æ²«ç­ç«å¨ãç£·çå¹²ç²ç­ç«å¨ãå¤ä»£ç·1211ç­ç«å¨ã1301ç­ç«å¨ãä¸è½ä½¿ç¨é çå¹²ç²ç­ç«å¨åäºæ°§åç¢³ç­ç«å¨ã Bç±»ç«ç¾ï¼ææ¶²ä½ç«ç¾åå¯èåçåºä½ç©è´¨ç«ç¾ãå¦æ±½æ²¹ãç ¤æ²¹ãæ´æ²¹ãåæ²¹ãç²éãä¹éãæ²¥éãç³è¡ç­ç«ç¾ãè¿ç±»ç«ç¾å¯éç¨å¹²ç²ç­ç«å¨ãå¤ä»£ç·1211ç­ç«å¨ã1301ç­ç«å¨ãäºæ°§åç¢³ç­ç«å¨ãæ³¡æ²«ç­ç«å¨åªéç¨äºæ²¹ç±»ç«ç¾ï¼èä¸éç¨äºææ§æº¶åç«ç¾ã Cç±»ç«ç¾ï¼æå¯çæ°ä½ç«ç¾ãå¦ç ¤æ°ãå¤©ç¶æ°ãç²ç·ãä¹ç·ãä¸ç·ãæ°¢æ°ç­ç«ç¾ãè¿ç±»ç«ç¾å¯éç¨å¹²ç²ç­ç«å¨ãå¤ä»£ç·1211ç­ç«å¨ã1301ç­ç«å¨ãäºæ°§åç¢³ç­ç«å¨ãä¸è½ä½¿ç¨æ°´åç­ç«å¨åæ³¡æ²«ç­ç«å¨ã Dç±»ç«ç¾ï¼æéå±ç«ç¾ãå¦é¾ãé ãéãééåéç­ç«ç¾ãç®åè¿ä¸ç±»ç«ç¾è¿æ²¡æææç­ç«å¨ã Eç±»ç«ç¾ï¼æå¸¦çµç©ä½çç§çç«ç¾ãå¯éç¨å¤ä»£ç·1211ç­ç«å¨ã1301ç­ç«å¨åå¹²ç²ç­ç«å¨ãäºæ°§åç¢³ç­ç«å¨ã 2ï¼ææ ·æ­£ç¡®ä½¿ç¨ç­ç«å¨ åç§ç­ç«å¨æ¯ææç«ç¾çæåæ­¦å¨ï¼å¨å¹³æ¶çå­¦ä¹ å¹è®­ä¸­ï¼æä»¬é½åºææ¡æ­£ç¡®çä½¿ç¨æ¹æ³ãå¸¸è§çç­ç«å¨æï¼æ³¡æ²«ç­ç«å¨ãå¹²ç²ç­ç«å¨ã1211ç­ç«å¨åäºæ°§åç¢³ç­ç«å¨ãä¸é¢åå«ä»ç»è¿å ç§ç­ç«å¨çä½¿ç¨æ¹æ³ã â æ³¡æ²«ç­ç«å¨ æ³¡æ²«ç­ç«å¨å·åºçæ¯ä¸ç§ä½ç§¯è¾å°ãæ¯éè¾è½»çæ³¡æ²«ç¾¤ï¼å®çæ¯éè¿è¿å°äºä¸è¬çæçæ¶²ä½ï¼å®å¯ä»¥æ¼æµ®å¨æ¶²ä½è¡¨é¢ï¼æ¯çç§ç©ä¸ç©ºæ°éå¼ï¼è¾¾å°çªæ¯ç­ç«çç®çãå æ­¤ï¼å®æéç¨äºææåºä½ç«ç¾ãå ä¸ºæ³¡æ²«å ·æä¸å®å¾ç²æ§ï¼è½ç²å¨åºä½è¡¨é¢ï¼æä»¥å¯¹ææåºä½ç«ç¾ä¹æä¸å®å¾ææãä½¿ç¨æ³¼å¢¨ç­ç«å¨æ¶ï¼é¦å è¦æ£æ¥å·å´æ¯å¦è¢«å¼ç©å µå¡ï¼å¦æï¼è¦ç¨éä¸æ éï¼ç¶åç¨æææä½å·å´å°ç­èº«ä¸ä¸é¢ åå æ¬¡ï¼å°å·å´å¯¹çç«ç¹å°±ä¼ææ³¡æ²«å·åºãåºå½æ³¨æçæ¯ä¸å¯å°ç­åºãç­çå¯¹çäººä½ï¼ä»¥é²æ­¢ä¸ä¸åççç¸æ¶ä¼¤äººã â¡å¹²ç²ç­ç«å¨ å¹²ç²ç­ç«å¨æ¯ä»¥äºæ°§åç¢³ä¸ºå¨åï¼å°ç²æ«å·åºææç«ç¾çãç±äºç­å çå¹²ç²æ¯ä¸ç§ç»èè½»çæ³¡æ²«ï¼æä»¥è½è¦çå¨çç§çç©ä½ä¸ï¼éç»çç§ä½ä¸ç©ºæ°èè¾¾å°ç­ç«ãå ä¸ºå¹²ç²ä¸å¯¼çµï¼åæ æ¯ï¼æ è èä½ç¨ï¼å èå¯ç¨äºææå¸¦çµè®¾å¤çç«ç¾ï¼ä¹å¯ç¨äºææè´µéãæ¡£æ¡èµæåçç§ä½çç«ç¾ãä½¿ç¨å¹²ç²ç­ç«å¨æ¶ï¼é¦å è¦æé¤é å°ï¼ææå®å ¨éï¼ææç­ç«å¨å·å°ä½ï¼ç¨åç´§æ¡åæå¯å¼éé¨ï¼å¨å­å¨é ç¶å çå¹²ç²å³ä»å·å´çåå·åºã â¢â1211âç­ç«å¨ â1211âç­ç«å¨æ¯å©ç¨è£ å¨ç­å çé«åæ°®æ°å°â1211âç­ç«åå·åºè¿è¡ç­ç«çãå®å±äºå¨åå¼çä¸ç§ï¼æ¯æå½ç®åä½¿ç¨æå¹¿çä¸ç§å¤ä»£ç·ç­ç«åãâ1211âç­ç«åæ¯ä¸ç§ä½æ²¸ç¹çæ°ä½ï¼å ·ææ¯æ§å°ãç­ç«æçé«ï¼ä¹ å¨ä¸åè´¨çç¹ç¹ï¼éåºäºææåç§æçå¯çç§ä½ãæ°ä½ãåºä½åå¸¦çµè®¾å¤çç«ç¾ãä½¿ç¨â1211âç­ç«å¨æ¶ï¼é¦å è¦æé¤é å°ï¼ææå®å ¨éï¼å°å·å´å¯¹åçç«ç¹ï¼ç¨åç´§æ¡åæå¯å¼éé¨ï¼ä½¿å¨åå¨é¢ç¶å çç­ç«åä»å·å´å¤çåå·åºã â£äºæ°§åç¢³ç­ç«å¨ äºæ°§åç¢³ç­ç«å¨æ¯å©ç¨å ¶å é¨æå è£ çé«åæ¶²æäºæ°§åç¢³å·åºçç­ç«çãç±äºäºæ°§åç¢³ç­ç«åå ·æç»ç¼æ§å¥½ï¼ç­ç«åä¸ççè¿¹çç¹ç¹ï¼å æ­¤ï¼éç¨äºææè´µéä»ªå¨åè®¾å¤ãå¾ä¹¦èµæãä»ªå¨ä»ªè¡¨å600ä¼ä»¥ä¸çå¸¦çµè®¾å¤çåæç«ç¾ãä½¿ç¨äºæ°§åç¢³ç­ç«å¨å¾ç®åï¼åªè¦ä¸ææ¿å¥½åå­ç­å¯¹åè´§æºï¼å¦ä¸ææå¼å¼å ³å³å¯ãåç§ç­ç«å¨å­æ¾é½è¦åæ¿æ¹ä¾¿ãå¬å­£è¦æ³¨æé²å»ä¿æ¸©ï¼é²æ­¢å·å£çé»å¡ï¼çæ­£åå°æå¤æ æ£ã * éä»¶ã[2018å¹´å®éªå®¤å®å ¨ç¯ä¿æè²æå.pdf](/system/_content/download.jsp?urltype=news.DownloadAttachUrl&owner=1712352625&wbfileid=11352594)ãå·²ä¸è½½æ¬¡ * éä»¶ã[é«ç­å­¦æ ¡å®éªå®¤å®å ¨è§è.pdf](/system/_content/download.jsp?urltype=news.DownloadAttachUrl&owner=1712352625&wbfileid=11352591)ãå·²ä¸è½½æ¬¡ ä¸ä¸ç¯ï¼[å¿èºå¤èåºæ¬æ­¥éª¤](7438.htm ""å¿èºå¤èåºæ¬æ­¥éª¤"") ä¸ä¸ç¯ï¼[å®éªå®¤å±é©æºåç±»åçº§åè¡¨åè¯¦ç»åçº§åå½](7430.htm ""å®éªå®¤å±é©æºåç±»åçº§åè¡¨åè¯¦ç»åçº§åå½"") å°åï¼æ¹åçé¿æ²å¸å²³éºåºä¸­åå¤§å­¦åå­¦åå·¥å­¦é¢ é®æ¿ç¼ç ï¼410083 èç³»çµè¯ï¼0731ï¼88879616 åå²è®¿é®éï¼ å°åï¼æ¹åçé¿æ²å¸å²³éºåºä¸­åå¤§å­¦åå­¦åå·¥å­¦é¢ é®æ¿ç¼ç ï¼410083 èç³»çµè¯ï¼0731ï¼88879616 åå²è®¿é®éï¼",,,,,,,基于公开网页资料自动抽取，导入知识库前请人工复核。提取通道=direct；quality_score=0.5412。,实验室安全知识-化学化工学院门户网站 | https://ccce.csu.edu.cn/info/1591/7436.htm,网页,实验室安全知识-化学化工学院门户网站,中南大学化学化工学院,,2021-03-05,https://ccce.csu.edu.cn/info/1591/7436.htm,2026-04-27,,draft,实验室安全;气瓶;化学品;消防;个人防护,zh-CN
WEBX-040-001,实验室危险废弃物、废液处置流程,化学,废液处置,化学,4,危废;综合安全;危化品,实验室危险废弃物和废液分类储存处置流程是什么,实验室危险废弃物和废液分类储存处置流程是什么,"æ±æ±å¤§å­¦å®éªå®¤åºå¼ç©ãåºæ¶²å¤ç½®æµç¨ **åç¸å ³å­¦é¢ï¼åä½ï¼ï¼** å®éªå®¤çå®å ¨ä¸ç¯ä¿å·¥ä½å ³ç³»å°å­¦æ ¡æå­¦ãç§ç åç¤¾ä¼æå¡å·¥ä½çæ­£å¸¸å¼å±ï¼æ¯åå»ºâå¹³å®ãç»¿è²ãçæãåè°âæ ¡å­çåºç¡ãä¸ºè¿ä¸æ­¥è§èå®éªå®¤åºå¼ç©ç®¡çï¼ç¡®ä¿æ ¡å­ç¯å¢å®å ¨ï¼æ ¹æ®å½å®¶ç¸å ³æ³å¾æ³è§åãæ±æ±å¤§å­¦å®éªå®¤å®å ¨ç®¡çå¶åº¦ãããæ±æ±å¤§å­¦å®éªå®¤åºå¼ç©ç®¡çæè¡è§å®ãä¸­çç¸å ³è¦æ±ï¼ç°å°å®éªå®¤åºå¼ç©å¤ç½®çè¦æ±åæµç¨å ¬å¸å¦ä¸ï¼ ä¸ãå®éªå®¤åºå¼ç©å¤ç½®è¦æ± 1ãä»»ä½äº§çå®éªåºå¼ç©çåä½ï¼é½è´æå¯¹å±é©å®éªåºå¼ç©ä½ç§å­¦ãåçå°æ¶éãæå­åæ å®³åå¤ççè´£ä»»ï¼å±é©åå­¦ååè§ãå±é©åå­¦åç®å½2015çãã 2ãä¸¥ç¦å°å±é©å®éªåºå¼ç©éææå ¥ä¸æ°´éä»¥åä»»ä½æ°´æºï¼ä¸¥ç¦ä¹±ä¸¢ä¹±å¼ãå æ¾å¨èµ°å»ãè¿éä»¥åå ¶å®å ¬å ±åºåï¼çæ´»åå¾åå®éªåå¾ä¸å¾æ··æ¾ã 3ãååä½åºå¯¹äº§ççå±é©å®éªåºå¼ç©è¿è¡åç±»æ¶éï¼å¦¥åè´®å­ï¼æ¶éå®¹å¨å¤å è´´æ ç­¾ï¼**åºæ³¨æåºå¼ç©ååç§°ãä¸»è¦æåï¼å®éªå®¤åç§°ãèç³»äººå§ååçµè¯ãæ¶éæ¶é´ç­ä¿¡æ¯ï¼** å¹¶ç¡®ä¿æ ç­¾ä¸æè±è½ææ¦æ­æãå­å¨å®¹å¨åºå¯é­å¯é ï¼ä¸ç ´ç¢ï¼ä¸æ³æ¼ï¼å¯¹æªè¾¾å°è¦æ±çåºå¼ç©ï¼å­¦æ ¡å±ååä»åºå°ä¸äºæ¥æ¶åå¤ç½®ã **å®éªå®¤å±é©åºå¼ç©åæ¶æ ç­¾** å®éªå®¤åç§°ï¼ èç³»äººï¼ èç³»çµè¯ï¼ åºå¼ç©åç§°ï¼ æ¯éï¼KGï¼ï¼ ä¸»è¦æåï¼ ä¸»è¦å±å®³æ§ï¼ å¼å§æ¶éæ¶é´ï¼ *åºæ§è¯åéè¦æä¾å è£ ç®±å è¯åæ¸ å å®éªå®¤å±é©åºå¼ç©åæ¶æ ç­¾æ ·æ¬ 4ãå¯¹äºåå­¦åºå¼ç©åºå **è¿è¡åå®³æ§é¢å¤çæåæ¶å©ç¨ï¼éåæªæ½åå°åå­¦åºå¼ç©çä½ç§¯ãééåå±é©ç¨åº¦ï¼ä»¥éä½åç»­å¤çå¤ç½®çè´è·ã** åå­¦åºå¼ç©åæ¶å©ç¨è¿ç¨åºè¾¾å°å½å®¶åå°æ¹æå ³è§å®çè¦æ±ï¼é¿å äºæ¬¡æ±¡æã äºãå®éªå®¤åç±»å±é©åºå¼ç©å¤ç½®æµç¨ ï¼ä¸ï¼å®éªå®¤å åç±»å±é©åºç©çæ¶é 1ãå®éªå®¤åå­¦åºæ¶² å®éªå®¤åºæ¶²ä¸»è¦åä¸ºæ æºåºæ¶²ãææºåºæ¶²åææ¯åºæ¶²ãåå®éªå®¤åºå°åºæ¶²è¿è¡åç±»å¨å­ï¼**ååä¸ç¨èé ¸ç¢±ãèè èãæè´¨è½»ä¾¿çåæ¶ç¶ææ¡¶å¨å­ã** å¦éæ··è£ åæ¶çï¼åºå¯¹ç §ãå®éªåºæ¶²ç¸å®¹è¡¨ãå¯¹åºæ¶²è¿è¡æ··åï¼é¿å åçäº§çç­éãææ¯æ°ä½ãçç¸ç­å§çååºã åç±»åå­¦åºæ¶²çåç±»æ åå¦ä¸ï¼ æ æºåºæ¶²ï¼æ­¤ç±»åºæ¶²ä¸»è¦å æ¬ééå±åºæ¶²ï¼å«éãé ãé¬ãéãéç­åºæ¶²ï¼ãæ±ç³»åºæ¶²ï¼å¦å«ç¡«é ¸æ±ãæ°¯åæ±è¯ éå±æ°´é¶åæ±çåºæ¶²ï¼ãå ­ä»·é¬åºæ¶²ï¼å¦å«éé¬é ¸é¾æåçåºæ¶²ï¼ãé ¸æ§åºæ¶²ï¼å¦å«çé ¸ãç¡«é ¸ãç¡é ¸ç­ä¸å«ééå±çæ æºé ¸ç±»åºæ¶²ï¼é¬é ¸é¤å¤ï¼ï¼åç¢±æ§åºæ¶²ï¼å¦å«æ°¢æ°§åé åæ°¢æ°§åé¾ç­ç¢±ç±»åºæ¶²ï¼åºå¯¹ç §å®éªåºæ¶²ç¸å®¹è¡¨è¿è¡å¤çï¼æ¶é¤å±å®³åææ¾ã ææºåºæ¶²ï¼æ­¤ç±»åºæ¶²ä¸»è¦å æ¬åºæ²¹ï¼åç±»é½¿è½®æ²¹ãé©¬è¾¾æ²¹ç­ï¼ãå«å¤ç´ ï¼å¦å«æ°¯ç²ç·ãæ°¯ä»¿ãäºæ°¯ç²ç·ãåæ°¯åç¢³ãç²åºç¢ãæ°¯è¯ç±»ç­åºæº¶åï¼ãéå¤ç´ ï¼å¦å«ä¸é ®ãç²è¯ãäºç²è¯ãä¹è ãå¡å¶ç­åºæº¶åï¼æº¶æ¶²ã ææ¯åºæ¶²ï¼æ­¤ç±»åºæ¶²ä¸»è¦å æ¬å«æä»¥ä¸ç©è´¨çæº¶æ¶²ï¼ä¹é ¸æ±ãç¡é ¸æ±ãä¸æ°§åäºç ·ãçº¢è²æ°§åæ±ãä¸ç¯éãéé¬é ¸é¾ãé©¬é±å­ç¢±ãæ°¯ç£ºé ¸ãæ°ä¹é ¸é ãäºç¡é ¸ãäºç ·é ¸é ã2-æ°¯ä¹éãç²ç·ç£ºé °æ°¯ãæ°§æ°¯åç£·ãäºæ°§åäºéãDMSOäºç²åºäºç ãEBæº´åä¹é­ãDEPCäºä¹åºç¦ç¢³é ¸é ¯ãä¸ç¯é °èºãDTTäºç¡«èç³éãTEMEDN,N,N"",N""-åç²åºä¹äºèºãN,N""-äºç²åä¸ç¯é °èºãç²éãTriton X-100èä¹äºéè¾åºè¯åºéï¼æ°°ç³»åºæ¶²ï¼å¦å«æ°°åé¾ãæ°°åé æåææ°°ååç©çæ¸¸ç¦»åºæ¶²ï¼ç­ã å§æ¯åºæ¶²ï¼çº¢è²æ°§åæ±ãé©¬é±å­ç¢±ãä¸æ°§åäºç ·ãäºç¡«åäºç ·ãç¡é ¸æ±ãç¡é ¸éãä¸ç¯éãä¹é ¸æ±ãäºç¡é ¸ãäºç¡é ¸é ãäºç ·é ¸é ãæ°ä¹é ¸é ãå æ°®é ãç¡«é ¸äºç²é ¯ãæ°§æ°¯åç£·ãæ°°åé¾ãæ°°åé ãæ°°åé¶ãæ°°åç ·ãæ°°åäºéãç¢ç²ç·ãæ°¯ç£ºé ¸ãäºæ°¯è¯é ãé«æ°¯åæ±ãæ°¯ä¹éãæ°¯ä¹é ¸ãç ·é ¸æ°¢äºé ãå·¯åºä¹éã2-æ°¯ä¹éã2.4äºç¡åºæ°è¯ã 2ãçç©å»çåºä½åºç© åç±»çç©å»çåºä½åºç©ï¼å®éªå¨ç©å°¸ä½åå»å­¦è§£åäººä½ç»ç»å¦è¡å¤çï¼éç¨ä¸ç¨å¡æè¢è¿è¡å è£ ï¼å ¶ä¸­å¯¹æç åå¾®çç©æ±¡æççååºåºæè¢«ç åå¾®çç©æ±¡æè¿çåºå¼ç©ï¼å¿ é¡»å å¨å®éªå®¤éç¨é«åè¸æ±½ç­èææ¾å ¥2000mg/Læææ°¯æ¶æ¯æ¶²æµ¸æ³¡æ¶æ¯1å°æ¶çæ¹æ³è¿è¡ç­æ´»æ¶æ¯ï¼çç©å»çåºä½åºç©ä¸­çéå¨ç±»åºå¼ç©éå¨æ¶éç¨ç¢åºãåå®çå°çº¸æ¿ç®±ç­å®¹å¨å¦¥åå è£ ï¼é¿å å¤é²ä¼¤äººã 3ãå®éªç¨åºç»ç ç¨äºå®éªçåºç»çå®¹å¨æèæï¼ç¨çº¸ç®±çè£ å¹¶å¯å°ï¼æ¾å ¥åç¸å ³å­¦é¢ï¼åä½ï¼å®éªåå¾ä¸ç¨å­æ¾å°ã è¯·åå®éªå®¤å°ä»¥ä¸ææå®éªå®¤åºå¼ç©æå¤ç½®è¦æ±è¿è¡å¤ç½®ï¼é¤å®éªç¨åºç»çä»¥å¤çåºå¼ç©ï¼åéä¾æ®åºå¼ç©çç§ç±»éæ©ç¸åºæ ç­¾è´´çº¸ï¼å¹¶å¡«åç¸å ³å å®¹ãå°è´´å¥½æ ç­¾çåºç©ãåºæ¶²ç¶æå­åç¸å ³å­¦é¢ï¼åä½ï¼å®éªåå¾ä¸ç¨å­æ¾å°ã ï¼äºï¼å®éªå®¤åºå¼ç©å¤ç½®ç³æ¥ å®éªå®¤çåºç©ãåºæ¶²æä¸å®å­éåï¼ç±ç¸åºå®éªå®¤è´è´£äººå¡«åãå®éªå®¤åºå¼ç©å¤ç½®æç»è¡¨ãï¼éäº¤è³æå¡å¤å®éªå»ºè®¾ä¸ç®¡çç§ï¼ä¹å¯OAç´æ¥åæè³ç®¡çäººåï¼ï¼åæ¹çº¦å®å¥½æ¶é´åå°åºç©ãåºæ¶²åæ¶è³å­¦æ ¡å±ååä»åºã ï¼ä¸ï¼å­¦æ ¡å±ååä»åºå¯¹å®éªå®¤åºå¼ç©çäº¤æ¥åå­æ¾ 1\. ååä½éä¸¥æ ¼æç §å±åºæ¶²ãåºå¼ç©å è£ è§å®è¿è¡æ¶éãå è£ ï¼åºæ¶²ãåºå¼ç©çæ¶éãå è£ ç¨çç¶ãæ¡¶åç®±ç­ä¸ºä¸æ¬¡æ§ç©åï¼ååä½ä»åæ¨çå®éªå®ä¹ è´¹ä¸­æ¯åºè´­ç½®ç¸åºçä½å¼ä½èåã 2.ååä½ç»ç»ä¸é¨äººåæçº¦å®æ¶é´å°åºæ¶²ãåºå¼ç©è¿éè³å­¦æ ¡å±ååä»åºï¼è¿è¾åè¦ä¸¥æ ¼æè¦æ±è¿è¡å è£ ãå æ¾ï¼è½¬è¿è¿ç¨éå°å¿è°¨æ ï¼é¿å åçå±é©åäº§çäºæ¬¡æ±¡æï¼å±ååä»åºç®¡çäººåéæè¯¥åä½æä¾çâå®éªå®¤åºå¼ç©å¤ç½®æç»è¡¨âä»ç»æ ¸å¯¹å¹¶æ£æ¥åºç©æ¯å¦å¯å°å è£ ãè´´ææ ç­¾ï¼åæ¶åçç­¾å­ç§»äº¤æç»­ã 3\. å¦åºç©ãåºæ¶²äº§çæ¹æ²¡æè¯¦ç»æä¾åºç©ãåºæ¶²æåååºæ¶²æä»½ç¹æ§çï¼ç¶ãæ¡¶èº«æåºæç©å è£ å¤ä¸è¿è¡æ æ³¨ï¼ï¼å­¦æ ¡å±ååä»åºä¸äºæ¥åã æ¬å­¦æå®éªå®¤åºå¼ç©ãåºæ¶²å¤ç½®çè¦æ±ä¸å®æï¼ 1. åºå¼ç©ãåºæ¶²çæ¶éå®¹å¨å¤å è£ è¦æè¦æ±è´´æ ç­¾ï¼æ°çæ ç­¾è¿æä¼åæ¾ï¼åæ ç­¾å¦ä¸ç¬¦åè¦æ±çå¿ é¡»æ´æ¢ï¼ 2. å¤ç½®ç³è¯·æç»è¡¨è¯·ååä½äº7æ3æ¥åæäº¤ï¼ 3. å±ååä»åºæ¥æ¶å®éªå®¤åºå¼ç©ãåºæ¶²çæ¶é´ä¸º7æ4æ¥â8æ¥ï¼è¯·ååä½æçº¦å®æ¶é´è¿è¡è¿éãäº¤æ¥ã **æå¡å¤ãç§ç å¤** 2016å¹´6æ23æ¥",,,,,,,基于公开网页资料自动抽取，导入知识库前请人工复核。提取通道=direct；quality_score=0.5011。,实验室危险废弃物、废液处置流程 | https://chemlab.jhun.edu.cn/4b/ea/c4541a84970/pagem.htm,网页,实验室危险废弃物、废液处置流程,江汉大学化学实验教学中心,,,https://chemlab.jhun.edu.cn/4b/ea/c4541a84970/pagem.htm,2026-04-27,,draft,危险废弃物;废液处置;分类储存;耐腐蚀容器,zh-CN
WEB82-016-001,CDC Safe Labs About,实验室管理,安全规范,general,3,综合安全;生物,What mission and scope are defined in CDC Safe Labs program overview,What mission and scope are defined in CDC Safe Labs program overview有哪些要点？,"# DLS Safe Labs Sept. 23, 2024 ## About * Clinical and public health laboratories are on the frontline for protecting the nation’s health. * By applying biosafety principles, laboratories can conduct accurate and timely patient diagnostic tests while protecting the health of their workers, the environment, and the public. ## Overview Robust laboratory biosafety is fundamental to an effective and efficient national response to an emerging infectious disease outbreak. The [Division of Laboratory Systems](https://www.cdc.gov/laboratory-systems/php/about/index.html) (DLS) works to strengthen the nation's clinical and public health laboratory system through ongoing efforts to continually improve quality and safety. These efforts include: * Enhancing direct communication between CDC and clinical laboratories to distribute resources and technical expertise on [Clinical Laboratory Improvement Amendments (CLIA)](https://www.cdc.gov/clia/php/about/index.html) regulations, laboratory biosafety recommendations, and training opportunities. * Developing guidelines to implement and support [CLIA ](https://www.cdc.gov/clia/php/about/index.html)regulations to ensure the accuracy, reliability, and timeliness of laboratory test results. * Collaborating with [CDC's OneLab Network](https://www.cdc.gov/lab-training/php/onelab/index.html?CDC_AAref_Val=https://www.cdc.gov/labtraining/onelab/network.html) to identify and respond to safety training needs; sharing and disseminating resources to help learners prepare for challenges related to public health emergencies. ## Initiatives In addition to these core functions, DLS leads several key initiatives to strengthen clinical and public health laboratories and address emerging challenges, including: ### Hosting an ECHO Biosafety Program In 2023, CDC launched the Extension for Community Healthcare Outcomes [(ECHO) Biosafety Program](https://www.cdc.gov/safe-labs/php/echo-biosafety/index.html) to develop a community of practice (CoP) to address challenges in clinical and public health laboratories. The University of New Mexico Health Sciences Center developed the [ECHO Model](https://hsc.unm.edu/echo/what-we-do/about-the-echo-model.html)™ to invite peers to regularly engage and share support, guidance, and feedback in a virtual environment. The [2023 ECHO Biosafety sessions](https://www.cdc.gov/safe-labs/php/echo-biosafety-2023/index.html) focused on increasing the knowledge and skills of the biosafety CoP members to address previously identified [biosafety gaps](https://pubmed.ncbi.nlm.nih.gov/34105993/%22%20/t%20%22_blank). The 2024 sessions addressed implementing biorisk management components in clinical and public health laboratories. The ECHO Biosafety Program will relaunch in 2026. ### Providing Technical Expertise CDC hosted a [Town Hall Meeting on Laboratory Biosafety – Use of Laboratory Instruments](https://www.cdc.gov/safe-labs/php/biosafety-town-hall/index.html) in collaboration with clinical and public health laboratory partners and instrument manufacturers. The purpose of this meeting was to provide an overview and discussion on laboratory biosafety when using laboratory instruments to test human and biologic specimens. As a result, we collaborated with the Association of Public Health Laboratories (APHL) Biosafety and Biosecurity Committee to provide technical expertise on the development of the Laboratory Instrument Pre-purchase Risk Assessment Checklist. Enhancing Laboratory Safety and Security Through Structured Biorisk Management Implementation. The Biorisk Management Pilot (BMP) program supports the implementation of biorisk management in clinical and public health laboratories. Through this initiative, more than 160 laboratories have received the ISO 35001:2019 Biorisk Management Standard, which provides a structured framework for identifying, assessing, controlling, and monitoring risks associated with hazardous biological materials. The BMP makes resources available to enhance biosafety and biosecurity practices, and additional efforts are underway to expand these resources on the [Biorisk Management webpage](https://www.cdc.gov/safe-labs/php/biorisk-management/index.html), further strengthening the capacity of clinical and public health laboratories. ### Presenting a Biannual Biosafety Symposium CDC hosts an [International Symposium on Biosafety](https://www.eagleson.org/conferences/cdc-biosafety-symposium-march-10-14-2024) every two years in collaboration with external partners. The next symposium will be in 2027. ## Contacts For more information about biosafety initiatives, contact [DLSbiosafety@cdc.gov](mailto:DLSbiosafety@cdc.gov). ### Disclaimer The Centers for Disease Control and Prevention (CDC), or the Department of Health and Human Services (HHS), cannot attest to the accuracy of a non-federal site, and the listing of non-federal resources and tools below does not constitute an endorsement by HHS or any of its employees of the sponsors of the information or products. Sept. 23, 2024 Sources Print Share [ Facebook ](https://www.facebook.com/ ""Share to Facebook"") [ LinkedIn ](https://www.linkedin.com/ ""Share to LinkedIn"") [ Twitter ](https://twitter.com/ ""Share to Twitter"") [ Syndicate ](https://tools.cdc.gov/medialibrary/index.aspx#/sharecontent ""Embed this Page"") Content Source: [Division of Laboratory Systems](/laboratory-systems/php/about/index.html) Sources * [Division of Laboratory Systems (DLS)](https://www.cdc.gov/csels/dls/)",,,,,,,基于公开网页资料自动抽取，导入知识库前请人工复核。提取通道=direct；quality_score=0.6691。,CDC Safe Labs About | https://www.cdc.gov/safe-labs/php/about/index.html,网页,CDC Safe Labs About,CDC,,,https://www.cdc.gov/safe-labs/php/about/index.html,2026-04-27,,draft,cdc;safe labs;about,en
WEB82-017-001,CDC Biological Risk Assessment,生物,安全规范,biosafety,5,生物;综合安全,How should biological risk assessment be structured for laboratory activities,How should biological risk assessment be structured for laboratory activities有哪些要点？,"September 21, 2024 # Biological Risk Assessment General Considerations for Laboratories ## What to know CDC’s Division of Laboratory Systems knows that incidents involving biological, chemical, physical, and radiological hazards can have a significant impact on the safety and health of those who work in laboratory settings ## What is it? Risk management is a continuous process to identify, assess (evaluate), control, and monitor risks. The risk assessment components of the overall risk management process are: ## Risk Management Process View Larger[Download](/safe-labs/images/RA_Graphic1_v03.png) Risk Management Process Cycle Diagram See [ISO 35001](https://www.iso.org/obp/ui/#iso:std:iso:35001:ed-1:v1:en) for the complete risk management process. ### Process Steps **Step 1****:** [Identify the hazards and risks](/safe-labs/php/biological-risk-assessment/process.html#cdc_generic_section_4-step-1-identify-the-hazards-and-risks). **Step 2:** [Evaluate the risks](/safe-labs/php/biological-risk-assessment/process.html#cdc_generic_section_5-step-2-evaluate-the-risks). **Steps 3-4:** [Implement a risk mitigation plan](/safe-labs/php/biological-risk-assessment/process.html#cdc_generic_section_6-steps-3-4-implement-a-risk-mitigation-plan), as needed. **Step 5:** [Evaluate effectiveness of controls](/safe-labs/php/biological-risk-assessment/process.html#cdc_generic_section_7-step-5-evaluate-effectiveness-of-controls). ## Why is it needed? Many laboratory activities have been linked to undesirable events, including laboratory-acquired infections. These can result from direct contact of the infectious agent with mucous membranes of the eyes, nose or mouth via sprays, splashes, or droplets; inhalation of infectious aerosols generated during activities such as mixing and centrifugation; or from percutaneous inoculation via sharps, needle sticks, or non-intact skin (e.g., scratches and cuts). To minimize risks and provide a safe work environment, a risk assessment should be performed to evaluate what could go wrong by determining the likelihood that an undesirable incident (e.g., injury, exposure) may occur and the consequences (e.g., infection or disease) if that undesirable incident were to occur. **Keep Reading:** [Biosafety in Microbiological and Biomedical Laboratories (BMBL) 6th Edition, Appendix N—Clinical Laboratories (pages 529 – 543)](https://www.cdc.gov/labs/pdf/SF__19_308133-A_BMBL6_00-BOOK-WEB-final-3.pdf#page=557) ## When is it performed? Formal risk assessments should be performed before work begins, and repeated when any change is introduced into the activity (e.g., changes in practices, personnel, instrumentation, or facilities). Informal risk assessments, which include short discussions among staff about current risks and mitigations, should occur much more frequently, ideally daily. ## Who is involved? A team should perform risk assessments to ensure various perspectives are considered and to reduce bias. This team could be comprised of senior leadership, clinical laboratory scientists, safety professionals, facility engineers, and others familiar with the site-specific and activity-specific laboratory and testing activities. ## Contact us For more information about this Division of Laboratory Systems biorisk assessment resource, contact us at [DLSinquiries@cdc.gov](mailto:DLSinquiries@cdc.gov). September 21, 2024 Sources Print Share [ Facebook ](https://www.facebook.com/sharer/sharer.php?u=https%3A%2F%2Fwww.cdc.gov ""Share to Facebook"") [ LinkedIn ](https://www.linkedin.com/shareArticle?url=https%3A%2F%2Fwww.cdc.gov&title=Living%20with%20High%20Blood%20Pressure ""Share to LinkedIn"") [ Twitter ](https://twitter.com/share?url=https%3A%2F%2Fwww.cdc.gov&text=Living%20with%20High%20Blood%20Pressure ""Share to Twitter"") [ Syndicate ](https://tools.cdc.gov/medialibrary/index.aspx#/sharecontent/https://https://www.cdc.gov/safe-labs/php/biological-risk-assessment/index.html ""Embed this Page"") Content Source: [Division of Laboratory Systems](/laboratory-systems/php/about/index.html) Sources * [Division of Laboratory Systems (DLS)](https://www.cdc.gov/csels/dls/)",,,,,,,基于公开网页资料自动抽取，导入知识库前请人工复核。提取通道=direct；quality_score=0.7152。,CDC Biological Risk Assessment | https://www.cdc.gov/safe-labs/php/biological-risk-assessment/index.html,网页,CDC Biological Risk Assessment,CDC,,,https://www.cdc.gov/safe-labs/php/biological-risk-assessment/index.html,2026-04-27,,draft,cdc;biological risk assessment;biorisk,en
WEB82-018-001,CDC Biorisk Management,生物,安全规范,biosafety,5,生物;综合安全,What biorisk management controls should laboratories implement and monitor,What biorisk management controls should laboratories implement and monitor有哪些要点？,"# Biorisk Management Oct. 9, 2024 ## Key points * Biorisk management minimizes laboratory risks via assessment, mitigation, and evaluation. * CDC uses two main models of biorisk management: the Assessment, Mitigation, and Performance (AMP) model, and the Plan-Do-Control-Act (PDCA) model. ## Introduction ### What is it? Biorisk management is a process by which laboratories and facilities combine safety and security to control or minimize risks associated with the handling, storage, and disposal of biological agents and toxins. A biorisk management approach involves two main aspects: biosafety, which focuses on keeping people, animals, and the environment safe from germs and diseases, and biosecurity, which focuses on preventing theft or misuse of dangerous materials. It is a performance-based, holistic risk-management system that emphasizes roles and responsibilities for everyone in an organization. ### Why is it needed? A biorisk management framework is needed because it addresses the assessment and mitigation of risks and ensures the continuous evaluation of control measures. This approach helps organizations enhance safety and security, reducing the number and severity of accidents in laboratories. Organizations are encouraged to adopt a biorisk management system approach when addressing biosafety and biosecurity concerns in their laboratories. ## What are the approaches? ### Assessment, Mitigation, and Performance (AMP) model approach to biorisk management This model consists of three critical elements in risk management: assessment (A), mitigation (M), and performance (P), collectively called the AMP model [3, 4]. In this model, the control measure is based on a comprehensive risk assessment, and its performance is continually evaluated. **Assessment of risks** * Identify hazards and [evaluate the risks](/safe-labs/php/biological-risk-assessment/index.html) associated with working in a laboratory. * Check the safety measures already in place and decide if the risks are acceptable. * Share responsibility between principal investigators, scientists, researchers (or a risk assessment team), security professionals, and biosafety professionals. * Perform assessments when there are new tasks or significant changes in how things are done. * Regularly review laboratory risks at least once a year. * Use the results to choose the proper control measures to reduce risks as needed. **Mitigation strategies** * Implement control measures to eliminate or reduce the hazard identified during risk assessment. * Base measures on robust risk assessments instead of predetermined conditions * Eliminate hazards as the most effective control to reduce risk; however, this may not be a feasible option in many cases to perform the intended work. * Reduce risk through other control measures, such as: * Engineering controls that reduce or prevent exposure to hazards (e.g., biosafety cabinets). * Administrative controls, such as policies and guidelines used to control risks (e.g., written standard operating procedures). * Personal protective equipment (PPE) worn by workers to protect them against laboratory hazards (e.g., gloves and gowns). * Recognize that no single mitigation control measure is completely effective at reducing all risks. * Combine controls for optimal risk mitigation. All interested parties must consider organizational strengths, resources, commitment, personnel knowledge, and staff competency levels to ensure the appropriate implementation of mitigation measures. **Performance evaluation** * A systematic process to achieve improved levels of organizational objectives and goals. * Evaluate performance to verify that implemented mitigation measures have reduced or eliminated risks to an acceptable level. * Identify measures that are not working effectively and need to be corrected or removed. * Provide evidence that the organization can understand and effectively reduce operational risk to an acceptable level. * Ensure performance evaluation is a continuous and ongoing process that must have a strong commitment from management. ## Management system approach to biorisk management This biorisk management system is based on a management system approach that enables an organization to effectively identify, assess, control, and evaluate the biosafety and biosecurity risks inherent in its activities. This approach integrates best practices and procedures and helps ensure that an organization can effectively achieve its objectives. An effective management system approach should be built on the concept of continual improvement through a cycle of planning, implementing, reviewing, and improving the actions that an organization undertakes to meet goals. This approach is known as the Plan-Do-Check-Act (PDCA) cycle. Successful implementation of PDCA can lead to measurable improvements in an organization's efficiency, effectiveness, and accountability. If desired outcomes are not being achieved, implement corrective actions based on what was learned and start the cycle again. Through this cyclical process, the PDCA approach ensures that the laboratory approach to biorisk management is continually evolving and adapting to meet new challenges. ## The PDCA cycle PDCA Cycle Diagram for Continuous Improvement in Risk Management An illustration of the Plan-Do-Check-Act (PDCA) cycle, which follows the steps listed below. 1. **Plan** : Plan a change, develop goals, and establish objectives, programs, and processes that align with laboratory policies. 2. **Do** : Put plans into action and implement the processes outlined in the planning stage, executing the process. 3. **Check** : Assess the activities, processes, and results against the policy and objectives set during the planning stage. Gather data, analyze results, and measure performance to understand how well strategies are performing and the risks being controlled. 4. **Act** : Continuously review processes and activities to ensure laboratory practices are not just maintained but consistently improved to achieve the desired outcomes. ## References 1. [CEN Workshop Agreement 15793:2011, Laboratory biorisk management](https://internationalbiosafety.org/wp-content/uploads/2019/08/CWA-15793-English.pdf) 2. [ISO 35001:2019, Biorisk management for laboratories and other related organisations](https://www.iso.org/obp/ui/#iso:std:iso:35001:ed-1:v1:en) 3. Gribble LA, Tria ES, and Wallis L. (2015). [The AMP Model: In Salerno RM and Gaudioso](https://www.taylorfrancis.com/chapters/mono/10.1201/b18446-8/amp-model-reynolds-salerno-jennifer-gaudioso) J. ___Laboratory Biorisk Management: Biosafety and Biosecurity_ , 31-43. CRC Press, Taylor & Francis Group. 4. Meechan PJ and Potts J. (2020). [Appendix N-Clinical Laboratories: In _Biosafety in microbiological and biomedical laboratories_](/labs/pdf/SF__19_308133-A_BMBL6_00-BOOK-WEB-final-3.pdf) __. 6th ed. Washington, DC: Government Printing Office. ## Resources 1. [Developing Biorisk Management Objectives](/safe-labs/media/pdfs/2024/10/Biorisk-Management-Objectives_20240812.pdf) 2. [General Considerations for Biological Indicators in Autoclave Use](/safe-labs/media/pdfs/2026/01/Gen-Considerations-Autoclave-Use_Webpage-final.pdf) 3. [Standard Biological Decontamination and Disinfection Practices](/safe-labs/media/files/2026/01/Bio_Decontamination_Disinfection_Webpage-final.docx) ## Contact us For more information about biorisk management resources, contact [DLSbiosafety@cdc.gov](mailto:DLSbiosafety@cdc.gov). ### Disclaimer The Centers for Disease Control and Prevention (CDC), or the Department of Health and Human Services (HHS) cannot attest to the accuracy of a non-federal site and the listing of non-federal resources and tools does not constitute an endorsement by HHS or any of its employees of the sponsors of the information or products. Oct. 9, 2024 Sources Print Share [ Facebook ](https://www.facebook.com/ ""Share to Facebook"") [ LinkedIn ](https://www.linkedin.com/ ""Share to LinkedIn"") [ Twitter ](https://twitter.com/ ""Share to Twitter"") [ Syndicate ](https://tools.cdc.gov/medialibrary/index.aspx#/sharecontent ""Embed this Page"") Content Source: [Division of Laboratory Systems](/laboratory-systems/php/about/index.html) Sources * [Division of Laboratory Systems (DLS)](https://www.cdc.gov/csels/dls/)",,,,,,,基于公开网页资料自动抽取，导入知识库前请人工复核。提取通道=direct；quality_score=0.6844。,CDC Biorisk Management | https://www.cdc.gov/safe-labs/php/biorisk-management/index.html,网页,CDC Biorisk Management,CDC,,,https://www.cdc.gov/safe-labs/php/biorisk-management/index.html,2026-04-27,,draft,cdc;biorisk management;biosafety,en
WEB82-019-001,CDC Biosafety Town Hall,培训,安全规范,biosafety,3,生物;综合安全,What recurring biosafety training topics are highlighted in CDC town hall resources,What recurring biosafety training topics are highlighted in CDC town hall resources有哪些要点？,"September 23, 2024 # Town Hall Meeting on Laboratory Biosafety Use of Laboratory Instruments, June 24, 2022 ## What to know CDC’s Division of Laboratory Systems hosted a town hall in collaboration with clinical and public health laboratory partners and instrument manufacturers. ## Background The purpose of this meeting was to provide an overview and discussion on laboratory biosafety when using laboratory instruments to test human and biologic specimens. The publication _[Clinical Laboratory Biosafety Gaps: Lessons Learned from Past Outbreaks Reveal a Path to a Safer Future](https://www.ncbi.nlm.nih.gov/pmc/articles/PMC8262806/)_ discussed critical gaps in clinical laboratory biosafety, including issues related to the use and disinfection of laboratory instruments. Clinical specimens might contain infectious agents that could cause disease in laboratory professionals if the exposure takes place during testing, including during the use of laboratory instruments. During the Ebola outbreak of 2014, real and perceived concerns about instrument safety emerged and led laboratories to delay their testing – or refuse to test altogether – due to concerns about exposure to the Ebola virus. These concerns resulted in patient safety issues due to a delay in or lack of testing availability. When testing could be made available, it often resulted in enhanced biosafety measures, including additional personal protective equipment (PPE), instrument shields, workflow alterations, and the adoption of dedicated point-of-care instrumentation. This town hall collaboration fostered a mutual understanding of the multiple perspectives on biosafety issues with laboratory instrumentation revealed during the 2014-2016 Ebola outbreak in West Africa. The goal was to co-develop practical solutions to address issues or gaps and improve pandemic preparedness. ## Meeting Information The CDC Town Hall Meeting on Laboratory Biosafety was held on June 24, 2022. The agenda included presentations and discussions on four topic areas: * Medical device design and incorporation of safety and biosafety * Perceived risks to laboratory personnel and impact on testing * Independent assessment of risks and instrument design * A discussion of potential areas for improvement Please submit any questions or comments to [dlsbiosafety@cdc.gov](mailto:dlsbiosafety@cdc.gov). ## Meeting Documents [CDC Biosafety Town Hall Transcript](/safe-labs/docs/biosafety-townhall/CDC-Biosafety-Town-Hall-2022-Transcript.pdf) [CDC Biosafety Town Hall Agenda](/safe-labs/docs/biosafety-townhall/CDC-Biosafety-Town-Hall-Agenda_Updated.pdf) [CDC Biosafety Town Hall FRN](/safe-labs/docs/biosafety-townhall/CDC-Biosafety-Town-Hall-FRN.pdf) [CDC Biosafety Town Hall_Campbell](/safe-labs/docs/biosafety-townhall/CDC-Biosafety-Town-Hall_Campbell.pdf) [CDC Biosafety Town Hall_Gibbs](/safe-labs/docs/biosafety-townhall/CDC-Biosafety-Town-Hall_Gibbs.pdf) [CDC Biosafety Town Hall_Iwen](/safe-labs/docs/biosafety-townhall/CDC-Biosafety-Town-Hall_Iwen.pdf) [CDC Biosafety Town Hall_Pentella](/safe-labs/docs/biosafety-townhall/CDC-Biosafety-Town-Hall_Pentella.pdf) [CDC Biosafety Town Hall_Straub](/safe-labs/docs/biosafety-townhall/CDC-Biosafety-Town-Hall_Straub.pdf) [CDC Biosafety Town Hall AdvaMedDx](/safe-labs/docs/biosafety-townhall/CDC-Biosafety-Town-Hall_AdvaMedDx.pdf) September 23, 2024 Sources Print Share [ Facebook ](https://www.facebook.com/sharer/sharer.php?u=https%3A%2F%2Fwww.cdc.gov ""Share to Facebook"") [ LinkedIn ](https://www.linkedin.com/shareArticle?url=https%3A%2F%2Fwww.cdc.gov&title=Living%20with%20High%20Blood%20Pressure ""Share to LinkedIn"") [ Twitter ](https://twitter.com/share?url=https%3A%2F%2Fwww.cdc.gov&text=Living%20with%20High%20Blood%20Pressure ""Share to Twitter"") [ Syndicate ](https://tools.cdc.gov/medialibrary/index.aspx#/sharecontent/https://https://www.cdc.gov/safe-labs/php/biosafety-town-hall/index.html ""Embed this Page"") Content Source: [Division of Laboratory Systems](/laboratory-systems/php/about/index.html) Sources * [Division of Laboratory Systems (DLS)](https://www.cdc.gov/csels/dls/)",,,,,,,基于公开网页资料自动抽取，导入知识库前请人工复核。提取通道=direct；quality_score=0.6852。,CDC Biosafety Town Hall | https://www.cdc.gov/safe-labs/php/biosafety-town-hall/index.html,网页,CDC Biosafety Town Hall,CDC,,,https://www.cdc.gov/safe-labs/php/biosafety-town-hall/index.html,2026-04-27,,draft,cdc;biosafety town hall;training,en
WEB82-020-001,CDC ECHO Biosafety,培训,安全规范,biosafety,3,生物;综合安全,How can laboratories use CDC ECHO biosafety resources for workforce development,How can laboratories use CDC ECHO biosafety resources for workforce development有哪些要点？,"December 5, 2024 # Extension for Community Healthcare Outcomes (ECHO) Biosafety Program ## What to know The ECHO Biosafety Program addresses challenges in clinical and public health laboratories through the development of a community of practice (CoP). ## Background Logos for CDC, University of New Mexico Health Sciences, and Project ECHO. This project is an adaptation of the clinician-based [ECHO Model](https://echo.unm.edu/)™, developed by the University of New Mexico Health Sciences Center. The [ECHO Model](https://echo.unm.edu/)™ invites peers to engage in a virtual environment on a frequent, regular basis where they share support, guidance, and feedback. The goal of this project is to use the ECHO Model to improve biosafety in clinical and public health laboratories by increasing the knowledge and skills of the biosafety CoP members to address previously identified biosafety gaps. The objectives of this project are to: * Discuss biosafety challenges among clinical and public health laboratory professionals * Foster collaborations and sharing of laboratory biosafety expertise * Promote the application of best biosafety practices and advance the culture and practice of laboratory safety The ECHO Biosafety sessions are 60-90 minutes each and occur every month. The CoP members convening at the sessions will share best practices, tools, and resources to address biosafety gaps in clinical and public health laboratories. For questions, contact [DLSbiosafety@cdc.gov](mailto:DLSbiosafety@cdc.gov). ### Resource Find archived content from the [ECHO sessions on diagnostic excellence](/lab-quality/php/echo/) piloted by the Division of Laboratory Systems (DLS) in 2020. ## 2024 ECHO Biosafety Sessions Month Area of Discussion Speakers January 30 Laboratory Biorisk Management: What It Is and How to Improve It [Session Materials](/safe-labs/php/echo-biosafety/laboratory-biorisk-management.html) **Kalpana Rengarajan, PhD, MPH, JM, RBP (ABSA) ** Emory University February 27 A Stepwise Process to Improve Biorisk Management Systems [Session Materials](/safe-labs/php/echo-biosafety/stepwise-process-improve-biorisk-management-systems.html) **Eric Cook, MPH, CBSP** Sandia National Laboratories March 26 Leadership: Roles, Responsibilities, and Authorities [Session Materials](/safe-labs/php/echo-biosafety/leadership-roles-responsibilities-authorities.html) **J oseph P. Kozlovac, MS, RBP, CBSP, SM(NRCM)** United States Department of Agriculture April 30 Planning: Developing and Achieving Biorisk Management Objectives [Session Materials](/safe-labs/php/echo-biosafety/planning-developing-and-achieving-biorisk-management-objectives.html) **Michael Stevenson , PhD** New Hampshire Public Health Laboratories May 30 Support: Resources, Competence, and Awareness [Session Materials](/safe-labs/php/echo-biosafety/support-resources-competence-awareness.html) **William Pinard****, MS, BRM/BSEC (IFBA)** **Allison Treloar, MS, CMDA(ASQ), MB(ASCP), BRM(IFBA)** Sandia National Laboratories June 25 Support: Communication and Documented Information [Session Materials](/safe-labs/php/echo-biosafety/support-communication-and-documented-information.html) **Marian Downing RBP, CBSP, SM(NRCM)** **Domenica Zimmerman** Independent Biosafety Consultants August 27 Operations: Planning and Maintaining [Session Materials](/safe-labs/php/echo-biosafety/operations-planning-and-maintaining.html) **Esmeralda Meyer, MD, JM, RBP (ABSA), CBSP (ABSA), BRM (IFBA), CPIA (PRIMR)** Emory University September 24 Operations: Emergency Response and Contingency Plans [Session Materials](/safe-labs/php/echo-biosafety/operations-emergency-response-and-contingency-plans.html) **Benjamin Fontes, MPH, CBSP** Yale University October 22 The Importance of Biosecurity in Biorisk Program Management [Session Materials](/safe-labs/php/echo-biosafety/the-importance-of-biosecurity-in-biorisk-program-management.html) **Cristine C. Lawson, Ph.D., RBP, CBSP ** BSAT Biorisk Program Office, Department of Defense November 19 Biorisk Management Performance Evaluation **Michael Pentella, PhD, D(ABMM)** State Hygienic Laboratory, University of Iowa December 17 Biorisk Management: Continuous Improvement **Patricia Olinger , JM** Varro Life SciencesBEAMS, LLC December 5, 2024 Sources Print Share [ Facebook ](https://www.facebook.com/sharer/sharer.php?u=https%3A%2F%2Fwww.cdc.gov ""Share to Facebook"") [ LinkedIn ](https://www.linkedin.com/shareArticle?url=https%3A%2F%2Fwww.cdc.gov&title=Living%20with%20High%20Blood%20Pressure ""Share to LinkedIn"") [ Twitter ](https://twitter.com/share?url=https%3A%2F%2Fwww.cdc.gov&text=Living%20with%20High%20Blood%20Pressure ""Share to Twitter"") [ Syndicate ](https://tools.cdc.gov/medialibrary/index.aspx#/sharecontent/https://https://www.cdc.gov/safe-labs/php/echo-biosafety/index.html ""Embed this Page"") Content Source: [Division of Laboratory Systems](/laboratory-systems/php/about/index.html) Sources * [Division of Laboratory Systems (DLS)](/laboratory-systems/php/about)",,,,,,,基于公开网页资料自动抽取，导入知识库前请人工复核。提取通道=direct；quality_score=0.6835。,CDC ECHO Biosafety | https://www.cdc.gov/safe-labs/php/echo-biosafety/index.html,网页,CDC ECHO Biosafety,CDC,,,https://www.cdc.gov/safe-labs/php/echo-biosafety/index.html,2026-04-27,,draft,cdc;echo biosafety;capacity building,en
WEB82-021-001,CDC ECHO Biosafety 2023,培训,安全规范,biosafety,3,生物;综合安全,What practical biosafety lessons and implementation cases are included in CDC ECHO 2023,What practical biosafety lessons and implementation cases are included in CDC ECHO 2023有哪些要点？,"January 8, 2025 # Extension for Community Healthcare Outcomes (ECHO) Biosafety Program: 2023 ## What to know The ECHO Biosafety Program addresses challenges in clinical and public health laboratories through the development of a community of practice (CoP). This page contains the ECHO Biosafety session materials from 2023. ## Background Logos for CDC, University of New Mexico Health Sciences, and Project ECHO. This project is an adaptation of the clinician-based [ECHO Model](https://echo.unm.edu/)™, developed by the University of New Mexico Health Sciences Center. The [ECHO Model](https://echo.unm.edu/)™ invites peers to engage in a virtual environment on a frequent, regular basis where they share support, guidance, and feedback. The goal of this project is to use the ECHO Model to improve biosafety in clinical and public health laboratories by increasing the knowledge and skills of the biosafety CoP members to address previously identified biosafety gaps. The objectives of this project are to: * Discuss biosafety challenges among clinical and public health laboratory professionals * Foster collaborations and sharing of laboratory biosafety expertise * Promote the application of best biosafety practices and advance the culture and practice of laboratory safety The ECHO Biosafety sessions are 60-90 minutes each and occur every month. The CoP members convening at the sessions will share best practices, tools, and resources to address biosafety gaps in clinical and public health laboratories. For questions, contact [DLSbiosafety@cdc.gov](mailto:DLSbiosafety@cdc.gov). ### Resource Find archived content from the [ECHO sessions on diagnostic excellence](/lab-quality/php/echo/) piloted by the Division of Laboratory Systems (DLS) in 2020. ## 2023 ECHO Biosafety Sessions Month Area of Discussion Speakers January 31 Public Health Laboratory Professional Burnout and Effect on Safety [Session Materials](/safe-labs/php/echo-biosafety-2023/public-health-laboratory-professional-burnout-and-effect-on-safety.html) **Anthony Tran, DrPH, MPH, D(ABMM)** California Department of Public Health February 28 Risk Assessment in Clinical Laboratories [Session Materials](/safe-labs/php/echo-biosafety-2023/risk-assessment-clinical-laboratories.html) **Crystal Fortune , MPH, MLS (ASCP)CM RBP (ABSA)** Montana Laboratory Services Bureau March 22 Safely Implementing New Diagnostics Platforms Commonly Used in Clinical Laboratories [Session Materials](/safe-labs/php/echo-biosafety-2023/safely-implementing-new-diagnostics-platforms-commonly-used-clinical-laboratories.html) **Christina Egan, PhD** **Michael J. Perry, MS, MS Ed.** New York State Department of Health April 25 Decontamination of Laboratory Equipment [Session Materials](/safe-labs/php/echo-biosafety-2023/decontamination-laboratory-equipment.html) **Shawn G. Gibbs, PhD, MBA, CIH** School of Public Health, Texas A&M University **Aurora Le, PhD, MPH, CPH, CSP** School of Public Health, University of Michigan May 30 PPE Use (What, Who, Why, When, and How) [Session Materials](/safe-labs/php/echo-biosafety-2023/ppe-use.html) **Peter C. Iwen, PhD, D(ABMM), F(AAM)** Nebraska Public Health Laboratory University Nebraska Medical Center June 27 Laboratory Acquired Infections [Session Materials](/safe-labs/php/echo-biosafety-2023/laboratory-acquired-infections.html) **Sheldon Campbell, MD, PhD** **David Peaper, PhD** Yale University School of Medicine July 18 Biosafety Challenges in Alaska [Session Materials](/safe-labs/php/echo-biosafety-2023/biosafety-challenges-alaska.html) **John Laurance** Alaska State Public Health Laboratories August 29 Safety Challenges with Specimen Collection, Transport, Accessioning, and Storage [Session Materials](https://www.cdc.gov/safe-labs/php/echo-biosafety-2023/safety-challenges-specimens.html) **Joey Stringer** **Kayle Cirrincione** Dallas County Health and Human Services September 26 Medical Waste Management [Session Materials](/safe-labs/php/echo-biosafety-2023/medical-waste-management.html) **Nikki Parrish, PhD** Johns Hopkins University School of Medicine October 31 Quality in Biosafety [Session Materials](/safe-labs/php/echo-biosafety-2023/quality-biosafety.html) **Jill J. Power, MS, M(ASCP), CMQ/OE(ASQ)** New Hampshire Public Health Laboratories November 28 Laboratory Professional Vaccine Compliance and Effect on Safety [Session Materials](/safe-labs/php/echo-biosafety-2023/laboratory-professional-vaccine-compliance-effect-safety.html) **Michael Pentella, PhD, D(ABMM)** State Hygienic Laboratory,University of Iowa January 8, 2025 Sources Print Share [ Facebook ](https://www.facebook.com/sharer/sharer.php?u=https%3A%2F%2Fwww.cdc.gov ""Share to Facebook"") [ LinkedIn ](https://www.linkedin.com/shareArticle?url=https%3A%2F%2Fwww.cdc.gov&title=Living%20with%20High%20Blood%20Pressure ""Share to LinkedIn"") [ Twitter ](https://twitter.com/share?url=https%3A%2F%2Fwww.cdc.gov&text=Living%20with%20High%20Blood%20Pressure ""Share to Twitter"") [ Syndicate ](https://tools.cdc.gov/medialibrary/index.aspx#/sharecontent/https://https://www.cdc.gov/safe-labs/php/echo-biosafety-2023/index.html ""Embed this Page"") Content Source: [Division of Laboratory Systems](/laboratory-systems/php/about/index.html)",,,,,,,基于公开网页资料自动抽取，导入知识库前请人工复核。提取通道=direct；quality_score=0.6815。,CDC ECHO Biosafety 2023 | https://www.cdc.gov/safe-labs/php/echo-biosafety-2023/index.html,网页,CDC ECHO Biosafety 2023,CDC,,,https://www.cdc.gov/safe-labs/php/echo-biosafety-2023/index.html,2026-04-27,,draft,cdc;echo biosafety 2023;training,en
WEB82-022-001,CDC Laboratory Systems About,实验室管理,安全规范,general,3,综合安全;quality,How does CDC laboratory systems guidance support quality and safety governance,How does CDC laboratory systems guidance support quality and safety governance有哪些要点？,"# About Division of Laboratory Systems Nov. 21, 2024 ## Key points * The Division of Laboratory Systems (DLS) advances the quality and safety of clinical and public health laboratory testing and services nationwide. * Advancing laboratory systems improves public health and patient outcomes. ## Spotlight ### What's new in DLS [Celebrate Lab Week 2026: Laboratory Professionals Safeguard Health](/lab-week/php/about/index.html) [CLIA Personnel Qualifications and Responsibilities: High Complexity Testing eLearning Course Is Now on OneLab REACH™](https://reach.cdc.gov/course/clia-personnel-qualifications-and-responsibilities-high-complexity-testing) [OneLab™ Announces New OneLab VR Resources](https://reach.cdc.gov/onelabvr) [CDC's Basic Microscopy Resources Are Now on OneLab REACH™](https://reach.cdc.gov/course/basic-microscopy-microbiology-curriculum) [Laboratory Training Course: Adult Blood Culture Collection](https://reach.cdc.gov/course/adult-blood-culture-collection) [NGS Quality Initiative Releases Pathway to Quality-Focused Testing Tool](/lab-quality/php/pathway/pathway-to-testing.html) ## Who We Are Laboratory systems encompass the core technical domains that all clinical and environmental laboratories must maintain regardless of location, size, or expertise. These include quality and safety management systems, informatics and data systems, training and workforce development programs, active partnerships and outreach, and preparedness planning for responding to unusual circumstances or emergencies. Together, these systems enable the testing community to produce reliable laboratory results that advance patient care and protect public health. ### Vision ****Exemplary laboratory practice and systems strengthen clinical care, public health, and emergency response. ### Mission ****Improve public health and patient outcomes by advancing laboratory systems. ## Priorities ### Quality and safety The Division of Laboratory Systems (DLS) advances the quality and safety of clinical and public health laboratory testing and services nationwide. DLS fosters the development of laboratory standards and guidelines and supports regulatory programs. DLS works in partnership with the Centers for Medicare & Medicaid Services (CMS) and the Food and Drug Administration (FDA) by providing scientific and technical expertise for the CLIA program. **Keep Reading** [About Quality and Safety Systems](/laboratory-systems/php/about/quality-safety-systems.html) ### Informatics and data science DLS enhances public health surveillance and response by strengthening the exchange of laboratory data between organizations and systems, and conducting analyses of large laboratory-based datasets. **Keep Reading** [About Informatics and Data Science](/laboratory-systems/php/about/informatics-data-science.html) ### Training and workforce development DLS works to improve the knowledge, competency, reliability, and sustainability of the clinical and public health laboratory workforce nationwide. Specifically, DLS supports the clinical and public health laboratory workforce through the development of training products and resources and implementation of competency guidelines for public health laboratory professionals. **Keep Reading** [About Training and Workforce Development](/laboratory-systems/php/about/training-workforce-development.html) Nov. 21, 2024 Sources Print Share [ Facebook ](https://www.facebook.com/ ""Share to Facebook"") [ LinkedIn ](https://www.linkedin.com/ ""Share to LinkedIn"") [ Twitter ](https://twitter.com/ ""Share to Twitter"") [ Syndicate ](https://tools.cdc.gov/medialibrary/index.aspx#/sharecontent ""Embed this Page"") Content Source: Sources * Graber ML, ""[The incidence of diagnostic error in medicine](https://qualitysafety.bmj.com/content/22/Suppl_2/ii21),"" _BMJ Qual Saf_ 2013;22:ii21-ii27. * Leape LL, Berwick DM, and Bates DW, ""[Counting Deaths Due to Medical Errors—Reply](https://jamanetwork.com/journals/jama/article-abstract/1845204?redirect=true),"" _JAMA_ 2002;288(19):2405. * Tehrani, AS Saber, et al., ""[25-year summary of US malpractice claims for diagnostic errors 1986-2000: an analysis from the National Practitioner Bank,](https://qualitysafety.bmj.com/content/22/8/672)"" _BMJ Qual Saf_ , 22, 672-680 (2013). * Winters B, et al. ""[Diagnostic errors in the intensive care unit: a systematic review of autopsy studies](https://qualitysafety.bmj.com/content/21/11/894?ijkey=6a806ceac40363143b11074998ab670d40d56b76&keytype2=tf_ipsecsha),"" _BMJ Qual Saf_ 2012;21:894–902.",,,,,,,基于公开网页资料自动抽取，导入知识库前请人工复核。提取通道=direct；quality_score=0.6727。,CDC Laboratory Systems About | https://www.cdc.gov/laboratory-systems/php/about/index.html,网页,CDC Laboratory Systems About,CDC,,,https://www.cdc.gov/laboratory-systems/php/about/index.html,2026-04-27,,draft,cdc;laboratory systems;quality,en
WEB82-023-001,CDC Labs Home,实验室管理,安全规范,general,3,综合安全;quality,What major laboratory safety and quality resources are centralized in CDC Labs portal,What major laboratory safety and quality resources are centralized in CDC Labs portal有哪些要点？,"# CDC Laboratories [](/labs/about/index.html ""About CDC Laboratories"") [About Us](/labs/about/index.html) To describe the mission and capacity of CDC laboratories. Apr. 16, 2025 [](/labs/topics-programs/index.html ""CDC Laboratories Protect Americans"") [CDC Laboratories Protect Americans](/labs/topics-programs/index.html) Showcases the mission of CDC laboratories, the location, and function. Jan. 3, 2025 [CDC Enhances Laboratory Quality](/labs/lab-quality/index.html) An overview of how CDC enhances lab quality and supports CDC labs in laboratory quality efforts. [CDC Strengthens Laboratory Safety](/labs/strong-lab-safety/index.html) To provide an overview of CDC activities to strengthen safety and scientific excellence in CDC labs. [CDC Laboratory Services](/labs/cdc-laboratory-services/index.html) CDC Laboratory Services provides FAQ and support for drugs used in research and laboratories.",,,,,,,基于公开网页资料自动抽取，导入知识库前请人工复核。提取通道=direct；quality_score=0.287。,CDC Labs Home | https://www.cdc.gov/labs/index.html,网页,CDC Labs Home,CDC,,,https://www.cdc.gov/labs/index.html,2026-04-27,,draft,cdc;labs portal;navigation,en
WEB82-024-001,HSE Biosafety Blood-borne Viruses,生物,安全规范,biosafety,4,生物;infection_control,What controls are required to prevent occupational blood-borne virus exposure,What controls are required to prevent occupational blood-borne virus exposure有哪些要点？,"# Bloodborne viruses (BBVs) Guidance on how employers and workers can prevent BBV infection, including employersâ duties to control risks, safe working practices, decontaminaton and managing exposure incidents. ## General information * [Introduction to bloodborne viruses](introduction.htm) * [What bloodborne viruses are](what-are-bvv.htm) ## Preventing exposure and dealing with an incident * [Exposure to bloodborne viruses: guidance for workers](spread.htm) * [How to prevent bloodborne virus exposure in your workplace](prevent-exposure/index.htm) * [How to deal with an exposure incident at work](how-deal-exposure-incident.htm) ## Legal duties including risk assessment * [Legal information on bloodborne viruses](legal-information.htm) * [Assessing the risk of bloodborne viruses](risk-assessment.htm) ## Controlling BBV hazards * [Controls for workers in exposed occupations](controls-applicable-exposed-occupations.htm) * [Personal protective equipment](personal-protective-equipment.htm) * [Safe working practices](safe-working-practices.htm) * [Avoiding needlestick or sharps injuries](avoiding-sharps-injuries.htm) * [Immunisation](immunisation.htm) ## Decontaminate to prevent BBVs spreading * [Decontamination against bloodborne viruses](decontamination/index.htm) * [Disposal of waste contaminated by bloodborne viruses](disposal-of-waste.htm)",,,,,,,基于公开网页资料自动抽取，导入知识库前请人工复核。提取通道=direct；quality_score=0.3552。,HSE Biosafety Blood-borne Viruses | https://www.hse.gov.uk/biosafety/blood-borne-viruses/index.htm,网页,HSE Biosafety Blood-borne Viruses,HSE UK,,,https://www.hse.gov.uk/biosafety/blood-borne-viruses/index.htm,2026-04-27,,draft,hse;blood-borne viruses;biosafety,en
WEB82-025-001,HSE Biosafety GMO,生物,安全规范,biosafety,4,生物;gmo,What compliance controls are needed for GMO related laboratory work,What compliance controls are needed for GMO related laboratory work有哪些要点？,"# Genetically Modified Organisms (Contained Use) Includes what are GMOs?, regulations, law, notifications and resources. * [What are GMOs?](whatare.htm) * [Who is responsible for GMO (CU) Regulations?](whos-responsible.htm) * [GMOs and the law](law.htm) ## GMO notifications * [What work with GMOs requires notification?](notifications/what.htm) * [How do I notify?](notifications/process.htm) * [Fees](notifications/fees.htm) * [Forms](notifications/forms.htm) * [GMO appeals guidance (in relation to regulation 31 of the 2014 Regulations)](notifications/appeals.htm) * [Genetically modified organisms (contained use) Regulations](notifications/confid.htm) * [The Public Register](notifications/publicregister.htm) ## Resources * [The SACGM Compendium of Guidance](acgm/acgmcomp/index.htm) * [Guidance notes for risk assessment outlined in the Genetically Modified Organisms (Contained Use) Regulations 2014 on the contained use of genetically modified micro-organisms](acgm/index.htm) Back to top",,,,,,,基于公开网页资料自动抽取，导入知识库前请人工复核。提取通道=direct；quality_score=0.3399。,HSE Biosafety GMO | https://www.hse.gov.uk/biosafety/gmo/index.htm,网页,HSE Biosafety GMO,HSE UK,,,https://www.hse.gov.uk/biosafety/gmo/index.htm,2026-04-27,,draft,hse;gmo;biosafety,en
WEB82-026-001,HSE Biosafety Infection,生物,安全规范,biosafety,4,生物;infection_control,How should laboratories manage infection risks in routine and high-risk operations,How should laboratories manage infection risks in routine and high-risk operations有哪些要点？,"# Infections at work This guidance covers ill health caused by exposure to micro-organisms such as bacteria and viruses (commonly known as pathogens, bugs and germs) during work activities. * [Handling the deceased with suspected or confirmed COVID-19](../biosafety/handling-the-deceased.htm) * [Preventing infections at work](about.htm) * [HSE and Infection at Work](hseandinfection.htm) * [The law](law.htm) * [Are you exposed to micro-organisms at work?](microorganisms.htm) * [Infection at work - Legionnaires' disease](legionella.htm) * [Influenza](../biosafety/diseases/influenza.htm) * [Pandemic Flu - Workplace Guidance](../biosafety/diseases/pandflu.htm) * [Biological/chemical threats by post](../biosafety/diseases/anthrax.htm) * [Zoonoses](../biosafety/diseases/zoonoses.htm) * [Controlling the risk of exposure to Bovine Spongiform Encephalopathy (BSE)](../biosafety/diseases/bovine.htm) Subscribe for free health and safety news and updates on this industry.",,,,,,,基于公开网页资料自动抽取，导入知识库前请人工复核。提取通道=direct；quality_score=0.3024。,HSE Biosafety Infection | https://www.hse.gov.uk/biosafety/infection.htm,网页,HSE Biosafety Infection,HSE UK,,,https://www.hse.gov.uk/biosafety/infection.htm,2026-04-27,,draft,hse;infection risk;biosafety,en
WEB82-027-001,HSE COSHH,标准,国家规范,chemical,4,化学;危化品,How should laboratories apply COSHH principles to assess and control chemical exposure,How should laboratories apply COSHH principles to assess and control chemical exposure有哪些要点？,"# Control of Substances Hazardous to Health (COSHH) * ### [COSHH basics](basics/index.htm) Types of harmful substances and how to prevent or reduce workersâ exposure to them * ### [How to carry out a COSHH risk assessment](basics/assessment.htm) Identify, assess and control the risks from hazardous substances in your workplace * ### [COSHH essentials](essentials/index.htm) Control guidance sheets on hazardous processes and tasks in your industry * ### [COSHH and your industry ](industry/index.htm) Find out how COSHH affects you in your industry * ### [What the law says](law.htm) Regulations require employers to plan, manage and monitor the substances hazardous to health * ### [Frequently asked questions](faq.htm) Assessment, safety data sheets, keeping records, working with hazardous substances * ### [Case studies](casestudies/index.htm) Includes soldering, safety representatives, isocyanates and welders * ### [Resources](resources.htm) Links to publications and research reports Subscribe for free health and safety news and updates on this topic.",,,,,,,基于公开网页资料自动抽取，导入知识库前请人工复核。提取通道=direct；quality_score=0.3078。,HSE COSHH | https://www.hse.gov.uk/coshh/,网页,HSE COSHH,HSE UK,,,https://www.hse.gov.uk/coshh/,2026-04-27,,draft,hse;coshh;chemical control,en
WEB82-028-001,CCOHS Chemical Hazards,化学,安全规范,chemical,3,化学;hazard_communication,What baseline controls are recommended for chemical hazards in workplace laboratories,What baseline controls are recommended for chemical hazards in workplace laboratories有哪些要点？,"# Chemicals Access chemical information with substance. Find resources on chemical hazards, product safety, WHMIS, (M)SDSs, transport of hazardous materials, toxicity, and safe work practices. ### Chemicals Every workplace has chemicals - ranging from cleaning products to full scale chemical production. If chemicals are... [More about](/topics/hazards/chemical/chemicals) > ### Effects on the body In order for a chemical to become hazardous to a person's health, it must first contact or enter the body and the... [More about](/topics/hazards/chemical/effects) > ### WHMIS/GHS/SDS WHMIS is a comprehensive system for providing information on the safe use of hazardous products in Canadian... [More about](/topics/hazards/chemical/whmis) >",,,,,,,基于公开网页资料自动抽取，导入知识库前请人工复核。提取通道=direct；quality_score=0.2627。,CCOHS Chemical Hazards | https://www.ccohs.ca/topics/hazards/chemical,网页,CCOHS Chemical Hazards,CCOHS,,,https://www.ccohs.ca/topics/hazards/chemical,2026-04-27,,draft,ccohs;chemical hazards;guidance,en
WEB82-029-001,CCOHS WHMIS,标准,国家规范,chemical,4,化学;hazard_communication,How should laboratories implement WHMIS requirements for labels SDS and worker training,How should laboratories implement WHMIS requirements for labels SDS and worker training有哪些要点？,"# WHMIS/GHS/SDS WHMIS is a comprehensive system for providing information on the safe use of hazardous products in Canadian workplaces, via product labels, SDSs ((material) safety data sheets), and worker education and training programs. WHMIS has changed to incorporate the Globally Harmonized System of Classification and Labelling of Chemicals (or GHS) for workplace chemicals. Choose from the following available resources Health and Safety Fact Sheets (OSH Answers) Health and Safety Fact Sheets (OSH Answers) --- [Globally Harmonized System (GHS)](/oshanswers/chemicals/ghs.html) [WHMIS - Confidential Business Information (CBI)](/oshanswers/chemicals/whmis_ghs/cbi.html) [WHMIS - Education and Training ](/oshanswers/chemicals/whmis_ghs/education_training.html) [WHMIS - General ](/oshanswers/chemicals/whmis_ghs/general.html) [WHMIS - Glossary](/oshanswers/chemicals/whmis_ghs/glossary/) [WHMIS - Hazard Classes and Categories ](/oshanswers/chemicals/whmis_ghs/hazard_classes.html) [WHMIS - HCS 2012 Variances](/oshanswers/chemicals/whmis_ghs/variances.html) [WHMIS - Labels ](/oshanswers/chemicals/whmis_ghs/labels.html) [WHMIS - Laboratories](/oshanswers/chemicals/whmis_ghs/laboratories.html) [WHMIS - Pictograms ](/oshanswers/chemicals/whmis_ghs/pictograms.html) [WHMIS - Safety Data Sheet (SDS) ](/oshanswers/chemicals/whmis_ghs/sds.html) I want to... [See what's new](/oshanswers/whats_new.html) [Learn more about OSH Answers](/oshanswers/about.html) [ VIEW ALL FACT SHEETS ](/oshanswers/) Legislation Services Legislation Services For more information or to purchase access, click on the title Starting From | Starting From ---|--- [Canadian enviroOSH Legislation](/products/legislation/legislationreg.html)| **$625.00** [Canadian enviroOSH Legislation plus Standards](/products/legislation/legislation.html)| **$950.00** I want to... [Learn more about Legislation](/products/faqs.html#legislation) [ VIEW ALL LEGISLATION ](/products/legislation/listing.html) Databases Databases For more information or to purchase access, click on the title Starting From | Starting From ---|--- [Canadian enviroOSH Legislation](/products/legislation/legislationreg.html)| **$625.00** [Canadian enviroOSH Legislation plus Standards](/products/legislation/legislation.html)| **$950.00** [CHEMINFO](/products/cheminfo/)| **$300.00** [CHEMpendium™](/products/chempendium/)| **$350.00** [RTECS® (Registry of Toxic Effects of Chemical Substances)](/products/rtecs/)| **$350.00** [SDS Database (English Language)](/products/sds/)| **$350.00** [SDS Database (French Language)](/products/fds/)| **$350.00** I want to... [Learn more about databases](/products/faqs.html#databases) [Request a demo](/products/ordering/request_demo.html) [ VIEW ALL DATABASES ](/products/databases/) Apps and Software Apps and Software For more information or to purchase access, click on the title Price | Price ---|--- [CANManage](/products/msds/msdsservice.html)| [Contact us](/ccohs/contacting.html) I want to... [ VIEW ALL APPS AND SOFTWARE ](/products/apps_and_software/) Management Services Management Services For more information or to purchase access, click on the title Price | Price ---|--- [CANManage](/products/msds/msdsservice.html)| [Contact us](ccohs/contacting.html) [CANManage Basic](/products/canmanage/)| [Contact us](ccohs/contacting.html) I want to... [ VIEW ALL MANAGEMENT SERVICES ](/products/msds/msdsservice.html) Additional Resources Courses/e-Learning For more information or to purchase access, click on the title Single Seat | Single Seat ---|--- [WHMIS for Managers and Supervisors](/products/courses/whmis_for_managers/)| **$19.95** [WHMIS for Workers](/products/courses/whmis_workers/)| **$19.95** I want to... [Learn more about eCourses](/products/faqs.html#elearning) [ VIEW ALL ECOURSES ](/products/courses/course_listing.html) * * * Publications For more information or to purchase access, click on the title Single Publication | Single Publication ---|--- [Health and Safety Foundations ](/products/publications/health-safety-foundations/)| **$35.00** [WHMIS Instructor's Toolkit ](/products/publications/trainingtools/whmisinstructor/)| **$250.00** [WHMIS Participant Workbook ](/products/publications/trainingtools/WHMISParticipant/)| **$30.00** [WHMIS Safety Data Sheet (SDS) Template ](/products/publications/sds_template/) FREE!| — I want to... [Learn more about publications](/products/faqs.html#publication) [Request sample pages](/ccohs/contacting.html) [ VIEW ALL PUBLICATIONS ](/products/print/) * * * Training Tools For more information or to purchase access, click on the title Price | Price ---|--- [WHMIS Instructor's Toolkit](/products/publications/trainingtools/whmisinstructor/)| **$250.00** [WHMIS Participant Workbook](/products/publications/trainingtools/WHMISParticipant/)| **$30.00** I want to... [ VIEW ALL TRAINING TOOLS ](/products/publications/teaching_tools/) * * * Posters For more information or to purchase access, click on the title Single Poster | Single Poster ---|--- [WHMIS Labels](/products/posters/WHMIS-labels/) *Updated!*| **$25.00** [WHMIS Pictograms](/products/posters/WHMIS-pictograms/) *Updated!*| **$25.00** [Working Safely with Chemicals Infographic](/products/posters/chem-safety/)| — I want to... [ VIEW ALL POSTERS ](/products/posters/) * * * Podcasts For more information or to purchase access, click on the title | ---|--- [Chemical Hazard Assessment and Prioritization](https://traffic.libsyn.com/secure/ccohs/Episode189_ChemicalHazardAssessmentTenkateFinal.mp3)| — I want to... [Subscribe on iTunes](https://itunes.apple.com/us/podcast/health-safety-to-go/id323232701) [ VIEW ALL PODCASTS ](/products/podcasts/)",,,,,,,基于公开网页资料自动抽取，导入知识库前请人工复核。提取通道=direct；quality_score=0.6747。,CCOHS WHMIS | https://www.ccohs.ca/topics/hazards/chemical/whmis,网页,CCOHS WHMIS,CCOHS,,,https://www.ccohs.ca/topics/hazards/chemical/whmis,2026-04-27,,draft,ccohs;whmis;labels,en
WEB82-030-001,CCOHS Chemical Effects,化学,安全规范,chemical,3,化学;toxicology,How should chemical health effects information be used in laboratory risk assessment and controls,How should chemical health effects information be used in laboratory risk assessment and controls有哪些要点？,"# Effects on the body In order for a chemical to become hazardous to a person's health, it must first contact or enter the body and the chemical must have some biological effect on the body. Once chemicals are in the body, they are distributed by the blood stream and can attack and harm organs which are far away from the original point of entry as well as where they entered the body. Choose from the following available resources Health and Safety Fact Sheets (OSH Answers) Health and Safety Fact Sheets (OSH Answers) --- [How Do Particulates Enter the Respiratory System?](/oshanswers/chemicals/how_do.html) [How Workplace Chemicals Enter the Body](/oshanswers/chemicals/how_chem.html) [Synergism and related terms](/oshanswers/chemicals/synergism.html) [What are the Effects of Dust on the Lungs?](/oshanswers/chemicals/lungs_dust.html) [What is a LD50 and LC50?](/oshanswers/chemicals/ld50.html) [What Makes Chemicals Poisonous](/oshanswers/chemicals/poisonou.html) I want to... [See what's new](/oshanswers/whats_new.html) [Learn more about OSH Answers](/oshanswers/about.html) [ VIEW ALL FACT SHEETS ](/oshanswers/) Databases Databases For more information or to purchase access, click on the title Starting From | Starting From ---|--- [CHEMINFO](/products/cheminfo/)| **$300.00** [OSH References](/products/oshreferences/)| **$650.00** [RTECS® (Registry of Toxic Effects of Chemical Substances)](/products/rtecs/)| **$350.00** I want to... [Learn more about databases](/products/faqs.html#databases) [Request a demo](/products/ordering/request_demo.html) [ VIEW ALL DATABASES ](/products/databases/) Courses/e-Learning Courses/e-Learning For more information or to purchase access, click on the title Single Seat | Single Seat ---|--- [Occupational and Environmental Cancer: Recognition and Prevention](/products/courses/prevent_cancer/) FREE!| — I want to... [Learn more about eCourses](/products/faqs.html#elearning) [ VIEW ALL ECOURSES ](/products/courses/course_listing.html) Posters Posters For more information or to purchase access, click on the title Single Poster | Single Poster ---|--- [How Chemicals Enter the Body](/products/posters/chemicals/) *Updated!*| **$25.00** [Working Safely with Chemicals Infographic](/products/posters/chem-safety/)| — I want to... [ VIEW ALL POSTERS ](/products/posters/) Podcasts Podcasts For more information or to purchase access, click on the title | ---|--- [Contact Dermatitis](https://traffic.libsyn.com/ccohs/episode_108_English_Contact_Dermatitis_final.mp3)| — [Effective Workplace Inspections - More Than Meets the Eye](https://traffic.libsyn.com/ccohs/Episode82_Workplace_Inspections_ENG.mp3)| — I want to... [Subscribe on iTunes](https://itunes.apple.com/us/podcast/health-safety-to-go/id323232701) [ VIEW ALL PODCASTS ](/products/podcasts/)",,,,,,,基于公开网页资料自动抽取，导入知识库前请人工复核。提取通道=direct；quality_score=0.5942。,CCOHS Chemical Effects | https://www.ccohs.ca/topics/hazards/chemical/effects,网页,CCOHS Chemical Effects,CCOHS,,,https://www.ccohs.ca/topics/hazards/chemical/effects,2026-04-27,,draft,ccohs;chemical effects;health impact,en
WEBX-047-001,Biological Safety Cabinets,生物,设备安全,生物,5,生物;生物危废;certification,How should biological safety cabinets be used certified and decontaminated,How should biological safety cabinets be used certified and decontaminated有哪些要点？,"Biological safety cabinets (BSCs) are used to protect personnel, products and the environment from exposure to biohazards and cross contamination during routine procedures. ## Selecting a biological safety cabinet When purchasing a biological safety cabinet, you should consider the type of work that will be conducted in it. Table 1 describes the principal characteristics of all classes and types of BSCs. BSC CLASS/TYPE | PRODUCT PROTECTION | MINIMUM FACE VELOCITY (FPM) | VOLATILE TOXIC CHEMICALS, GASES OR RADIONUCLIDES ALLOWED? ---|---|---|--- I | No | 75 | No II / A1* | Yes | 75 | No II / A2 | Yes | 100 | No, unless thimble connected to the HVAC system, then low levels of volatile toxic chemicals allowed II / B1 | Yes | 100 | Yes: low levels of volatile toxic chemicals & trace radionuclides II / B2 | Yes | 100 | Yes: volatile toxic chemicals & radionuclides III | Yes | N / A | Yes _Table 1: Characteristics of different classes and types of BSCs_ _*These cabinets are obsolete; no parts are available to repair the cabinet._ For more information, please read the [Chemical Use in Biological Safety Cabinets Focus Sheet](/system/files/resources/ChemicalUseinBSC-final.pdf). ## Classes of biological safety cabinets When choosing a biological safety cabinet for your work space, Environmental Health & Safety (EH&S) can help you select the class of cabinet that will provide the best protection. There are three classes of BSCs: Class I, II and III. While all three classes afford personnel and environmental protection, only Class II and III cabinets provide product protection. * **Class I BSCs** are suitable for work involving low to moderate-risk agents. Since incoming air is not filtered, Class I BSCs should not be used with research materials (e.g., cell lines) that must be handled under sterile conditions. Class I cabinets are used to enclose equipment (e.g., centrifuges, harvesting equipment or small fermenters) or procedures with potential to generate aerosols (e.g., cage dumping, tissue homogenization or culture aeration). Because outgoing air is filtered, research personnel are protected while using a Class I BSC. * **Class II BSCs** provide a partial barrier for the safe manipulation of low, moderate and high-risk microorganisms. Class II cabinets, which are the most frequently used in research and clinical laboratories, are divided into four types (Types A1, A2, B1 and B2). * The **Class III BSC** is a totally enclosed, gas-tight ventilated cabinet, and provides the highest level of personnel, environmental and product protection. Operations within a Class III BSC are conducted through attached rubber gloves. ## What you need to know Contact EH&S if you plan to purchase or relocate a biological safety cabinet, or bring a unit to the UW from another university. EH&S can help you select the appropriate cabinet for your research, evaluate the space you are considering, and determine if necessary ventilation and utilities are available. Review the [Steps to Purchase, Replace, Relocate or Remove a Biosafety Cabinet](/system/files/resources/BSC-purchase-replace-remove.pdf) for more information. Your cabinet needs to be tested and recertified annually by a qualified EH&S safety professional. If EH&S has your cabinet in its inventory, we will contact you about a week in advance of our service. If your cabinet sounds an alarm or does not appear to be functioning as intended, stop your work and contact EH&S for assistance. ## Services available EH&S provides the following services: * Performs certification service for biological safety cabinets to verify and assure proper performance; BSCs are tested to manufacturer's specifications and to National Sanitation Foundation Standard 49. * Maintains design standards for new construction and provides consultation on cabinet selection, performance, decontamination, relocation and design. * NSF required Gaseous Formaldehyde decontamination of the cabinet prior to service, relocation or surplus. ## Frequently asked questions ### How do I contact the BSC safety professional for my building? Refer to the [list of safety professionals](/system/files/resources/BSCStaff_Contacts-final.pdf) according to your location. ### My BSC is due for annual certification. What should I expect? The technician assigned to your area will contact you to schedule the certification. You will need to clear out the cabinet, provide the technician with a budget number for the service and notify other users that the certification is occurring. When the technician arrives, they will bring a cart with testing equipment into the area where the BSC is located. There is no predetermined length of time it takes to perform the certification; the duration of time varies according to the cabinet type, size and number of adjustments. You can contact the technician with any questions about timing and logistics. The technician will perform the following certification tests: * Supply airflow (downflow) calibration * Exhaust airflow (inflow) calibration * Supply and exhaust HEPA filter integrity * Visual smoke patterns * Site installation assessment After the certification is complete, the technician will inform the lab and share any findings related to the certification, including optimizing the cabinet design and performance. A certification report will be sent by email to the laboratory contact. This report will also serve as the billing document. ### What will it cost to certify my cabinet? (updated 10/2/25) EH&S regularly reviews the fees for services we provide to users of biological safety cabinets (BSCs) to ensure our fees match the expenses we incur for these services. The table below shows rates for BSC services provided by EH&S that are in effect from July 1, 2025 through June 30, 2026. **SERVICE**| **FY25 FEE**| **NEW FY 26 FEE** ---|---|--- BSC Certification Test| $449.00| $423.00 BSC Airflows Only| $196.00| $180.00 BSC Filter Test Only| $196.00| $180.00 BSC Decontamination for Relocation| $588.00| $540.00 BSC Decontamination for Motor Change| $588.00| $540.00 BSC Decontamination for Filter Change| $588.00| $540.00 BSC Decontamination (Unspecified)| $588.00| $540.00 BSC Filter Fail Change and Retest| $0.00| $0.00 BIBO (bag-in/bag-out) Decontamination-Certek, Filter Scan| $784.00| $720.00 BIBO Decontamination-No Certek, Filter Scan| $294.00| $270.00 BIBO Filter Change, Filter Scan| $0.00| $0.00 Other Service - per Hour| $98.00| $90.00 ### My BSC’s filters have failed certification or need replacement for another reason. What should I do? Biosafety cabinets generally have two HEPA filters: The Supply filter, which filters the flow of air onto the work surface for product protection; and the Exhaust filter, which filters the air that leaves the BSC for environmental and personnel protection. There are 3 basic parts of the process to get new filters. **1\. Order the correct filters.** * The technician responsible for your cabinet will provide the specifications needed to order your filters and from whom to order; either the cabinet manufacturer, or a third party vendor. * Information provided includes the model and serial number of the cabinet. This insures the correct filter is sent from the factory/vendor. * Payment and delivery of the filters are the responsibility of the lab and the filter supplier. It is best to keep the BSC technician informed of process for scheduling purposes. **2\. Arrange a time for the decontamination of the BSC.** * Once a delivery date has been provided to you by the filter supplier, make contact with the technician responsible for your cabinet to arrange for decontamination, filter change and re-certification of your BSC. This ensures lab personnel are informed of the procedure as the paraformaldehyde decontamination phase typically restricts access to the lab. * The BSC cannot be used during this process. **3\. Filter change and re-certification of the BSC.** * Cabinets require extensive disassembly to access the filters, so the area where the cabinet is located should be reserved for EH&S during this time. * The old filters are removed and disposed of, and new filters are installed. The cabinet will be certified at this point. Most filter replacement procedures require about 24 hours over three days: Afternoon on the first day, all day on the second day, and filter change/re-certification on the morning of the third day. ### My BSC requires paraformaldehyde decontamination. What should I expect? EH&S requires paraformaldehyde decontamination when a BSC needs service, such as: * BSC is scheduled to have filters replaced * Motor or electrical component service that requires access to contaminated locations * BSC will be moved to a different location * At the request of the lab In the event of filter or component failure, the technician will contact you to schedule the decontamination. If you would like to request decontamination of your BSC in order to have it moved or another reason, please contact the Lab Safety Team at [labcheck@uw.edu](mailto:labcheck@uw.edu). Provide your technician a budget number for the service and notify other users with the scheduling details for the decontamination. Prior to your scheduled decontamination, you will need to clear out the cabinet, including under the worksurface and perform your routine surface decontamination. Clear the area around and under you BSC of chairs, waste containers, vacuum pumps or any other items that may impede technician access to the cabinet. The decontamination process occurs over approximately 24 hours; access to the area where the BSC is located may be restricted during this process. EH&S will post signage indicating restricted access as appropriate, including the duration of time access to the area is restricted. The technician will perform the following decontamination steps: * Power to the BSC will be shut off. * The BSC will be enclosed with durable plastic sheeting and duct tape. * A cart (approximately 20 by 30 inches) with the decontamination equipment will be located as close as possible to the BSC. * The equipment will be powered on and the process will be timed to ensure complete decontamination and neutralization of the agents used for decontamination. * After the decontamination has ended, the technician will return and vent the BSC, either by using the canopy, if available, or a nearby source of ventilation, such as room air exhaust or a fume hood. When the decontamination and venting of the BSC is complete, the technician will inform the lab and provide documentation (affixed to the BSC) confirming the decontamination has been performed. ### I want to purchase or relocate a biological safety cabinet. How do I get started? Review products available from the companies listed in the [approved BSCs](/system/files/resources/bsc-approved.pdf) list and complete the online [Biological Safety Cabinet Purchase-Move Request form.](/node/73) For additional information, please read the [Steps to Purchase, Replace, Relocate or Remove a Biosafety Cabinet](/system/files/resources/BSC-purchase-replace-remove.pdf). ### What are the design standards for biological safety cabinets? Design standards are available on the [UW Facilities Design Standard](https://facilities.uw.edu/planning/design-standard) website. ### My biosafety cabinet is obsolete. How can I replace it? For information on replacing obsolete biosafety cabinets, please refer to the following resources: * [EH&S Alert: Replace Obsolete Biosafety Cabinets](/system/files/resources/EHS-Alert-Obsolete-BSCs.pdf) * [Steps to Purchase, Replace, Relocate and Remove a Biosafety Cabinet](/system/files/resources/BSC-purchase-replace-remove.pdf) ### Should my BSC have an ultraviolet light? EH&S does not prohibit UV light and you may choose to include a UV light when ordering a BSC. However, it is our opinion that is not necessary nor recommended in biosafety cabinets. The EH&S annual certification of the cabinet does _not_ include a verification of the efficacy of the UV light. For more information, read ""Position Paper on the Use of Ultraviolet Lights in Biological Safety Cabinets"" (Burgener, July, 2006, Applied Biosafety, 11(4) pp. 228-230. ### Can I use my biosafety cabinet during ventilation shutdowns? Laboratories can experience ventilation shutdowns. These shutdowns can be the result of planned maintenance work as well as unplanned events such as equipment failure or power outages. Do not use biological safety cabinets (BSCs) with canopies when the ventilation system serving a room is not functioning. This applies to both supply air as well as exhaust air. Inadequate ventilation associated directly with your equipment or indirectly with your room can compromise personal protection. The product protection provided by a BSC can also be compromised. If you have concerns regarding your biological safety cabinet during a shutdown or need help troubleshooting issues with your equipment, contact Environmental Health & Safety at 206.543.9510. ## More Information ### Trainings * [Biosafety cabinet (BSC) safety](/training/biosafety-cabinet-bsc-safety) * [Biosafety training](/training/biosafety-training-online) ## Emergency Response and Reporting UW personnel are required to submit an [**incident report**](https://oars.ehs.washington.edu/) to Environmental Health & Safety for any work-related event that results in an injury, illness, exposure to hazardous materials, property damage, or fire, regardless of the work location. UW personnel are highly encouraged to submit work-related near-miss events. Visit the [**Incident Reporting page**](/workplace/incident-reporting) for more information. **Notify EH &S immediately **(after first aid/medical care/emergency services)**** if the incident involves recombinant or synthetic nucleic acids or genetically modified organisms. * During EH&S business hours: (8:00 a.m. to 5:00 p.m., Monday to Friday) call (206) 221-7770. * Outside of EH&S business hours: call the UW Police Department at (206) 685-8973 to reach EH&S on-call staff.",,,,,,,基于公开网页资料自动抽取，导入知识库前请人工复核。提取通道=direct；quality_score=0.7507。,Biological Safety Cabinets | https://www.ehs.washington.edu/biological/biological-safety-cabinets,网页,Biological Safety Cabinets,University of Washington EH&S,,,https://www.ehs.washington.edu/biological/biological-safety-cabinets,2026-04-27,,draft,biological safety cabinet;certification;primary containment;decontamination,en
WEBX-048-001,Biological Safety Cabinets,生物,设备安全,生物,5,生物;生物危废;workflow,What work practices maintain protection when using a biological safety cabinet,What work practices maintain protection when using a biological safety cabinet有哪些要点？,"# Department of Environmental Health & Safety [About Us](/node/3161) [Training](/node/186) [Report a Safety Concern](https://umn.qualtrics.com/jfe/form/SV_9KuNVKOvGvPs5tr) [Emergencies and Chemical Spills](/waste/emergencies-and-chemical-spills) ### Environmental Compliance Stormwater Management, Wastewater Discharges, Groundwater, Air Quality, Chemical Security [Environmental Compliance](/environmental-compliance) ### Industrial Hygiene Respiratory Protection, Indoor Air Quality, Occupational Noise, Exposure Monitor, Ergonomics [Industrial Hygiene](/department-environmental-health-safety/industrial-hygiene) ### Lab & Research Safety Laboratory- and Research-related safety guidance and resources [Lab & Research Safety](/node/1176) ### Regulated Waste Managing Chemical, Biological & Other Regulated Wastes, Chem Lab Procedures, Waste Disposal, HazMat Shipping [Regulated Waste](/regulated-waste) ### Workplace Safety General workplace and industrial safety guidance and resources [Workplace Safety](/occupational-health-and-workplace-safety/workplace-safety) ### Safety of Minors Safety information for events and programs for participants under the age of 18 [Safety of Minors](/safety-minors) ### Have a DEHS question? Call us at (612) 626-6002 [Email DEHS](/cdn-cgi/l/email-protection#cdb8a5be8db8a0a3e3a8a9b8)",,,,,,,基于公开网页资料自动抽取，导入知识库前请人工复核。提取通道=direct；quality_score=0.3531。,Biological Safety Cabinets | https://dehs.umn.edu/biological-safety-cabinets,网页,Biological Safety Cabinets,University of Minnesota DEHS,,,https://dehs.umn.edu/biological-safety-cabinets,2026-04-27,,draft,biological safety cabinet;airflow;work practices;decontamination,en
WEBX-049-001,Laser Safety Program,辐射,辐射安全,通用,5,laser;辐射;eye_injury;火灾,What controls and training are required for laboratory laser safety,What controls and training are required for laboratory laser safety有哪些要点？,"[__Print](javascript:window.print\(\)) [](https://www.addtoany.com/add_to/email?linkurl=https%3A%2F%2Fehs.stanford.edu%2Ftopic%2Fradiation-safety&linkname=Radiation%20Safety ""Email"")[](https://www.addtoany.com/add_to/copy_link?linkurl=https%3A%2F%2Fehs.stanford.edu%2Ftopic%2Fradiation-safety&linkname=Radiation%20Safety ""Copy Link"")",,,,,,,基于公开网页资料自动抽取，导入知识库前请人工复核。提取通道=direct；quality_score=0.2137。,Laser Safety Program | https://ehs.stanford.edu/topic/radiation-safety/laser-safety,网页,Laser Safety Program,Stanford Environmental Health & Safety,,,https://ehs.stanford.edu/topic/radiation-safety/laser-safety,2026-04-27,,draft,laser safety;training;controls;non-ionizing radiation,en
